opis_id,lat,lon,source,confidence,osm_type_id,matched_label,miles_from_city_center,reason
7,36.561172,-95.217881,osm_exit,high,node/602949924,I-44 exit 283,1.75,I-44 exit 283: 2 node(s) within 0.5 mi; no fuel station with the name within 1.5 mi
9,44.018876,-90.502561,osm_fuel,high,way/1204194481,Kwik Trip (ref 796),2.14,name match 0.43 mi from I-94 exit 143 (node/271538942); OSM has the store number
20,32.930327,-112.673335,osm_fuel,high,node/12099611220,Pilot,3.48,name match 0.37 mi from I-8 exit 119 (node/414264818)
28,35.317535,-94.396402,osm_exit,high,node/118801904,I-540/US-71 exit 12,2.62,I-540 exit 12: 2 node(s) within 0.7 mi; no fuel station with the name within 1.5 mi
36,38.759793,-78.636564,osm_exit,high,node/219026120,I-81 exit 273,1.64,I-81 exit 273: 2 node(s) within 0.5 mi; no fuel station with the name within 1.5 mi
44,30.769978,-97.628096,osm_exit,medium,node/8399939330+node/9756186574,I-35 exit 271,2.89,"I-35 exit 271: 2 node(s) within 4.9 mi, midpoint of 2 exit nodes 4.9 mi apart; no fuel station with the name within 1.5 mi"
46,32.405843,-85.955894,osm_fuel,high,node/12323045415,Petro,1.06,name match 0.22 mi from I-85 exit 22 (node/57025097)
49,38.954697,-85.843328,osm_exit,medium,node/180028542,I-65 exit 50A,2.52,"I-65 exit 50: 4 node(s) within 0.5 mi, exit letter differs; no fuel station with the name within 1.5 mi"
56,46.836231,-100.293713,osm_exit,high,node/74975029,I-94/US-83 exit 182,1.55,I-94 exit 182: 2 node(s) within 0.5 mi; no fuel station with the name within 1.5 mi
81,27.528432,-82.512016,osm_fuel,high,way/236421275,ONE9,0.91,name match 0.27 mi from I-75 exit 224 (node/98716578)
85,39.765303,-105.608932,osm_exit,high,node/1410414491,I-70 exit 234,0.46,I-70 exit 234: 2 node(s) within 0.6 mi; no fuel station with the name within 1.5 mi
105,43.351980,-83.868885,osm_fuel,high,node/8019952861,Travel Centers of America,1.46,name match 0.23 mi from I-75 exit 144B (node/185877966)
118,35.355107,-109.054681,osm_exit,high,node/174453480,I-40 exit 359,0.11,I-40 exit 359: 2 node(s) within 0.5 mi; no fuel station with the name within 1.5 mi
121,32.804654,-111.663325,osm_exit,high,node/343156928,I-10 exit 200,5.95,I-10 exit 200: 2 node(s) within 0.9 mi; no fuel station with the name within 1.5 mi
128,39.125244,-88.567286,osm_exit,high,node/234330294,I-57/I-70 exit 159,0.94,I-57/I-70 exit 159: 2 node(s) within 0.6 mi; no fuel station with the name within 1.5 mi
135,41.410572,-90.017471,osm_fuel,high,way/1256838183,Love's,0.65,name match 0.15 mi from I-80 exit 27 (node/410545768)
147,40.113584,-85.572549,osm_fuel,high,node/6298353994,Speedway (ref 8039),0.94,name match 0.41 mi from I-69 exit 234 (node/1418333511); OSM has the store number
149,41.118891,-85.189991,osm_exit,medium,node/331112773,I-69/US-24/US-33 exit 309A (old exit 109A),3.25,"I-69 exit 309: 4 node(s) within 0.6 mi, exit letter differs; no fuel station with the name within 1.5 mi"
151,40.912175,-100.160615,osm_exit,high,node/133803348,I-80 exit 211,0.93,I-80 exit 211: 2 node(s) within 0.7 mi; no fuel station with the name within 1.5 mi
159,30.289931,-81.971184,osm_exit,medium,node/7516020725,I-10 exit 343 (old exit 50),18.75,I-10 exit 343: 2 node(s) within 1.1 mi; no fuel station with the name within 1.5 mi; 19 mi from the city
160,30.456208,-90.951770,osm_exit,high,node/415313697,I-12 exit 10,1.32,I-12 exit 10: 2 node(s) within 0.6 mi; no fuel station with the name within 1.5 mi
164,41.583035,-87.240073,osm_exit,high,node/509906012,I-80/I-94 exit 15B,0.79,I-94 exit 15B: 3 node(s) within 0.3 mi; no fuel station with the name within 1.5 mi
167,41.293952,-87.301230,osm_exit,high,node/488189836,I-65 exit 240,5.59,SR-2/I-65 exit 240: 2 node(s) within 0.7 mi; no fuel station with the name within 1.5 mi
184,41.235438,-95.879747,osm_fuel,high,node/2022526786,Sapp Bros.,1.40,name match 0.71 mi from I-29/I-80 exit 1B (node/160902953)
186,44.267382,-104.946506,osm_exit,high,node/498083248,I-90 exit 154,0.21,I-90 exit 154: 2 node(s) within 0.4 mi; no fuel station with the name within 1.5 mi
187,42.750530,-93.394274,osm_exit,high,node/159695000,I-35 exit 165,1.69,I-35 exit 165: 2 node(s) within 0.7 mi; no fuel station with the name within 1.5 mi
191,43.133250,-93.353114,osm_fuel,medium,node/2032767127,Kum & Go,1.04,name match 0.27 mi from I-35 exit 193 (node/392916793); nearest of 2 matching sites
192,41.493100,-94.313759,osm_exit,high,node/158880413,I-80/US-6 exit 93,0.56,I-80 exit 93: 2 node(s) within 0.5 mi; no fuel station with the name within 1.5 mi
195,35.155964,-90.139927,osm_exit,high,node/444938210,I-40 exit 280,3.38,I-40/I-55 exit 280: 2 node(s) within 0.4 mi; no fuel station with the name within 1.5 mi
198,40.501511,-103.261996,osm_fuel,high,node/5810725649,Sinclair,3.45,name match 0.32 mi from I-76 exit 115 (node/176100381)
199,38.878918,-97.613621,osm_fuel,high,way/219790191,Petro,4.55,name match 0.28 mi from I-70 exit 252 (node/492661531)
203,41.567305,-87.472995,osm_fuel,high,way/1309484266,Pilot,1.64,name match 0.49 mi from I-80 exit 2 (node/358143220)
216,30.451512,-88.841066,osm_fuel,high,node/561267455,Circle K,4.60,name match 0.22 mi from I-10 exit 50 (node/125345687)
217,38.875989,-97.617278,osm_exit,high,node/492661531,I-70/US-40 exit 252,4.35,I-70 exit 252: 2 node(s) within 0.5 mi; no fuel station with the name within 1.5 mi
231,37.375182,-84.325338,osm_exit,high,node/167926221,I-75 exit 62,1.32,I-75 exit 62: 2 node(s) within 0.6 mi; no fuel station with the name within 1.5 mi
235,29.265810,-82.188874,osm_fuel,high,way/224604318,Pilot,6.51,name match 0.25 mi from I-75 exit 358 (node/447888634)
240,30.440145,-91.206193,osm_exit,high,node/124407995,I-10 exit 153,0.26,I-10 exit 153: 2 node(s) within 0.5 mi; no fuel station with the name within 1.5 mi
244,30.247831,-92.190310,osm_exit,high,node/114672342,I-10 exit 92,0.66,I-10 exit 92: 2 node(s) within 0.3 mi; no fuel station with the name within 1.5 mi
248,29.982675,-90.057328,osm_fuel,high,way/353891634,Mardi Gras Truck Stop,2.21,name match 0.62 mi from I-10 exit 236 (node/115920911)
250,38.897321,-99.315105,osm_exit,high,node/120013196,I-70/US-40 exit 159,1.11,I-70/US-40 exit 159: 2 node(s) within 0.3 mi; no fuel station with the name within 1.5 mi
253,35.152660,-90.143675,osm_exit,high,node/630370396,I-55/US-78 exit 4,3.15,I-55 exit 4: 4 node(s) within 0.7 mi; no fuel station with the name within 1.5 mi
256,39.690235,-79.109903,osm_exit,high,node/619614997,I-68/US-219/US-40 exit 22,2.33,I-68/US-40 exit 22: 2 node(s) within 0.9 mi; no fuel station with the name within 1.5 mi
257,47.475348,-111.356583,osm_exit,high,node/314363329,I-15 exit 277,3.24,I-15 exit 277: 2 node(s) within 0.5 mi; no fuel station with the name within 1.5 mi
263,41.931567,-86.569861,osm_fuel,high,node/10937980105,Casey's,0.29,name match 0.20 mi from I-94 exit 16 (node/27595249)
269,41.924805,-83.366172,osm_fuel,high,node/8423790401,Pilot,1.09,name match 0.31 mi from I-75 exit 15 (node/185312396)
281,39.296138,-85.957857,osm_fuel,high,relation/18417848,Circle K (ref 65),0.41,name match 0.56 mi from I-65 exit 76 (node/501513735)
304,42.090560,-72.582059,osm_exit,medium,node/70009709,I-91 exit 4,2.76,I-91 exit 4: 2 node(s) within 0.2 mi; MA renumbered its exits; no fuel station with the name within 1.5 mi
309,39.090124,-94.679053,osm_fuel,high,way/1018924979,QuikTrip,4.04,name match 0.08 mi from I-635 exit 3 (node/5285380747)
323,41.115040,-101.721752,osm_exit,high,node/134863355,I-80 exit 126,1.01,I-80 exit 126: 2 node(s) within 0.6 mi; no fuel station with the name within 1.5 mi
326,41.423973,-112.051680,osm_fuel,high,way/160558018,Flying J Truck Lanes (brand Flying J),1.51,name match 0.30 mi from I-15 exit 357 (node/433562611)
341,30.065814,-81.496052,osm_fuel,high,node/12323229952,"TA Travel Center (brand TA, operator Ta Travel Center)",3.28,name match 0.41 mi from I-95 exit 329 (node/100132161)
358,42.111842,-75.861783,osm_exit,medium,node/116239837+node/5627916598,I-81/I-86/SR-17 exit 11 (old exit 3),2.55,"I-81S exit 3: 5 node(s) within 3.9 mi, midpoint of 2 exit nodes 2.4 mi apart, matched on the old exit number (old_ref); no fuel station with the name within 1.5 mi"
361,30.367400,-81.760886,osm_exit,high,node/96564613,I-295 exit 25 (old exit 10),6.28,I-295 exit 25: 2 node(s) within 0.6 mi; no fuel station with the name within 1.5 mi
368,43.172516,-73.711336,osm_exit,high,node/41853880,I-87 exit 16,3.42,I-87 exit 16: 2 node(s) within 0.4 mi; no fuel station with the name within 1.5 mi
372,41.571503,-87.439458,osm_exit,high,node/27667060,I-80/I-94/US-6 exit 5,4.34,I-94 exit 5: 2 node(s) within 1.1 mi; no fuel station with the name within 1.5 mi
387,32.667474,-114.443762,osm_fuel,high,way/274176033,Circle K,11.24,name match 0.35 mi from I-8 exit 12 (node/175757764)
388,40.265443,-82.924023,osm_fuel,high,way/608260434,Pilot,3.24,name match 0.27 mi from I-71 exit 131 (node/334143332)
391,41.030306,-81.891454,osm_exit,medium,node/198626805,I-71 exit 209A-B,1.43,"I-71 exit 209: 2 node(s) within 0.9 mi, exit letter differs; no fuel station with the name within 1.5 mi"
403,39.942336,-82.531541,osm_exit,high,node/198403453,I-70 exit 126,2.86,I-70 exit 126: 2 node(s) within 0.5 mi; no fuel station with the name within 1.5 mi
407,41.523452,-83.457009,osm_exit,high,node/200626991,I-80/I-90 exit 71,9.74,I-80/I-280 exit 71: 2 node(s) within 0.0 mi; no fuel station with the name within 1.5 mi
424,35.394670,-97.269628,osm_exit,high,node/6804428761,I-40/SR-3/US-270 exit 166,6.24,I-40 exit 166: 1 node(s) within 0.0 mi; no fuel station with the name within 1.5 mi
425,32.488362,-82.939636,osm_exit,high,node/70825813,I-16 exit 51,3.32,I-16 exit 51: 2 node(s) within 0.5 mi; no fuel station with the name within 1.5 mi
455,37.932737,-77.467791,osm_exit,high,node/396542,I-95 exit 104,0.71,I-95 exit 104: 2 node(s) within 0.5 mi; no fuel station with the name within 1.5 mi
458,40.403263,-95.553038,osm_exit,high,node/188615662,I-29 exit 110,1.17,I-29 exit 110: 2 node(s) within 0.7 mi; no fuel station with the name within 1.5 mi
460,33.873457,-81.383300,osm_exit,high,node/113419594,I-20 exit 44,3.53,I-20 exit 44: 2 node(s) within 0.4 mi; no fuel station with the name within 1.5 mi
461,33.556949,-80.822349,osm_exit,high,node/113772852,I-26 exit 145,5.07,I-26 exit 145: 2 node(s) within 0.3 mi; no fuel station with the name within 1.5 mi
474,32.425472,-88.447793,osm_fuel,high,way/462169577,Kewanee 1 Stop,3.47,name match 0.27 mi from I-20 exit 169 (node/125576666)
478,48.969357,-97.255202,osm_fuel,high,node/11408719600,gastrak,0.41,name match 0.22 mi from I-29 exit 215 (node/77308136)
486,27.566631,-99.504356,osm_fuel,high,way/481904195,La Noria,1.03,name match 0.10 mi from I-35 exit 4 (node/229364585)
491,36.110825,-84.020401,osm_fuel,high,node/4438092874,ONE9,2.74,name match 0.22 mi from I-75 exit 117 (node/1843340796)
496,35.903926,-84.141098,osm_fuel,high,node/2683531584,Pilot,11.68,name match 0.28 mi from I-40/I-75 exit 374 (node/472254459)
509,31.040094,-104.819580,osm_fuel,high,way/995061215,Love's,0.86,name match 0.19 mi from I-10 exit 140B (node/299419847)
522,40.031889,-81.452432,osm_exit,high,node/428747038,I-70 exit 186,3.39,I-70/SR-285 exit 186: 2 node(s) within 0.5 mi; no fuel station with the name within 1.5 mi
523,34.262885,-83.816288,osm_fuel,medium,way/397984032,Circle K,2.02,name match 0.28 mi from I-985 exit 20 (node/69895694); nearest of 2 matching sites
557,41.366844,-89.152476,osm_fuel,high,node/9457890656,Sapp Bros Travel Center (brand Sapp Bros.),0.92,name match 0.27 mi from I-80 exit 73 (node/273150761)
559,34.883888,-92.382516,osm_fuel,high,node/6965335771,Shell,2.39,name match 0.29 mi from I-40 exit 142 (node/118469965)
566,41.569967,-87.397721,osm_exit,high,node/761880817,I-80/I-94/US-6 exit 6,2.98,I-80/I-94 exit 6: 2 node(s) within 0.7 mi; no fuel station with the name within 1.5 mi
567,32.774490,-111.614707,osm_exit,high,node/343159765,I-10 exit 203,2.59,I-10/I-8 exit 203: 2 node(s) within 0.8 mi; no fuel station with the name within 1.5 mi
572,41.118924,-85.184691,osm_fuel,high,way/229619322,Pilot,3.04,name match 0.24 mi from I-69 exit 309A (node/331112773)
576,30.233177,-92.466516,osm_exit,high,node/114668551,I-10 exit 76,2.82,I-10 exit 76: 2 node(s) within 0.3 mi; no fuel station with the name within 1.5 mi
578,45.543887,-122.392369,osm_fuel,high,way/225048018,Love's,0.32,name match 0.29 mi from I-84 exit 17 (node/40661676)
579,41.609084,-109.231101,osm_fuel,high,node/12167548978,Flying J,1.12,name match 0.15 mi from I-80 exit 104 (node/158162343)
586,46.221489,-119.782719,osm_exit,high,node/313516687,I-82/US-12 exit 80,1.12,I-82 exit 80: 2 node(s) within 0.8 mi; no fuel station with the name within 1.5 mi
588,33.176942,-87.446268,osm_fuel,high,node/12305191074,TA,1.22,name match 0.39 mi from I-20/I-59 exit 77 (node/64244574)
591,38.992099,-93.570944,osm_exit,high,node/191352619,I-70/US-40 exit 58,0.33,I-70 exit 58: 2 node(s) within 0.4 mi; no fuel station with the name within 1.5 mi
599,41.118325,-102.950505,osm_fuel,high,node/5055236928,Sapp Bros (brand Sapp Bros.),1.45,name match 0.45 mi from I-80 exit 59 (node/133434871)
602,43.649888,-72.253112,osm_exit,high,node/25243767,I-89/SR-10 exit 18,1.00,I-89/SR-120 exit 18: 2 node(s) within 0.5 mi; no fuel station with the name within 1.5 mi
628,41.769728,-80.940408,osm_exit,high,node/196247503,I-90 exit 218,2.16,I-90 exit 218: 2 node(s) within 0.7 mi; no fuel station with the name within 1.5 mi
636,44.631362,-123.062359,osm_exit,medium,node/287938819,I-5 exit 233,1.72,"I-5 exit 233E: 2 node(s) within 0.2 mi, exit letter differs; no fuel station with the name within 1.5 mi"
651,35.843393,-88.084260,osm_fuel,high,way/1075138273,ONE9,3.93,name match 0.12 mi from I-40 exit 126 (node/202179514)
652,35.907627,-84.138949,osm_exit,medium,node/472254459,I-40/I-75 exit 374,11.47,I-40/I-75 exit 374: 2 node(s) within 0.7 mi; no fuel station with the name within 1.5 mi; 11 mi from the city
672,39.856557,-75.162874,osm_exit,high,node/103804471,I-295/US-130 exit 22,1.90,I-295/US-130 exit 22: 1 node(s) within 0.0 mi; no fuel station with the name within 1.5 mi
680,45.310640,-97.051541,osm_exit,high,node/80917907,I-29/US-81 exit 207,0.70,I-29 exit 207: 2 node(s) within 0.6 mi; no fuel station with the name within 1.5 mi
684,42.156870,-78.989991,osm_exit,high,node/211507299,I-86/SR-17 exit 16,0.65,I-86/SR-17 exit 16: 2 node(s) within 0.5 mi; no fuel station with the name within 1.5 mi
689,37.633051,-97.392136,osm_exit,high,node/122150982,I-235 exit 4,4.72,I-235 exit 4: 2 node(s) within 0.4 mi; no fuel station with the name within 1.5 mi
815,43.008569,-89.901141,osm_fuel,high,node/9747494106,Kwik Trip,0.29,name match 0.23 mi from US-18/SR-151 exit 58 (node/277930426)
855,42.307403,-87.877019,osm_fuel,high,way/1026882841,Speedway (ref 7459),1.11,"store number and name match, 1.1 mi from city center (no exit in address)"
906,35.155964,-90.139927,osm_exit,high,node/444938210,I-40 exit 280,3.38,I-40 exit 280: 2 node(s) within 0.4 mi; no fuel station with the name within 1.5 mi
908,33.335149,-86.781979,osm_fuel,high,node/2505346603,Circle K,2.47,name match 0.18 mi from I-65 exit 246 (node/61018251)
912,33.279615,-87.092512,osm_fuel,high,node/5576342822,Petro,4.14,name match 0.15 mi from I-20 exit 100 (node/64211234)
936,35.066190,-92.422523,osm_fuel,high,way/1331308621,Casey's,2.58,name match 0.37 mi from I-40 exit 129 (node/450194533)
970,33.451296,-112.117149,osm_fuel,medium,node/1659740673,Circle K,8.49,name match 0.52 mi from I-17/SR-60 exit 199A (node/41412093); nearest of 4 matching sites
977,33.661418,-114.236421,osm_fuel,high,way/264996161,Pilot Travel Centers (brand Pilot),1.19,name match 0.08 mi from I-10 exit 17 (node/174820802)
981,43.201979,-112.361159,osm_exit,high,node/126718608,I-15/US-26 exit 93,0.88,I-15 exit 93: 2 node(s) within 0.5 mi; no fuel station with the name within 1.5 mi
982,32.680563,-114.521958,osm_fuel,medium,way/378471528,Circle K,6.71,name match 0.43 mi from I-8 exit 7 (node/320801599); nearest of 4 matching sites
1028,39.752122,-75.501903,osm_exit,high,node/1929850089,I-495 exit 4,6.63,I-495 exit 4: 3 node(s) within 0.3 mi; no fuel station with the name within 1.5 mi
1043,30.001343,-82.600812,osm_exit,medium,node/447913344,I-75 exit 414 (old exit 80),13.18,I-75 exit 414: 2 node(s) within 0.5 mi; no fuel station with the name within 1.5 mi; 13 mi from the city
1047,30.718189,-85.183892,osm_fuel,high,way/226885455,TA,5.90,name match 0.25 mi from I-10/SR-8 exit 142 (node/298510637)
1075,32.488362,-82.939636,osm_exit,high,node/70825813,I-16 exit 51,3.32,I-16/SR-404 exit 51: 2 node(s) within 0.5 mi; no fuel station with the name within 1.5 mi
1106,33.504919,-82.502665,osm_fuel,high,node/12899643434,Circle K,2.50,name match 0.47 mi from I-20 exit 172 (node/71188370)
1121,42.576736,-114.289103,osm_exit,high,node/129484543,I-84 exit 182,4.52,I-84 exit 182: 2 node(s) within 0.6 mi; no fuel station with the name within 1.5 mi
1128,42.483682,-87.950444,osm_fuel,high,way/229450892,TA,2.62,name match 0.20 mi from I-94/US-41 exit 1 (node/235233954)
1132,38.150827,-88.913179,osm_exit,high,node/234857108,I-57 exit 83,0.50,I-57 exit 83: 2 node(s) within 0.5 mi; no fuel station with the name within 1.5 mi
1136,40.123750,-87.779512,osm_fuel,high,way/416108173,Pilot,0.95,name match 0.28 mi from I-74 exit 206 (node/962151367)
1140,39.590813,-89.653038,osm_fuel,high,way/1349648704,Circle K,1.41,name match 0.36 mi from I-55 exit 82 (node/931244482)
1149,39.821538,-85.916136,osm_fuel,high,node/9596357483,Pilot (ref 30),7.87,name match 0.47 mi from I-70 exit 96 (node/179743383); OSM has the store number
1151,39.842814,-85.558797,osm_fuel,high,node/2377566404,Speedway (ref 8061),3.59,name match 0.30 mi from I-70 exit 115 (node/179831528); OSM has the store number
1156,39.525659,-85.735395,osm_exit,high,node/181681157,I-74/SR-9/US-421 exit 116,2.64,I-74/US-421 exit 116: 2 node(s) within 0.2 mi; no fuel station with the name within 1.5 mi
1157,39.433011,-87.332120,osm_fuel,high,way/267163017,ONE9,3.18,name match 0.22 mi from I-70 exit 11 (node/4970517036)
1176,38.276155,-84.554317,osm_fuel,high,node/1891130460,Pilot,1.52,name match 0.38 mi from I-75 exit 129 (node/168185859)
1179,37.827436,-85.724383,osm_fuel,high,node/2727971891,Pilot,0.55,name match 0.18 mi from I-65 exit 105 (node/162337291)
1202,39.589670,-76.065430,osm_fuel,high,way/328685382,ONE9,1.15,name match 0.25 mi from I-95 exit 93 (node/182463685)
1204,39.117935,-88.573207,osm_fuel,high,way/219668192,Petro,1.21,name match 0.22 mi from I-70/I-57 exit 159 (node/234330294)
1210,42.199331,-85.966493,osm_exit,high,node/186111390,I-94 exit 56,3.94,I-94 exit 56: 2 node(s) within 0.2 mi; no fuel station with the name within 1.5 mi
1217,43.676654,-92.953980,osm_fuel,medium,way/259489419,Kwik Trip,1.23,name match 0.18 mi from I-90 exit 179 (node/575274441); nearest of 2 matching sites
1304,36.068083,-79.313256,osm_fuel,high,way/905877390,Love’s Travel Stop (brand Love's),2.25,name match 0.20 mi from I-85 exit 152 (node/169046672)
1326,35.706548,-77.913037,osm_fuel,high,node/9389703587,Speedway (ref 7949),1.99,"store number and name match, 2.0 mi from city center (no exit in address)"
1342,40.859815,-74.365906,osm_exit,high,node/640835590,I-80 exit 47B,3.54,I-80 exit 47B: 4 node(s) within 0.6 mi; no fuel station with the name within 1.5 mi
1356,35.183036,-107.899617,osm_fuel,high,node/11471626969,Love's,1.03,name match 0.29 mi from I-40 exit 79 (node/616347386)
1372,40.749503,-81.403362,osm_fuel,high,way/1127365367,Pilot,4.44,name match 0.25 mi from I-77 exit 101 (node/1863761503)
1376,40.656980,-84.131503,osm_exit,high,node/196349004,I-75 exit 118,5.87,I-75 exit 118: 2 node(s) within 0.1 mi; no fuel station with the name within 1.5 mi
1384,41.608385,-84.555992,osm_fuel,high,way/704726976,Sunoco,2.48,name match 0.42 mi from I-80/I-90 exit 13 (node/200617684)
1391,36.539242,-97.345304,osm_exit,high,node/963913514,I-35 exit 203,5.36,I-35 exit 203: 2 node(s) within 0.5 mi; no fuel station with the name within 1.5 mi
1395,35.500280,-98.969135,osm_exit,high,node/145300194,I-40 exit 66,0.48,I-40 exit 66: 2 node(s) within 0.5 mi; no fuel station with the name within 1.5 mi
1404,40.122871,-87.450234,osm_fuel,high,node/11030420484,ONE9,3.36,name match 0.25 mi from I-74 exit 4 (node/181893901)
1414,39.986508,-78.261804,osm_exit,high,node/201405687,I-70/I-76 exit 161 (Breezewood),1.51,I-70 exit 12/161: 1 node(s) within 0.0 mi; no fuel station with the name within 1.5 mi
1428,40.373709,-86.780225,osm_fuel,high,way/1195033424,Circle K,4.70,name match 0.21 mi from I-65 exit 168 (node/37977263)
1432,40.265874,-77.050178,osm_exit,high,node/111484204,I-81 exit 57,4.43,I-81 exit 57: 2 node(s) within 0.7 mi; no fuel station with the name within 1.5 mi
1444,34.192976,-80.686798,osm_fuel,high,node/9385811924,Pilot,1.45,name match 0.28 mi from I-20 exit 92 (node/113175079)
1445,41.136114,-104.707299,osm_fuel,high,node/2441943128,Pilot,4.81,name match 0.36 mi from I-80 exit 367 (node/1598420820)
1455,34.264759,-79.736883,osm_exit,high,node/112554986,I-95 exit 169,6.72,I-95 exit 169: 2 node(s) within 0.6 mi; no fuel station with the name within 1.5 mi
1461,35.027570,-82.035315,osm_exit,high,node/114141481,I-26 exit 15,3.34,I-26 exit 15: 2 node(s) within 0.0 mi; no fuel station with the name within 1.5 mi
1464,33.962559,-81.231306,osm_fuel,medium,node/10761391286,Circle K,2.16,name match 0.29 mi from I-20 exit 55 (node/113404247); nearest of 2 matching sites
1479,34.914287,-82.110365,osm_fuel,high,way/225353624,TA,2.21,name match 0.23 mi from I-85 exit 63 (node/114156418)
1487,36.319851,-82.838648,osm_exit,medium,node/1700713982,I-81 exit 36,10.54,I-81 exit 36: 2 node(s) within 0.8 mi; no fuel station with the name within 1.5 mi; 11 mi from the city
1492,35.021445,-85.380814,osm_exit,medium,node/472510719,I-24 exit 174,8.10,I-24 exit 174: 2 node(s) within 0.4 mi; the fuel station with the name there is held by another OPIS station
1507,35.061438,-90.020003,osm_exit,high,node/203626032,I-55 exit 5A,4.40,I-55 exit 5A: 3 node(s) within 0.4 mi; no fuel station with the name within 1.5 mi
1516,35.117422,-101.907283,osm_fuel,high,way/225718482,Love's,7.17,name match 0.68 mi from I-27 exit 116 (node/8840595938)
1546,28.695724,-99.165532,osm_exit,high,node/224271661,I-35 exit 86,2.06,I-35 exit 86: 2 node(s) within 0.8 mi; no fuel station with the name within 1.5 mi
1555,39.293590,-102.867910,osm_exit,high,node/177294439,I-70 exit 405,0.31,I-70 exit 405: 2 node(s) within 0.7 mi; no fuel station with the name within 1.5 mi
1562,35.789848,-88.388703,osm_exit,high,node/202698009,I-40 exit 108,2.04,I-40 exit 108: 2 node(s) within 0.4 mi; no fuel station with the name within 1.5 mi
1567,41.610699,-93.578731,osm_exit,high,node/160909424,I-235 exit 11,3.10,I-235 exit 11: 2 node(s) within 0.6 mi; no fuel station with the name within 1.5 mi
1579,46.008537,-112.609963,osm_fuel,high,way/894670167,"Flying J (brand Exxon, operator Town Pump Inc.)",3.62,name match 0.29 mi from I-15 exit 122 (node/434208185)
1582,35.188143,-102.011292,osm_fuel,high,node/7285780753,Love's,10.26,name match 0.31 mi from I-40 exit 60 (node/227807539)
1590,41.581573,-87.244888,osm_exit,high,node/509906002,I-80/I-94/US-6 exit 15A,0.53,I-80/I-94 exit 15A: 3 node(s) within 0.3 mi; no fuel station with the name within 1.5 mi
1596,35.480563,-108.433178,osm_fuel,high,node/12126022978,Flying J,0.86,name match 0.08 mi from I-40 exit 39 (node/143187032)
1597,40.155469,-80.127081,osm_exit,high,node/442572649,I-70 exit 25,1.55,I-70/SR-519 exit 25/333: 1 node(s) within 0.0 mi; no fuel station with the name within 1.5 mi
1599,42.588020,-76.128332,osm_exit,medium,node/212016210,I-81 exit 50 (old exit 10),1.62,"I-81 exit 10: 2 node(s) within 0.2 mi, matched on the old exit number (old_ref); no fuel station with the name within 1.5 mi"
1606,48.099808,-122.188553,osm_fuel,high,node/2275995893,Donna's Truck Stop (brand Gull),2.08,name match 0.31 mi from I-5 exit 202 (node/50803420)
1610,39.278680,-76.548855,osm_fuel,high,node/2086293852,TA,3.61,name match 0.40 mi from I-95 exit 57 (node/27033900)
1621,33.539383,-86.824753,osm_exit,high,node/56312665,I-65 exit 262B,1.81,I-65 exit 262B: 3 node(s) within 0.7 mi; no fuel station with the name within 1.5 mi
1623,39.778522,-104.899373,osm_exit,high,node/6056447700,I-70 exit 278,9.09,I-70/I-270 exit 278: 2 node(s) within 0.5 mi; no fuel station with the name within 1.5 mi
1625,33.417403,-80.666251,osm_fuel,high,way/520939887,Pilot,4.89,name match 0.31 mi from I-26 exit 159 (node/113771793)
1632,32.296661,-106.810341,osm_fuel,high,node/9309225781,Pilot,2.38,name match 0.31 mi from I-10 exit 139 (node/33677268)
1633,29.299523,-98.628774,osm_exit,high,node/1474002743,I-35 exit 144,2.30,I-35 exit 144: 2 node(s) within 1.3 mi; no fuel station with the name within 1.5 mi
1634,42.871485,-87.944417,osm_fuel,high,node/635243078,Pilot Travel Center (brand Pilot),2.37,name match 0.45 mi from I-94 exit 322 (node/262850058)
1644,32.431740,-100.550150,osm_exit,high,node/387222544,I-20 exit 235,1.26,I-20 exit 235: 2 node(s) within 0.6 mi; no fuel station with the name within 1.5 mi
1647,41.628449,-87.508562,osm_fuel,high,way/1037268333,"Speedway (operator Joe doe, ref 8305)",0.97,"store number and name match, 1.0 mi from city center (no exit in address)"
1653,41.831060,-87.694420,osm_fuel,high,way/165234369,Road Ranger,0.64,name match 0.52 mi from I-55 exit 289 (node/347274884)
1661,32.520432,-92.364168,osm_fuel,high,node/7781510230,Chevron,0.69,name match 0.24 mi from I-20 exit 101 (node/1108188389)
1669,42.945644,-74.364993,osm_exit,high,node/1892616414,I-90 exit 28,0.25,I-90 exit 28: 2 node(s) within 0.5 mi; no fuel station with the name within 1.5 mi
1670,37.012278,-94.542961,osm_exit,high,node/191986412,I-44/SR-43 exit 4,4.92,I-44 exit 4: 2 node(s) within 0.6 mi; no fuel station with the name within 1.5 mi
1671,35.337141,-78.560320,osm_exit,high,node/171125315,I-95 exit 77,3.45,I-95 exit 77: 2 node(s) within 0.6 mi; no fuel station with the name within 1.5 mi
1672,35.192662,-101.712253,osm_exit,high,node/227789949,I-40/US-287 exit 77,6.68,I-40 exit 77: 2 node(s) within 0.6 mi; no fuel station with the name within 1.5 mi
1753,31.897745,-97.089397,osm_exit,medium,node/6695834373+node/6695865247,I-35/US-77 exit 359,1.25,"I-35/US-77 exit 359: 2 node(s) within 1.8 mi, midpoint of 2 exit nodes 1.8 mi apart; no fuel station with the name within 1.5 mi"
1773,43.418834,-85.499165,osm_exit,high,node/185338042,SR-46/US-131 exit 120,2.42,US-131 exit 120: 2 node(s) within 0.9 mi; no fuel station with the name within 1.5 mi
1791,31.915264,-102.215161,osm_fuel,high,way/292983422,Pilot,9.62,name match 0.47 mi from I-20 exit 126 (node/227128153)
1807,35.218631,-101.381578,osm_fuel,high,way/837260551,Love's,8.82,name match 0.28 mi from I-40 exit 96 (node/222868428)
1834,32.491470,-94.352901,osm_exit,high,node/225073617,I-20 exit 617,3.30,I-20 exit 617: 2 node(s) within 0.6 mi; no fuel station with the name within 1.5 mi
1858,29.446665,-98.362011,osm_fuel,high,way/229315095,Flying J,9.85,name match 0.94 mi from I-10 exit 583 (node/150031060)
1859,38.700470,-80.665247,osm_exit,high,node/705819387,I-79/US-19 exit 67,3.44,I-79 exit 67: 2 node(s) within 0.5 mi; no fuel station with the name within 1.5 mi
1860,38.913565,-84.628428,osm_exit,high,node/161961244,I-71/I-75 exit 175,3.61,I-75 exit 175: 2 node(s) within 0.6 mi; no fuel station with the name within 1.5 mi
1861,35.178179,-113.789244,osm_fuel,high,node/957790110,Petro Stopping Center,12.78,name match 0.35 mi from I-40 exit 66 (node/1698679061)
1866,42.083710,-86.413757,osm_exit,high,node/3678213772,I-94 exit 29,2.68,I-94 exit 29: 2 node(s) within 0.6 mi; no fuel station with the name within 1.5 mi
1873,41.811991,-86.316958,osm_exit,high,node/183820194,US-31 exit 3,3.88,US-12/US-31 exit 3: 2 node(s) within 0.9 mi; no fuel station with the name within 1.5 mi
1879,44.643446,-93.293081,osm_fuel,high,way/530959646,Holiday Megastop (brand Holiday),3.04,name match 0.22 mi from I-35 exit 81 (node/1086978611)
1893,32.669930,-96.152030,osm_exit,high,node/225999895,I-20 exit 509,9.32,I-20 exit 509: 2 node(s) within 0.6 mi; no fuel station with the name within 1.5 mi
1894,28.494308,-98.148562,osm_exit,high,node/226695001,I-37 exit 69,2.60,I-37/SR-72 exit 69: 2 node(s) within 0.8 mi; no fuel station with the name within 1.5 mi
1897,32.462133,-99.843844,osm_exit,medium,node/57636804+node/57687820,I-20/US-84 exit 278,1.49,"I-20/US-84 exit 278: 2 node(s) within 2.0 mi, midpoint of 2 exit nodes 2.0 mi apart; no fuel station with the name within 1.5 mi"
1909,37.724704,-113.055821,osm_exit,high,node/340326432,I-15 exit 62,3.56,I-15 exit 62: 2 node(s) within 0.6 mi; no fuel station with the name within 1.5 mi
1914,38.995163,-110.184656,osm_fuel,high,way/325139238,Love's Travel Stop (brand Love's),0.61,name match 0.30 mi from I-70 exit 160 (node/83141708)
1921,40.727723,-111.505656,osm_exit,high,node/428254279,I-80 exit 146,4.90,I-80 exit 146: 2 node(s) within 0.8 mi; no fuel station with the name within 1.5 mi
1930,37.276843,-97.340149,osm_exit,high,node/122893140,I-35 exit 19,3.66,I-35 exit 19: 2 node(s) within 0.4 mi; no fuel station with the name within 1.5 mi
1934,36.852779,-80.862851,osm_exit,high,node/220267719,I-77 exit 24,2.86,I-77 exit 24: 2 node(s) within 0.7 mi; no fuel station with the name within 1.5 mi
1936,36.649172,-82.086249,osm_exit,high,node/154173814,I-81/US-58 exit 10,4.54,I-81 exit 10: 2 node(s) within 0.3 mi; no fuel station with the name within 1.5 mi
1940,37.079963,-80.687704,osm_exit,high,node/217963497,I-81 exit 98,1.77,I-81 exit 98: 2 node(s) within 0.6 mi; no fuel station with the name within 1.5 mi
1944,36.579118,-80.740510,osm_fuel,high,node/6212093822,Love's,1.23,name match 0.17 mi from I-77 exit 1 (node/209277504)
1953,37.979155,-78.219115,osm_exit,medium,node/215760563,I-64 exit 136,10.94,I-64 exit 136: 2 node(s) within 0.6 mi; no fuel station with the name within 1.5 mi; 11 mi from the city
1956,38.966478,-78.438515,osm_fuel,high,node/11403825520,Pilot,1.38,name match 0.27 mi from I-81 exit 291 (node/219053331)
1958,36.936055,-80.994217,osm_fuel,high,node/6224489921,Speedway (ref 4618),5.34,name match 0.18 mi from I-81/I-77 exit 77 (node/220598406); OSM has the store number
1960,44.220836,-72.584986,osm_exit,high,node/204912575,I-89 exit 7,3.22,I-89 exit 7: 2 node(s) within 0.6 mi; no fuel station with the name within 1.5 mi
1962,38.347826,-82.942326,osm_fuel,high,way/159142666,Super Quik,1.03,name match 0.36 mi from I-64 exit 172 (node/162762919)
1976,47.623392,-117.497242,osm_exit,high,node/50908784,I-90/US-395 exit 276,4.23,I-90 exit 276: 2 node(s) within 0.7 mi; no fuel station with the name within 1.5 mi
1977,46.395920,-122.900584,osm_exit,high,node/49810545,I-5 exit 57,4.08,I-5 exit 57: 2 node(s) within 0.7 mi; no fuel station with the name within 1.5 mi
1983,45.100090,-91.508802,osm_fuel,high,way/629026772,Kwik Trip,0.86,name match 0.23 mi from US-53 exit 110 (node/230693975)
1985,43.918799,-90.260256,osm_fuel,high,node/1155552442,BP,0.47,name match 0.10 mi from I-90/I-94 exit 55 (node/231214173)
2009,43.674122,-87.758281,osm_fuel,high,way/982057632,Kwik Trip,4.66,name match 0.25 mi from I-43 exit 120 (node/232401196)
2020,39.655094,-79.642199,osm_exit,high,node/155828604,I-68 exit 23,0.31,I-68 exit 23: 2 node(s) within 0.5 mi; no fuel station with the name within 1.5 mi
2021,38.410321,-82.350524,osm_exit,high,node/154766804,I-64 exit 15,4.56,I-64 exit 15: 2 node(s) within 0.5 mi; no fuel station with the name within 1.5 mi
2022,38.596277,-81.046253,osm_exit,high,node/708407432,I-79 exit 40,4.23,I-79 exit 40: 2 node(s) within 0.5 mi; no fuel station with the name within 1.5 mi
2029,42.860274,-106.337911,osm_exit,medium,node/157800192,I-25/US-20/US-26/US-87 exit 188B,2.77,"I-25 exit 188: 4 node(s) within 0.9 mi, exit letter differs; no fuel station with the name within 1.5 mi"
2034,41.158006,-104.528412,osm_exit,medium,node/387565010,I-80/US-30 exit 377,14.24,I-80 exit 377: 2 node(s) within 0.6 mi; no fuel station with the name within 1.5 mi; 14 mi from the city
2040,42.661038,-105.206382,osm_exit,medium,node/156735970,I-25/US-20/US-26/US-87 exit 126,11.68,I-25 exit 126: 2 node(s) within 0.6 mi; no fuel station with the name within 1.5 mi; 12 mi from the city
2041,41.177305,-104.076233,osm_fuel,high,node/1583892646,Sinclair,0.21,name match 0.30 mi from I-80 exit 401 (node/1598421004)
2044,41.673964,-107.978587,osm_fuel,high,node/2416188804,One9 Fuel Stop,0.41,name match 0.27 mi from I-80 exit 173 (node/158234596)
2074,29.680860,-98.639872,osm_exit,medium,node/149492365+node/150029153,I-10/US-87 exit 550,16.58,"I-10 exit 550: 2 node(s) within 1.8 mi, midpoint of 2 exit nodes 1.8 mi apart; no fuel station with the name within 1.5 mi; 17 mi from the city"
2084,31.559892,-103.000621,osm_exit,high,node/229137951,I-20 exit 73,0.60,I-20 exit 73: 2 node(s) within 0.4 mi; no fuel station with the name within 1.5 mi
2088,38.788760,-112.081746,osm_fuel,high,way/235915879,Flying J Travel Plaza (brand Flying J),1.99,name match 0.36 mi from I-70 exit 40 (node/292038894)
2089,41.961409,-112.721030,osm_exit,high,node/431433914,I-84 exit 7,0.82,I-84 exit 7: 2 node(s) within 0.9 mi; no fuel station with the name within 1.5 mi
2125,41.313836,-105.614773,osm_exit,high,node/477724547,I-80 exit 311,0.44,I-80 exit 311: 2 node(s) within 0.8 mi; no fuel station with the name within 1.5 mi
2152,43.679196,-94.447897,osm_exit,high,node/187441628,I-90 exit 102,2.51,I-90 exit 102: 2 node(s) within 0.4 mi; no fuel station with the name within 1.5 mi
2167,45.496046,-94.149070,osm_fuel,high,way/265727248,Pilot,2.37,name match 0.55 mi from I-94 exit 171 (node/188222002)
2182,37.931930,-79.231658,osm_fuel,high,node/4933720061,Pilot Travel Center (brand Pilot),0.38,name match 0.17 mi from I-64/I-81 exit 205 (node/218752483)
2196,41.104567,-81.153947,osm_fuel,high,node/14112000101,Certified Oil (Marathon),6.04,name match 0.23 mi from I-76 exit 43 (node/199516784)
2219,34.119487,-83.762335,osm_fuel,high,node/895041543,Pilot,3.01,name match 0.22 mi from I-85 exit 129 (node/70499516)
2223,32.308875,-81.880451,osm_exit,high,node/66638335,I-16 exit 116,3.85,I-16/SR-404 exit 116: 2 node(s) within 0.8 mi; no fuel station with the name within 1.5 mi
2227,41.680309,-88.205115,osm_fuel,high,way/658317378,Speedway (ref 7448),5.25,"store number and name match, 5.3 mi from city center (no exit in address)"
2231,38.767481,-90.206939,osm_exit,high,node/301272330,I-270/US-66 exit 33,9.33,I-270 exit 33: 2 node(s) within 0.4 mi; no fuel station with the name within 1.5 mi
2255,41.563297,-83.460718,osm_exit,high,node/200583796,I-280 exit 2,1.82,I-280 exit 2: 2 node(s) within 0.3 mi; no fuel station with the name within 1.5 mi
2267,36.529756,-86.648010,osm_fuel,high,way/1537507510,Circle K,1.78,name match 0.38 mi from I-65 exit 112 (node/303845351)
2287,40.049295,-78.510556,osm_exit,high,node/200902183,I-70/I-76 exit 146 (Bedford),2.39,I-76/I-70 exit 146: 4 node(s) within 1.0 mi; no fuel station with the name within 1.5 mi
2306,34.861461,-81.005632,osm_exit,high,node/114450280,I-77 exit 73,5.36,I-77 exit 73: 2 node(s) within 0.6 mi; no fuel station with the name within 1.5 mi
2310,35.028586,-85.359852,osm_exit,medium,node/451068434,I-24 exit 175,6.81,I-24 exit 175: 2 node(s) within 0.5 mi; the fuel station with the name there is held by another OPIS station
2311,35.720731,-86.321712,osm_fuel,high,node/3407782193,Shell,5.12,name match 0.19 mi from I-24 exit 89 (node/203453455)
2336,36.935960,-80.992864,osm_fuel,high,way/220888560,Flying J,5.41,name match 0.18 mi from I-77/I-81 exit 77 (node/220598406)
2557,32.974520,-96.319105,osm_exit,high,node/152367956,I-30/US-67 exit 77B,0.13,I-30 exit 77B: 4 node(s) within 1.3 mi; no fuel station with the name within 1.5 mi
2602,39.542186,-84.291188,osm_fuel,high,way/205877916,Pilot,0.91,name match 0.30 mi from I-75 exit 36 (node/200302959)
2623,42.720191,-88.991806,osm_exit,medium,node/259745504+node/454407718,I-39/I-90 exit 171,2.68,"I-90/I-39 exit 171B: 2 node(s) within 1.6 mi, midpoint of 2 exit nodes 1.6 mi apart, exit letter differs; no fuel station with the name within 1.5 mi"
2626,41.785717,-107.259413,osm_fuel,high,way/1202451317,Sinclair,1.79,name match 0.25 mi from I-80 exit 211 (node/156939440)
2629,39.683177,-75.481140,osm_exit,high,node/105204476,CR-551/I-295 exit 2B,3.14,I-295 exit 2B: 4 node(s) within 0.3 mi; no fuel station with the name within 1.5 mi
2635,45.234056,-122.809476,osm_fuel,high,way/1018155713,Flying J Diesel (brand Flying J),2.57,name match 0.26 mi from I-5 exit 278 (node/40327533)
2640,38.392034,-89.376938,osm_exit,high,node/1436022450,I-64 exit 50,3.37,I-64 exit 50: 2 node(s) within 0.7 mi; no fuel station with the name within 1.5 mi
2644,40.082573,-104.980221,osm_exit,high,node/55722562,I-25 exit 235,4.24,I-25/US-87 exit 235: 2 node(s) within 0.7 mi; no fuel station with the name within 1.5 mi
2756,39.185099,-81.531525,osm_exit,high,node/945116387,I-77/SR-2 exit 170,1.15,I-77/SR-2 exit 170: 2 node(s) within 0.6 mi; no fuel station with the name within 1.5 mi
2772,41.744003,-84.999167,osm_fuel,high,way/1320734463,Pilot,3.31,name match 0.11 mi from I-80 exit 144 (node/27336016)
2779,42.568160,-113.792537,osm_exit,high,node/130617358,I-84 exit 208,1.65,I-84 exit 208: 1 node(s) within 0.0 mi; no fuel station with the name within 1.5 mi
2788,44.162240,-72.086842,osm_exit,high,node/204691535,I-91 exit 17,1.02,I-91 exit 17: 2 node(s) within 0.4 mi; no fuel station with the name within 1.5 mi
2805,42.435784,-112.179941,osm_exit,high,node/126391737,I-15 exit 31,2.93,I-15 exit 31: 2 node(s) within 0.7 mi; no fuel station with the name within 1.5 mi
2807,36.528993,-87.226704,osm_exit,high,node/203147335,I-24 exit 11,7.07,I-24 exit 11: 2 node(s) within 0.8 mi; no fuel station with the name within 1.5 mi
2811,43.051269,-76.562519,osm_fuel,high,way/1080994341,Kwik Fill,0.22,name match 0.69 mi from I-90 exit 40 (node/211226789)
2817,46.606727,-122.905551,osm_fuel,high,node/1965972024,Chevron,4.88,name match 0.28 mi from I-5/US-12 exit 72 (node/48828504)
2848,33.458157,-112.782360,osm_fuel,high,way/226825764,TA,8.80,name match 0.42 mi from I-10 exit 103 (node/335616866)
2851,32.673167,-114.444610,osm_fuel,high,node/4701809405,Speedway (ref 2958),11.06,name match 0.35 mi from I-8 exit 12 (node/175757764); OSM has the store number
2862,32.387964,-91.200503,osm_fuel,high,way/225870337,TA,1.39,name match 0.30 mi from I-20 exit 171 (node/115804188)
2875,38.308364,-104.616519,osm_fuel,high,way/535379542,Circle K (operator Valero),2.72,name match 0.27 mi from I-25 exit 101 (node/452808447)
2883,29.025146,-82.159059,osm_fuel,high,way/236427139,Pilot,10.54,name match 0.30 mi from I-75 exit 341 (node/1601841232)
2891,39.527269,-119.707298,osm_exit,high,node/140194946,I-80 exit 21,3.28,I-80 exit 21: 2 node(s) within 0.6 mi; no fuel station with the name within 1.5 mi
2895,40.488047,-81.478851,osm_exit,high,node/497398710,I-77 exit 81,2.04,I-77 exit 81: 2 node(s) within 0.8 mi; no fuel station with the name within 1.5 mi
2897,41.365388,-110.305483,osm_exit,high,node/158281380,I-80 exit 41,2.65,I-80 exit 41: 2 node(s) within 0.7 mi; no fuel station with the name within 1.5 mi
2910,46.833241,-96.844695,osm_fuel,high,way/225056624,Flying J (ref 685),2.30,name match 0.98 mi from I-29/I-94 exit 349 (node/75166413); OSM has the store number
2913,36.037802,-83.444513,osm_fuel,high,way/268180977,ONE9,0.98,name match 0.11 mi from I-40 exit 417 (node/1693316580)
2915,43.018887,-112.407873,osm_exit,high,node/126391140,I-15 exit 80,2.54,I-15 exit 80: 2 node(s) within 0.4 mi; no fuel station with the name within 1.5 mi
2922,35.107684,-106.648925,osm_fuel,high,node/1678893882,Love's,0.23,name match 0.23 mi from I-40 exit 158 (node/140758834)
2923,37.937598,-77.466307,osm_fuel,high,way/781067019,Love's (ref 435),0.84,name match 0.35 mi from I-95 exit 104 (node/396542); OSM has the store number
2926,40.350547,-76.728304,osm_exit,high,node/473236638,I-81 exit 77,9.74,I-81 exit 77: 2 node(s) within 0.7 mi; no fuel station with the name within 1.5 mi
2929,46.864270,-99.920248,osm_exit,high,node/76177514,I-94 exit 200,0.53,I-94 exit 200: 2 node(s) within 0.4 mi; no fuel station with the name within 1.5 mi
2935,30.340127,-81.760892,osm_exit,high,node/96565686,I-295 exit 22 (old exit 9),5.93,I-295 exit 22: 2 node(s) within 0.6 mi; no fuel station with the name within 1.5 mi
2937,38.857286,-84.625708,osm_fuel,high,way/119961008,Flying J Walton (brand Flying J),0.68,name match 0.21 mi from I-75 exit 171 (node/520836797)
2956,35.270406,-80.837840,osm_fuel,high,node/5612026462,Pilot,4.26,name match 0.38 mi from I-85 exit 39 (node/172149600)
2963,46.884930,-98.714326,osm_exit,high,node/78085161,I-94/US-52 exit 258,1.75,I-94 exit 258: 2 node(s) within 0.4 mi; no fuel station with the name within 1.5 mi
2968,32.489409,-91.996403,osm_exit,high,node/470542390,I-20 exit 124,5.13,I-20 exit 124: 2 node(s) within 0.6 mi; no fuel station with the name within 1.5 mi
2977,43.842773,-101.518920,osm_exit,high,node/79943374,I-90 exit 150,1.32,I-90 exit 150: 2 node(s) within 0.6 mi; no fuel station with the name within 1.5 mi
2982,32.988299,-87.789001,osm_fuel,high,node/13054180234,Circle K,0.29,name match 0.15 mi from I-59/I-20 exit 52 (node/55891722)
3003,32.315755,-90.960584,osm_fuel,high,node/10968933024,Chevron,0.46,name match 0.36 mi from I-20 exit 186 (node/115770460)
3008,30.328117,-82.958881,osm_exit,high,node/298770381,I-10 exit 283 (old exit 40),2.74,I-10 exit 283: 2 node(s) within 0.6 mi; no fuel station with the name within 1.5 mi
3022,39.789492,-77.712512,osm_exit,high,node/4862269275,I-81 exit 5,0.76,I-81 exit 5: 2 node(s) within 0.4 mi; no fuel station with the name within 1.5 mi
3086,37.450504,-79.121251,osm_fuel,high,node/6310285968,Speedway (ref 4638),0.72,"store number and name match, 0.7 mi from city center (no exit in address)"
3118,44.980581,-73.460462,osm_fuel,high,node/1545060227,Mobil,1.47,name match 0.28 mi from I-87 exit 42 (node/211838215)
3128,33.210866,-84.063488,osm_exit,high,node/339926340,I-75 exit 201,7.89,I-75 exit 201: 2 node(s) within 0.5 mi; no fuel station with the name within 1.5 mi
3138,39.109187,-108.641084,osm_fuel,high,node/13009185681,TA,4.19,name match 0.34 mi from I-70 exit 26 (node/176140286)
3139,35.532341,-98.233303,osm_exit,high,node/144803234,I-40 exit 108,7.74,I-40 exit 108: 2 node(s) within 0.5 mi; no fuel station with the name within 1.5 mi
3163,36.164654,-95.795222,osm_fuel,high,way/1002055416,QuikTrip,6.49,name match 0.22 mi from I-44 exit 238 (node/148422709)
3164,36.076919,-96.048328,osm_fuel,medium,way/86515846,QuikTrip,8.88,name match 0.14 mi from I-44 exit 222A (node/148307910); nearest of 2 matching sites
3165,36.651404,-97.342149,osm_fuel,high,node/1395546469,Loves,2.00,name match 0.26 mi from I-35 exit 211 (node/963909017)
3171,36.135390,-85.506907,osm_exit,high,node/1450170029,I-40 exit 287,0.86,I-40 exit 287: 2 node(s) within 0.4 mi; no fuel station with the name within 1.5 mi
3179,41.583035,-87.240073,osm_exit,high,node/509906012,I-80/I-94 exit 15B,0.79,I-80/I-94 exit 15B: 3 node(s) within 0.3 mi; no fuel station with the name within 1.5 mi
3191,35.534503,-86.160770,osm_exit,high,node/202102496,I-24 exit 105,6.93,I-24 exit 105: 2 node(s) within 0.4 mi; no fuel station with the name within 1.5 mi
3215,28.155194,-81.802060,osm_fuel,high,node/6228762928,Shell,2.44,name match 0.27 mi from I-4 exit 44 (node/100023402)
3226,40.351431,-76.716791,osm_fuel,high,way/220629019,ONE9,10.29,name match 0.30 mi from I-81 exit 77 (node/473236638)
3227,33.035750,-80.145969,osm_exit,medium,node/318644579,I-26 exit 199B,2.83,"I-26/US-17 exit 199: 4 node(s) within 0.5 mi, exit letter differs; no fuel station with the name within 1.5 mi"
3264,35.136307,-90.488471,osm_fuel,high,node/12166255032,TA,9.57,name match 0.30 mi from I-40/US-63 exit 260 (node/118539956)
3281,41.022867,-76.797006,osm_exit,high,node/108267197,I-80 exit 215,3.15,I-80 exit 215: 2 node(s) within 0.6 mi; no fuel station with the name within 1.5 mi
3284,37.491692,-94.297639,osm_fuel,high,way/652550647,Casey's,1.06,name match 0.13 mi from I-49/US-71 exit 77 (node/188831109)
3297,41.155269,-104.662048,osm_exit,high,node/157386276,I-80 exit 370,7.37,I-80 exit 370: 2 node(s) within 0.8 mi; no fuel station with the name within 1.5 mi
3316,34.784177,-92.133891,osm_exit,high,node/118422890,I-40 exit 161,5.74,I-40 exit 161: 2 node(s) within 0.6 mi; no fuel station with the name within 1.5 mi
3326,43.285470,-76.120471,osm_fuel,medium,way/322358637,Mirabito,1.08,name match 0.30 mi from I-81 exit 32 (node/213005036); nearest of 2 matching sites
3330,43.060068,-70.801418,osm_exit,high,node/2285973504,I-95 exit 3A,2.29,I-95 exit 3A: 3 node(s) within 0.7 mi; no fuel station with the name within 1.5 mi
3349,32.350115,-88.736608,osm_exit,high,node/343458812,I-20/I-59/SR-19/US-11/US-80 exit 150,3.62,I-20/I-59 exit 150: 2 node(s) within 0.3 mi; no fuel station with the name within 1.5 mi
3383,35.590359,-97.435517,osm_exit,high,node/147496185,I-35/I-44/SR-66 exit 137,9.58,I-35 exit 137: 2 node(s) within 0.2 mi; no fuel station with the name within 1.5 mi
3386,40.165295,-104.979632,osm_exit,high,node/55739414,I-25 exit 240,6.39,I-25/US-87 exit 240: 2 node(s) within 0.6 mi; no fuel station with the name within 1.5 mi
3401,34.505539,-80.997292,osm_exit,medium,node/1835017420,I-77 exit 48,10.86,I-77 exit 48: 2 node(s) within 0.6 mi; no fuel station with the name within 1.5 mi; 11 mi from the city
3415,32.374229,-82.059967,osm_exit,high,node/66737662,I-16 exit 104,1.41,I-16 exit 104: 2 node(s) within 0.8 mi; no fuel station with the name within 1.5 mi
3418,39.107297,-80.392135,osm_exit,high,node/704298913,I-79 exit 105,0.88,I-79 exit 105: 2 node(s) within 0.5 mi; no fuel station with the name within 1.5 mi
3421,47.294491,-122.305203,osm_exit,medium,node/34707601,I-5 exit 142B,1.93,"I-5 exit 142: 4 node(s) within 0.7 mi, exit letter differs; no fuel station with the name within 1.5 mi"
3422,29.541546,-98.069375,osm_exit,high,node/151139657,I-10/SR-130/US-90 exit 601,6.93,I-10 exit 601: 2 node(s) within 0.4 mi; no fuel station with the name within 1.5 mi
3427,41.742516,-84.998430,osm_exit,high,node/305414604,I-69 exit 357 (old exit 157),3.24,I-69 exit 357: 2 node(s) within 0.8 mi; no fuel station with the name within 1.5 mi
3432,40.766332,-87.123480,osm_fuel,high,node/9923278117,Pilot,0.39,name match 0.26 mi from I-65 exit 201 (node/180022414)
3435,30.694766,-97.654919,osm_exit,medium,node/1317473840+node/1317484799,I-35 exit 266,3.19,"I-35 exit 266: 2 node(s) within 2.2 mi, midpoint of 2 exit nodes 2.2 mi apart; no fuel station with the name within 1.5 mi"
3464,43.388002,-116.000171,osm_exit,medium,node/910345455,I-84/US-20/US-26/US-30 exit 71,18.62,I-84 exit 71: 2 node(s) within 0.5 mi; no fuel station with the name within 1.5 mi; 19 mi from the city
3471,32.069707,-81.196612,osm_exit,high,node/67037605,I-16 exit 160 (old exit 33),3.96,I-16 exit 160: 2 node(s) within 0.6 mi; no fuel station with the name within 1.5 mi
3475,35.494002,-80.566956,osm_exit,high,node/169622747,I-85/US-601 exit 63,4.63,I-85 exit 63: 2 node(s) within 0.6 mi; no fuel station with the name within 1.5 mi
3477,43.268671,-72.433578,osm_exit,high,node/205129674,I-91 exit 7,3.10,I-91 exit 7: 2 node(s) within 0.1 mi; no fuel station with the name within 1.5 mi
3479,32.475151,-83.743030,osm_exit,high,node/70420472,I-75 exit 136,0.89,I-75/SR-401 exit 136: 2 node(s) within 0.5 mi; no fuel station with the name within 1.5 mi
3493,34.208578,-84.758878,osm_fuel,high,way/473246182,Circle K,3.90,name match 0.14 mi from I-75 exit 290 (node/330982727)
3519,30.113813,-93.804396,osm_exit,high,node/227654638,I-10/US-90 exit 873,3.05,I-10 exit 873: 2 node(s) within 1.4 mi; no fuel station with the name within 1.5 mi
3526,40.398108,-84.161876,osm_exit,high,node/454082552,I-75 exit 99,0.75,I-75 exit 99: 2 node(s) within 0.5 mi; no fuel station with the name within 1.5 mi
3539,29.618861,-97.791192,osm_exit,medium,node/151131706,I-10 exit 620,10.84,I-10 exit 620: 2 node(s) within 0.6 mi; no fuel station with the name within 1.5 mi; 11 mi from the city
3545,44.879536,-93.025624,osm_exit,high,node/186790255,I-494 exit 64A,0.94,I-494 exit 64A: 4 node(s) within 0.6 mi; no fuel station with the name within 1.5 mi
3580,41.771647,-107.088753,osm_exit,high,node/483415362,I-80/US-287/US-30 exit 221,1.64,I-80 exit 221: 2 node(s) within 0.8 mi; no fuel station with the name within 1.5 mi
3585,40.466608,-118.283743,osm_fuel,high,way/1178708603,Chevron,22.35,name match 0.34 mi from I-80 exit 129 (node/140087125)
3588,29.830633,-94.386879,osm_exit,high,node/222985901,I-10 exit 829,1.03,I-10 exit 829: 2 node(s) within 0.8 mi; no fuel station with the name within 1.5 mi
3592,41.313911,-110.505195,osm_exit,high,node/487970080,I-80 exit 30,6.02,I-80 exit 30: 2 node(s) within 0.4 mi; no fuel station with the name within 1.5 mi
3593,37.860817,-112.829690,osm_fuel,high,way/229593418,TA,1.94,name match 0.26 mi from I-15 exit 78 (node/286469746)
3608,39.792037,-88.264393,osm_exit,high,node/295680311,I-57 exit 212 (Newman - Tuscola),0.65,I-57 exit 212: 2 node(s) within 0.1 mi; no fuel station with the name within 1.5 mi
3614,41.736031,-86.336495,osm_fuel,high,relation/16179242,Pilot (ref 35),5.39,name match 0.42 mi from I-80 exit 72 (node/181561722); OSM has the store number
3616,41.718114,-83.502081,osm_exit,high,node/5677988329,I-75 exit 210,5.56,I-75 exit 210: 2 node(s) within 0.5 mi; no fuel station with the name within 1.5 mi
3619,39.446680,-87.125724,osm_fuel,high,way/1031528227,Road Ranger (brand en:Road Ranger),5.24,name match 0.35 mi from I-70 exit 23 (node/179069338)
3620,39.522890,-83.845794,osm_fuel,high,way/236632054,ONE9,6.67,name match 0.25 mi from I-71/US-68 exit 50 (node/196879590)
3645,41.023454,-77.940774,osm_exit,high,node/105953943,I-80 exit 147,0.55,I-80 exit 147: 2 node(s) within 0.6 mi; no fuel station with the name within 1.5 mi
3688,42.674793,-82.815157,osm_fuel,high,node/8453618986,Speedway,4.00,name match 0.19 mi from I-94 exit 243 (node/61844498)
3692,35.308040,-80.847899,osm_exit,high,node/172153992,I-77 exit 16B,6.91,I-77 exit 16B: 4 node(s) within 0.3 mi; no fuel station with the name within 1.5 mi
3699,40.715941,-85.441702,osm_exit,high,node/179939322,I-69 exit 278 (old exit 78),2.15,I-69 exit 278: 2 node(s) within 0.7 mi; no fuel station with the name within 1.5 mi
3707,43.687993,-93.421068,osm_fuel,high,node/1345196187,Speedway,3.68,name match 0.16 mi from I-90 exit 154 (node/186929082)
3718,43.768233,-99.312591,osm_fuel,high,node/2587515834,Speedway,2.27,name match 0.31 mi from I-90 exit 265 (node/462224544)
3725,41.534372,-80.179246,osm_exit,high,node/724735165,I-79 exit 141,6.92,I-79 exit 35/141: 2 node(s) within 0.4 mi; no fuel station with the name within 1.5 mi
3728,42.633313,-73.763794,osm_exit,high,node/41267724,I-787 exit 2,2.85,I-787 exit 2: 2 node(s) within 0.5 mi; no fuel station with the name within 1.5 mi
3745,45.644730,-109.242703,osm_exit,high,node/418855562,I-90 exit 408,0.67,I-90 exit 408: 2 node(s) within 0.6 mi; no fuel station with the name within 1.5 mi
3767,36.662832,-77.556289,osm_exit,high,node/214711709,I-95 exit 8,2.56,I-95 exit 8: 2 node(s) within 0.1 mi; no fuel station with the name within 1.5 mi
3774,39.301591,-102.252323,osm_fuel,high,node/1441571875,Sinclair,1.04,name match 0.10 mi from I-70 exit 438 (node/177295159)
3781,40.825194,-102.799483,osm_exit,high,node/176098532,I-76 exit 149,2.32,I-76 exit 149: 2 node(s) within 0.6 mi; no fuel station with the name within 1.5 mi
3783,39.802359,-104.986879,osm_fuel,high,node/7215405389,Circle K,6.27,name match 0.22 mi from I-25 exit 215 (node/175847236)
3794,43.639201,-94.999619,osm_exit,high,node/187158359,I-90 exit 73,1.08,I-90 exit 73: 2 node(s) within 0.5 mi; no fuel station with the name within 1.5 mi
3817,39.051613,-104.848222,osm_exit,medium,node/1692191738,I-25 exit 158,13.58,I-25 exit 158: 2 node(s) within 0.6 mi; no fuel station with the name within 1.5 mi; 14 mi from the city
3843,36.278332,-97.327817,osm_exit,high,node/147256294,I-35 exit 185,1.10,I-35 exit 185: 2 node(s) within 0.4 mi; no fuel station with the name within 1.5 mi
3888,46.408600,-112.721421,osm_exit,high,node/508283384,I-90 exit 184,0.91,I-90 exit 184: 2 node(s) within 0.5 mi; no fuel station with the name within 1.5 mi
3889,27.486576,-82.458290,osm_fuel,high,way/1288951401,Circle K,7.27,name match 0.68 mi from I-75 exit 220 (node/98861649)
3936,36.188918,-86.266638,osm_exit,high,node/204102397,I-40 exit 239,4.41,I-40 exit 239: 3 node(s) within 0.2 mi; no fuel station with the name within 1.5 mi
3949,30.241656,-82.642871,osm_exit,high,node/299335558,I-10 exit 303 (old exit 44),3.66,I-10/SR-8 exit 303: 2 node(s) within 0.6 mi; no fuel station with the name within 1.5 mi
3964,42.224155,-85.787488,osm_fuel,high,way/901712602,Speedway,0.73,name match 0.20 mi from I-94 exit 66 (node/186101950)
3970,32.856171,-96.557889,osm_exit,medium,node/1557373389+node/81592931+node/81648792+node/82094650,I-30/US-67 exit 61A,5.60,"I-30 exit 61: 4 node(s) within 1.6 mi, midpoint of 4 exit nodes 1.6 mi apart, exit letter differs; no fuel station with the name within 1.5 mi"
3973,35.593823,-97.436614,osm_fuel,high,way/229834795,Love's,9.77,name match 0.16 mi from I-35/I-44 exit 137 (node/147496185)
3974,35.422891,-99.372066,osm_fuel,high,node/11711407862,Love's,3.93,name match 0.52 mi from I-40 exit 41 (node/144678361)
3975,30.258993,-82.123076,osm_exit,high,node/299277449,I-10 exit 335 (old exit 48),1.51,I-10 exit 335: 2 node(s) within 0.0 mi; no fuel station with the name within 1.5 mi
3979,41.563105,-87.354474,osm_fuel,high,way/219702639,Petro,1.95,name match 0.43 mi from I-80/I-94 exit 9 (node/27666878)
4008,44.938360,-92.367221,osm_exit,high,node/597466140,I-94 exit 19,1.11,I-94 exit 19: 2 node(s) within 0.7 mi; no fuel station with the name within 1.5 mi
4025,34.578068,-82.690553,osm_fuel,high,way/1110136116,BP,4.74,name match 0.12 mi from I-85 exit 21 (node/109749792)
4035,35.280679,-93.093268,osm_fuel,high,way/264988864,Pilot,2.51,name match 0.27 mi from I-40 exit 84 (node/118224792)
4063,31.359317,-89.349994,osm_fuel,high,way/560577066,Stuckey's,4.08,name match 0.27 mi from I-59 exit 67 (node/300738742)
4115,33.902773,-84.245300,osm_fuel,medium,node/2769353539,QuikTrip,14.04,name match 0.24 mi from I-85 exit 96 (node/68145537); nearest of 3 matching sites
4156,29.445068,-98.361228,osm_exit,high,node/1506895863,I-10/SR-130/US-90 exit 582,9.91,I-10 exit 582: 1 node(s) within 0.0 mi; no fuel station with the name within 1.5 mi
4161,31.784274,-81.377613,osm_exit,high,node/70918778,I-95 exit 76 (Midway;Sunbury),2.57,I-95 exit 76: 2 node(s) within 0.8 mi; no fuel station with the name within 1.5 mi
4169,35.196249,-114.067104,osm_exit,high,node/175231048,I-40/US-93 exit 48,3.50,I-40 exit 48: 2 node(s) within 0.7 mi; no fuel station with the name within 1.5 mi
4172,47.710044,-116.996363,osm_exit,high,node/129647187,I-90 exit 2,2.65,I-90 exit 2: 2 node(s) within 0.6 mi; no fuel station with the name within 1.5 mi
4179,32.194271,-81.194677,osm_fuel,high,way/1449862333,Circle K,0.66,name match 0.26 mi from I-95/SR-405 exit 109 (node/1687908086)
4187,34.576788,-84.946596,osm_fuel,high,way/230493063,Flying J,0.24,name match 0.23 mi from I-75 exit 320 (node/331012548)
4193,32.676236,-97.038108,osm_exit,high,node/82528059,I-20 exit 454,1.03,I-20 exit 454: 2 node(s) within 0.7 mi; no fuel station with the name within 1.5 mi
4199,38.857397,-98.703489,osm_exit,high,node/122079222,I-70/US-40 exit 193,1.26,I-70 exit 193: 2 node(s) within 0.4 mi; no fuel station with the name within 1.5 mi
4204,34.770635,-85.541622,osm_fuel,high,way/236500665,Pilot,0.94,name match 0.20 mi from I-59 exit 4 (node/68082324)
4211,35.609717,-115.391709,osm_fuel,high,way/264215609,Flying J,12.29,name match 0.10 mi from I-15 exit 1 (node/137641289)
4220,39.122554,-84.833421,osm_exit,high,node/179126432,I-275 exit 16,2.50,I-275 exit 16: 2 node(s) within 0.3 mi; no fuel station with the name within 1.5 mi
4222,36.405093,-87.022295,osm_fuel,high,way/1378974795,Circle K,1.69,name match 0.42 mi from I-24 exit 24 (node/303448605)
4227,35.460350,-97.682188,osm_exit,high,node/458733753,I-40/US-270 exit 140,9.50,I-40 exit 140: 2 node(s) within 0.7 mi; no fuel station with the name within 1.5 mi
4233,32.447714,-93.897301,osm_exit,high,node/114871372,I-20 exit 8,6.27,I-20 exit 8: 2 node(s) within 0.4 mi; no fuel station with the name within 1.5 mi
4239,38.006470,-84.210036,osm_fuel,high,node/9350460681,Speedway (ref 8256),1.10,name match 0.39 mi from I-64 exit 94 (node/162987239); OSM has the store number
4241,33.682193,-84.309301,osm_fuel,high,node/2427461577,Exxon,3.11,name match 1.34 mi from I-285 exit 53 (node/68150521)
4292,41.693442,-93.240912,osm_exit,high,node/160003465,I-80/US-6 exit 155,0.97,I-80/US-6 exit 155: 2 node(s) within 0.7 mi; no fuel station with the name within 1.5 mi
4301,46.888893,-102.739334,osm_exit,high,node/77845058,I-94 exit 64,2.69,I-94 exit 64: 2 node(s) within 0.7 mi; no fuel station with the name within 1.5 mi
4311,32.269568,-86.353211,osm_exit,high,node/58894006,I-65 exit 164,0.23,I-65 exit 164: 2 node(s) within 0.4 mi; no fuel station with the name within 1.5 mi
4332,40.750730,-88.002041,osm_fuel,high,way/887647683,Pilot,0.88,name match 0.33 mi from I-57 exit 283 (node/234818507)
4349,42.460833,-92.246765,osm_fuel,high,node/3950968352,Road Ranger (ref 144),1.20,name match 0.43 mi from I-380 exit 68 (node/158972894); OSM has the store number
4363,31.923091,-81.329411,osm_exit,high,node/66504016,I-95 exit 87 (Coastal Highway; Richmond Hill),1.95,I-95 exit 87: 2 node(s) within 0.2 mi; no fuel station with the name within 1.5 mi
4368,37.186078,-93.566250,osm_exit,high,node/190572912,I-44 exit 61,5.83,I-44 exit 61: 2 node(s) within 0.3 mi; no fuel station with the name within 1.5 mi
4372,32.340649,-81.958523,osm_exit,high,node/66727477,I-16 exit 111,3.47,I-16 exit 111: 2 node(s) within 0.7 mi; no fuel station with the name within 1.5 mi
4373,41.177316,-93.781332,osm_fuel,high,way/1225291541,Kum & Go,2.63,name match 0.29 mi from I-35 exit 43 (node/161237767)
4389,41.555134,-95.917479,osm_exit,high,node/159832207,I-29 exit 75,0.82,I-29 exit 75: 2 node(s) within 0.6 mi; no fuel station with the name within 1.5 mi
4395,36.893132,-89.529407,osm_fuel,high,node/2972358287,Break Time,3.26,name match 0.24 mi from I-55 exit 67 (node/193171445)
4417,35.009514,-106.065715,osm_fuel,high,way/226934271,TA,1.28,name match 0.35 mi from I-40 exit 194 (node/144333017)
4419,40.266325,-94.010686,osm_fuel,high,way/1001314352,Casey's General Store,1.02,name match 0.18 mi from I-35 exit 92 (node/190656159)
4427,41.496251,-94.319898,osm_fuel,high,node/11128450009,Casey's General Store,0.31,name match 0.29 mi from I-80/US-6 exit 93 (node/158880413)
4431,41.985867,-92.580625,osm_fuel,high,way/1107004964,Casey's General Store,0.30,name match 0.24 mi from US-63/US-30 exit 202 (node/1008097813)
4437,41.380502,-95.671514,osm_exit,high,node/160762131,I-80 exit 17,0.57,I-80 exit 17: 2 node(s) within 0.9 mi; no fuel station with the name within 1.5 mi
4441,36.319851,-82.838648,osm_exit,medium,node/1700713982,I-81 exit 36,10.54,I-81 exit 36: 2 node(s) within 0.8 mi; no fuel station with the name within 1.5 mi; 11 mi from the city
4445,45.196495,-93.549814,osm_fuel,high,way/226826723,TA,1.38,name match 0.48 mi from I-94/US-52 exit 207 (node/33422742)
4446,35.191599,-101.760844,osm_fuel,high,way/221639649,Love's,3.96,name match 0.44 mi from I-40 exit 74 (node/227805629)
4451,43.983398,-96.758760,osm_exit,high,node/511234109,I-29 exit 109,2.78,I-29 exit 109: 2 node(s) within 0.6 mi; no fuel station with the name within 1.5 mi
4452,42.454741,-92.407606,osm_fuel,high,node/5209368661,Casey's General Store (ref 2867),3.85,"store number and name match, 3.8 mi from city center (no exit in address)"
4458,41.690997,-92.067214,osm_fuel,high,way/1224805932,Kum & Go,3.18,name match 0.35 mi from I-80 exit 216 (node/159955660)
4460,38.738464,-84.835987,osm_exit,high,node/163702366,I-71 exit 62,1.16,I-71 exit 62: 2 node(s) within 0.5 mi; no fuel station with the name within 1.5 mi
4463,32.468402,-95.392835,osm_exit,high,node/394051884,I-20 exit 556,1.97,I-20 exit 556: 2 node(s) within 1.3 mi; no fuel station with the name within 1.5 mi
4482,43.567979,-116.202789,osm_exit,high,node/126193066,I-84/US-30 exit 54,3.15,I-84 exit 54: 2 node(s) within 0.7 mi; no fuel station with the name within 1.5 mi
4533,33.539383,-86.824753,osm_exit,high,node/56312665,I-65 exit 262B,1.81,I-65 exit 262B: 3 node(s) within 0.7 mi; no fuel station with the name within 1.5 mi
4544,36.883064,-76.185949,osm_fuel,high,way/407411862,Big Charlie's Truck Plaza,11.24,name match 0.86 mi from I-64 exit 282 (node/221104543)
4555,35.307444,-86.882256,osm_exit,high,node/472524302,I-65 exit 22,4.12,I-65 exit 22: 2 node(s) within 0.2 mi; no fuel station with the name within 1.5 mi
4560,41.880764,-112.169978,osm_exit,high,node/431459827,I-15 exit 392,1.29,I-15 exit 392: 2 node(s) within 0.8 mi; no fuel station with the name within 1.5 mi
4563,40.482618,-89.017366,osm_fuel,high,relation/14467904,Pilot,2.54,name match 0.61 mi from I-55/I-74/US-51 exit 160 (node/261230528)
4568,42.945644,-74.364993,osm_exit,high,node/1892616414,I-90 exit 28,0.25,I-90 exit 28: 2 node(s) within 0.5 mi; no fuel station with the name within 1.5 mi
4569,37.156129,-88.682544,osm_exit,high,node/236569226,I-24 exit 37,0.52,I-24 exit 37: 2 node(s) within 0.7 mi; no fuel station with the name within 1.5 mi
4574,40.191946,-88.364823,osm_fuel,high,relation/20010773,Circle K,1.31,name match 0.37 mi from I-74 exit 174 (node/37962215)
4582,46.210287,-96.022889,osm_exit,high,node/187666025,I-94/US-59 exit 61,5.76,I-94/US-52 exit 61: 2 node(s) within 0.5 mi; no fuel station with the name within 1.5 mi
4605,36.702806,-77.549232,osm_exit,high,node/220870769,I-95 exit 11B,0.87,I-95 exit 11B: 4 node(s) within 0.2 mi; no fuel station with the name within 1.5 mi
4618,32.444482,-93.954591,osm_exit,high,node/114862074,I-20 exit 5,0.95,I-20 exit 5: 2 node(s) within 0.5 mi; no fuel station with the name within 1.5 mi
4620,28.874081,-82.090307,osm_fuel,high,way/787215718,Pilot,6.89,name match 0.42 mi from I-75 exit 329 (node/7061416624)
4622,37.832278,-79.377706,osm_fuel,high,node/11381430094,ta (brand TA),5.01,name match 0.68 mi from I-81 exit 195 (node/218827858)
4637,40.157436,-89.412659,osm_fuel,high,node/3240580136,Pilot,2.29,name match 0.33 mi from I-55 exit 126 (node/235393094)
4642,39.420507,-87.699839,osm_exit,high,node/234078605,I-70 exit 147,1.52,I-70 exit 147: 2 node(s) within 0.7 mi; no fuel station with the name within 1.5 mi
4644,41.552777,-87.861910,osm_exit,medium,node/940942309,I-80 exit 145,1.78,"I-80 exit 145A: 2 node(s) within 0.8 mi, exit letter differs; no fuel station with the name within 1.5 mi"
4654,43.077862,-77.933107,osm_exit,high,node/221620530,I-490 exit 2,0.57,I-490 exit 2: 2 node(s) within 0.6 mi; no fuel station with the name within 1.5 mi
4655,42.255969,-78.066319,osm_exit,medium,node/120096725,I-86/SR-17 exit 30,3.07,"I-86 exit 30: 2 node(s) within 0.7 mi; no fuel station with the name within 1.5 mi; city name ambiguous, exit unique in its area"
4690,32.720859,-97.540723,osm_exit,medium,node/82403314,I-30 exit 1B,4.23,I-20/I-30 exit 1B: 3 node(s) within 1.8 mi; no fuel station with the name within 1.5 mi
4700,41.439892,-105.937321,osm_exit,medium,node/156503130,I-80 exit 290,19.29,I-80 exit 290: 2 node(s) within 0.7 mi; no fuel station with the name within 1.5 mi; 19 mi from the city
4704,39.693907,-79.258281,osm_exit,medium,node/619614870,I-68 exit 14A,5.74,"I-68/US-219 exit 14: 4 node(s) within 1.1 mi, exit letter differs; no fuel station with the name within 1.5 mi"
4707,40.119246,-79.885286,osm_exit,high,node/442648635,I-70 exit 39,7.95,I-70 exit 39: 2 node(s) within 0.1 mi; no fuel station with the name within 1.5 mi
4729,39.851960,-85.269834,osm_exit,high,node/179824227,I-70 exit 131,3.21,I-70 exit 131: 2 node(s) within 0.8 mi; no fuel station with the name within 1.5 mi
4742,46.929713,-104.008767,osm_fuel,high,way/231125135,Flying J,0.77,name match 0.20 mi from I-94 exit 1 (node/75775320)
4750,41.663301,-91.254691,osm_exit,high,node/159267305,I-80 exit 259,6.25,I-80 exit 259: 2 node(s) within 0.5 mi; no fuel station with the name within 1.5 mi
4762,41.922493,-83.361090,osm_exit,high,node/185312396,I-75 exit 15,1.26,I-75 exit 15: 2 node(s) within 0.7 mi; no fuel station with the name within 1.5 mi
4806,32.727553,-97.808683,osm_exit,high,node/6664882239,I-20 exit 406,3.15,I-20 exit 406: 2 node(s) within 1.0 mi; no fuel station with the name within 1.5 mi
4818,43.142305,-115.662937,osm_fuel,high,relation/13741633,Pilot,1.88,name match 0.23 mi from I-84/US-20 exit 95 (node/128838663)
4819,37.139924,-104.520135,osm_exit,high,node/598034861,I-25 exit 11,2.82,I-25 exit 11: 2 node(s) within 0.6 mi; no fuel station with the name within 1.5 mi
4826,33.591431,-86.157969,osm_exit,high,node/63879824,I-20 exit 165,1.90,I-20 exit 165: 2 node(s) within 0.5 mi; no fuel station with the name within 1.5 mi
4827,30.036414,-94.154101,osm_fuel,high,node/12079620865,Petro Truck Stops,3.39,name match 0.41 mi from I-10 exit 848 (node/225896780)
4856,45.917309,-111.599162,osm_fuel,high,node/9512341273,Pilot,2.94,name match 0.16 mi from I-90 exit 274 (node/39140382)
4858,38.037808,-97.322969,osm_exit,high,node/120527781,I-135/US-50/US-81 exit 31,1.20,I-135 exit 31: 2 node(s) within 1.1 mi; no fuel station with the name within 1.5 mi
4860,41.180733,-90.337006,osm_fuel,high,way/264238454,Pilot,0.79,name match 0.24 mi from I-74 exit 32 (node/466936776)
4872,34.253051,-83.465945,osm_exit,high,node/66145304,I-85 exit 149,2.73,I-85 exit 149: 2 node(s) within 0.5 mi; no fuel station with the name within 1.5 mi
4874,31.813017,-102.430002,osm_exit,high,node/224061671,I-20 exit 112,6.81,I-20 exit 112: 2 node(s) within 0.1 mi; no fuel station with the name within 1.5 mi
4878,43.598084,-116.592627,osm_fuel,medium,way/493336166,Shell,1.65,name match 0.74 mi from I-84 exit 35 (node/127722775); nearest of 2 matching sites
4881,40.122453,-74.718227,osm_exit,high,node/103599297,I-295 exit 56,1.96,I-295 exit 56: 1 node(s) within 0.0 mi; no fuel station with the name within 1.5 mi
4885,38.873795,-89.387312,osm_fuel,high,way/225051745,Love's,0.89,name match 0.22 mi from I-70 exit 45 (node/233789457)
4894,39.532844,-86.795614,osm_exit,high,node/181449044,I-70 exit 41,0.82,I-70 exit 41: 2 node(s) within 0.7 mi; no fuel station with the name within 1.5 mi
4910,38.975970,-110.126533,osm_exit,high,node/428851546,I-70/US-191/US-50/US-6 exit 164 (old exit 162),2.79,I-70 exit 164: 2 node(s) within 0.6 mi; no fuel station with the name within 1.5 mi
4918,35.999712,-83.777468,osm_fuel,high,way/223632511,Pilot,9.81,name match 0.26 mi from I-40 exit 398 (node/202783664)
4920,30.090051,-90.447474,osm_exit,high,node/123723260,I-10 exit 209,2.16,I-10 exit 209: 2 node(s) within 0.7 mi; no fuel station with the name within 1.5 mi
4921,36.975460,-84.107685,osm_fuel,high,way/225807076,Pilot,3.06,name match 0.26 mi from I-75 exit 29 (node/165554680)
4927,32.801912,-86.582241,osm_fuel,high,node/13968564300,Circle K,3.71,name match 0.22 mi from I-65 exit 205 (node/52550871)
4981,42.291710,-84.960092,osm_exit,high,node/183791458,I-94 exit 110,1.97,I-94 exit 110: 2 node(s) within 0.5 mi; no fuel station with the name within 1.5 mi
4983,44.935102,-92.195994,osm_fuel,high,way/390439568,Kwik Trip,2.05,name match 0.19 mi from I-94 exit 28 (node/597458038)
4996,45.795113,-108.461117,osm_exit,high,node/419207649,I-90/US-212 exit 452,4.42,I-90 exit 452: 2 node(s) within 0.5 mi; no fuel station with the name within 1.5 mi
5024,38.291114,-90.404137,osm_exit,high,node/457559642,I-55 exit 180,0.31,I-55 exit 180: 2 node(s) within 0.5 mi; no fuel station with the name within 1.5 mi
5044,37.094780,-93.807305,osm_fuel,high,node/794711505,TA,0.93,name match 0.24 mi from I-44 exit 46 (node/191352672)
5050,40.403263,-95.553038,osm_exit,high,node/188615662,I-29 exit 110,1.17,I-29/US-136 exit 110: 2 node(s) within 0.7 mi; no fuel station with the name within 1.5 mi
5056,39.856699,-94.175578,osm_exit,high,node/190119058,I-35 exit 61,2.01,I-35 exit 61: 2 node(s) within 0.4 mi; no fuel station with the name within 1.5 mi
5057,39.750438,-94.219843,osm_exit,high,node/190191064,I-35/SR-110 exit 54,0.80,I-35 exit 54: 2 node(s) within 0.4 mi; no fuel station with the name within 1.5 mi
5060,35.140906,-114.099201,osm_exit,high,node/174918381,I-40 exit 44,7.26,I-40 exit 44: 2 node(s) within 0.7 mi; no fuel station with the name within 1.5 mi
5064,31.695090,-89.117115,osm_exit,high,node/300760033,I-59/US-84 exit 97,1.85,I-59 exit 97: 2 node(s) within 0.3 mi; no fuel station with the name within 1.5 mi
5085,39.471205,-80.123342,osm_exit,high,node/87626589,I-79 exit 137,1.43,I-79 exit 137: 2 node(s) within 0.3 mi; no fuel station with the name within 1.5 mi
5111,31.353934,-89.348944,osm_exit,medium,node/300738742,I-59 exit 67A,3.72,"I-59 exit 67: 4 node(s) within 0.5 mi, exit letter differs; no fuel station with the name within 1.5 mi"
5117,39.949600,-86.347839,osm_fuel,high,way/1228855560,Circle K,1.98,name match 0.37 mi from I-65 exit 130 (node/178877556)
5128,41.689940,-92.009186,osm_fuel,high,node/6601675786,Casey's General Store,1.47,name match 0.32 mi from I-80 exit 220 (node/159968040)
5131,40.403263,-95.553038,osm_exit,high,node/188615662,I-29 exit 110,1.17,I-29 exit 110: 2 node(s) within 0.7 mi; no fuel station with the name within 1.5 mi
5132,38.071053,-91.409748,osm_exit,high,node/958110241,I-44 exit 208,0.35,I-44 exit 208: 2 node(s) within 0.5 mi; no fuel station with the name within 1.5 mi
5160,40.050849,-81.330287,osm_exit,high,node/428748426,I-70/US-40 exit 193,5.87,I-70 exit 193: 2 node(s) within 0.5 mi; no fuel station with the name within 1.5 mi
5163,34.314223,-88.792574,osm_exit,high,node/276925083,I-22/US-78 exit 81,0.36,US-78 exit 81: 2 node(s) within 0.5 mi; no fuel station with the name within 1.5 mi
5165,36.715981,-86.525848,osm_fuel,high,node/12094830610,ONE9,1.76,name match 0.25 mi from I-65 exit 6 (node/168311271)
5167,41.507057,-87.316010,osm_fuel,high,way/1037867368,Speedway (ref 7575),2.10,name match 0.36 mi from I-65 exit 255 (node/487046661); OSM has the store number
5170,39.987163,-78.251876,osm_exit,high,node/201011558,I-76 exit 161 (Breezewood),1.09,I-76 exit 161: 2 node(s) within 0.5 mi; no fuel station with the name within 1.5 mi
5183,35.584503,-78.146848,osm_fuel,high,node/5280124497,Petro Stopping Center (brand Petro),1.55,name match 0.33 mi from I-95 exit 106 (node/413758474)
5191,43.392418,-89.466803,osm_exit,high,node/53842588,I-39/I-90/I-94 exit 115,3.11,I-90/I-94 exit 115: 2 node(s) within 0.1 mi; no fuel station with the name within 1.5 mi
5203,30.629095,-87.618942,osm_exit,high,node/51878839,I-10 exit 53,7.12,I-10 exit 53: 2 node(s) within 0.4 mi; no fuel station with the name within 1.5 mi
5207,39.187393,-100.867520,osm_exit,high,node/123022439,I-70 exit 70,4.58,I-70 exit 70: 2 node(s) within 0.4 mi; no fuel station with the name within 1.5 mi
5227,35.318409,-78.575774,osm_fuel,high,way/236144789,Pilot Dealer--Sadler Travel Plaza (brand Pilot),2.15,name match 0.29 mi from I-95 exit 75 (node/171124921)
5230,41.644232,-91.149965,osm_fuel,high,node/12092853723,ONE9,5.08,name match 0.17 mi from I-80 exit 265 (node/159297898)
5236,39.638320,-75.807523,osm_fuel,high,node/2356268732,Flying J,2.37,name match 0.25 mi from I-95 exit 109 (node/182463444)
5247,42.868654,-89.050303,osm_exit,high,node/258487369,I-39/I-90 exit 160,2.27,I-90 exit 160: 2 node(s) within 0.8 mi; no fuel station with the name within 1.5 mi
5254,35.543648,-82.754483,osm_fuel,high,way/226934960,TA,3.50,name match 0.26 mi from I-40 exit 37 (node/169544592)
5255,38.859113,-94.810978,osm_exit,high,node/120614445,I-35/US-169/US-50/US-56 exit 215,1.66,I-35 exit 215: 2 node(s) within 0.8 mi; no fuel station with the name within 1.5 mi
5258,30.478839,-90.418998,osm_exit,high,node/415351158,I-12 exit 42,2.90,I-12 exit 42: 2 node(s) within 0.6 mi; no fuel station with the name within 1.5 mi
5285,40.732538,-74.124498,osm_exit,medium,node/1050766023,I-95 exit 15E,1.37,I-95 exit 15E: 8 node(s) within 3.2 mi; no fuel station with the name within 1.5 mi
5297,47.102222,-119.244747,osm_fuel,high,way/859496428,Ernie's Fuel Stop,2.31,name match 0.27 mi from I-90 exit 179 (node/48096904)
5299,36.715137,-86.518971,osm_fuel,high,way/1012733385,Sudden Service,2.15,name match 0.29 mi from I-65 exit 6 (node/168311271)
5302,37.388704,-79.900513,osm_fuel,high,way/1073690493,ONE9,2.29,name match 0.21 mi from I-81 exit 150 (node/207299843)
5306,40.959792,-80.660274,osm_fuel,high,way/220785758,Pilot,0.88,name match 0.56 mi from I-76 exit 232 (node/198480221)
5309,33.683331,-85.267141,osm_exit,high,node/70073197,I-20 exit 5,3.86,I-20 exit 5: 2 node(s) within 0.6 mi; no fuel station with the name within 1.5 mi
5310,44.470497,-93.295510,osm_fuel,high,node/2713422670,Flying J Travel Center (brand Flying J),6.26,name match 0.23 mi from I-35 exit 69 (node/187961740)
5341,42.787923,-96.206203,osm_exit,high,node/405117481,US-75 exit 118,1.73,US-75 exit 118: 2 node(s) within 0.7 mi; no fuel station with the name within 1.5 mi
5363,40.240848,-76.436456,osm_fuel,high,node/8380764144,Speedway (ref 6767),5.77,"store number and name match, 5.8 mi from city center (I-75 exit 20 not found in OSM within 25 mi)"
5389,41.231215,-112.007325,osm_fuel,high,node/10923316992,Flying J (ref 744),2.04,name match 0.39 mi from I-15 exit 343 (node/303688541); OSM has the store number
5391,32.269567,-109.244331,osm_exit,high,node/731530500,I-10 exit 378,0.83,I-10 exit 378: 2 node(s) within 0.8 mi; no fuel station with the name within 1.5 mi
5399,36.944558,-80.945745,osm_fuel,high,node/12245925364,Flying J,2.54,name match 0.13 mi from I-81/I-77 exit 80 (node/220299139)
5414,32.804654,-111.663325,osm_exit,high,node/343156928,I-10 exit 200,5.95,I-10 exit 200: 2 node(s) within 0.9 mi; no fuel station with the name within 1.5 mi
5419,35.196249,-114.067104,osm_exit,high,node/175231048,I-40/US-93 exit 48,3.50,I-40 exit 48: 2 node(s) within 0.7 mi; no fuel station with the name within 1.5 mi
5422,40.755562,-88.006795,osm_exit,high,node/234818507,I-57 exit 283,0.60,I-57 exit 283: 2 node(s) within 0.6 mi; no fuel station with the name within 1.5 mi
5446,32.444347,-93.900430,osm_fuel,high,way/219823638,Petro,6.50,name match 0.26 mi from I-20 exit 8 (node/114871372)
5462,43.493184,-112.053943,osm_exit,high,node/127087480,I-15 exit 118,0.96,I-15 exit 118: 2 node(s) within 0.5 mi; no fuel station with the name within 1.5 mi
5464,37.596265,-85.864881,osm_fuel,high,node/3301691434,Pilot Travel Center,2.26,name match 0.33 mi from I-65 exit 86 (node/164119443)
5474,28.358862,-80.792437,osm_fuel,high,node/12094850506,ONE9 (ref 88),2.16,name match 0.17 mi from I-95/SR-9 exit 201 (node/521960586); OSM has the store number
5477,44.388641,-123.057058,osm_fuel,high,way/1148412692,Chevron,2.62,name match 0.29 mi from I-5 exit 216 (node/408904302)
5479,26.899022,-82.006331,osm_exit,high,node/96104106,I-75 exit 161 (old exit 28),3.67,I-75 exit 161: 2 node(s) within 0.7 mi; no fuel station with the name within 1.5 mi
5491,37.223070,-84.209678,osm_exit,high,node/165545756,I-75 exit 49,4.90,I-75 exit 49: 2 node(s) within 0.6 mi; no fuel station with the name within 1.5 mi
5492,39.697178,-78.153208,osm_exit,high,node/103057440,I-70/US-40 exit 3,0.74,I-70 exit 3: 2 node(s) within 0.5 mi; no fuel station with the name within 1.5 mi
5522,36.518378,-89.597527,osm_fuel,high,node/2707974363,ONE9,0.47,name match 0.24 mi from I-55 exit 40 (node/191927142)
5523,39.270691,-103.706896,osm_fuel,high,node/1441571881,TA,1.19,name match 0.34 mi from I-70 exit 359 (node/177451684)
5529,36.486848,-80.746986,osm_fuel,high,way/265727848,Flying J,7.51,name match 0.31 mi from I-77 exit 100 (node/173428022)
5537,38.314673,-88.932955,osm_fuel,high,node/13659701034,Huck's Food & Fuel,0.84,name match 1.01 mi from I-57/I-64 exit 95 (node/391305670)
5554,33.993213,-93.187398,osm_exit,high,node/116583910,I-30 exit 63,5.67,I-30 exit 63: 2 node(s) within 0.4 mi; no fuel station with the name within 1.5 mi
5560,38.972995,-92.433359,osm_fuel,high,way/554745959,Midway,6.02,name match 0.10 mi from I-70 exit 121 (node/189118793)
5570,30.479108,-90.452319,osm_exit,high,node/415349206,I-12 exit 40,1.85,I-12 exit 40: 2 node(s) within 0.5 mi; no fuel station with the name within 1.5 mi
5592,34.074471,-80.996896,osm_fuel,high,node/10121730014,TA,5.70,name match 0.10 mi from I-20 exit 71 (node/1830277551)
5597,30.243792,-93.133426,osm_exit,high,node/114869642,I-10 exit 36,5.56,I-10 exit 36: 2 node(s) within 0.6 mi; no fuel station with the name within 1.5 mi
5601,36.990445,-88.504406,osm_fuel,high,node/11587027988,BP,9.52,name match 0.44 mi from I-24 exit 16 (node/166251012)
5603,40.874438,-81.430780,osm_exit,high,node/199893978,I-77 exit 111,1.75,I-77 exit 111: 2 node(s) within 0.7 mi; no fuel station with the name within 1.5 mi
5606,46.863290,-101.003323,osm_exit,high,node/77083519,I-94 exit 147,5.97,I-94 exit 147: 2 node(s) within 0.5 mi; no fuel station with the name within 1.5 mi
5607,32.202387,-96.475407,osm_exit,high,node/235566144,I-45/US-287 exit 238,2.85,I-45/FM-1603 exit 238: 2 node(s) within 0.4 mi; no fuel station with the name within 1.5 mi
5613,46.568296,-120.473035,osm_fuel,medium,node/5046927324,Chevron,3.95,name match 0.04 mi from I-82 exit 36 (node/316057001); nearest of 2 matching sites
5618,40.044266,-86.487090,osm_exit,high,node/767419473,I-65/US-52 exit 140,1.48,I-65/US-52 exit 140: 2 node(s) within 0.4 mi; no fuel station with the name within 1.5 mi
5649,30.170102,-90.871203,osm_exit,high,node/114662946,I-10 exit 182,0.97,I-10 exit 182: 2 node(s) within 0.7 mi; no fuel station with the name within 1.5 mi
5651,38.151550,-85.070020,osm_fuel,high,node/10075493295,Love's,1.03,name match 0.25 mi from I-64 exit 43 (node/168226421)
5660,42.161636,-72.544100,osm_exit,medium,node/64760629,I-90 exit 51 (old exit 6),1.73,I-90 exit 51: 2 node(s) within 0.3 mi; MA renumbered its exits; no fuel station with the name within 1.5 mi
5661,36.134892,-85.484732,osm_exit,high,node/1118318617,I-40 exit 288,1.77,I-40 exit 288: 2 node(s) within 0.6 mi; no fuel station with the name within 1.5 mi
5667,35.572346,-82.956286,osm_fuel,high,node/11048184643,Pilot,6.45,name match 0.26 mi from I-40 exit 24 (node/276830830)
5670,38.308472,-88.949893,osm_exit,high,node/391305670,I-57/I-64 exit 95,1.80,I-57/I-64 exit 95: 2 node(s) within 0.7 mi; no fuel station with the name within 1.5 mi
5674,33.555079,-83.480205,osm_exit,high,node/71540095,I-20 exit 114,1.67,I-20 exit 114: 2 node(s) within 0.7 mi; no fuel station with the name within 1.5 mi
5691,42.090325,-86.412299,osm_fuel,high,node/8382541028,Pilot,2.40,name match 0.24 mi from I-94 exit 30 (node/183804918)
5721,39.172694,-76.798098,osm_exit,high,node/720723548,I-95 exit 41B;41A,2.00,I-95 exit 41A: 2 node(s) within 1.1 mi; no fuel station with the name within 1.5 mi
5729,44.904888,-91.860906,osm_exit,high,node/230842009,I-94 exit 45,2.62,I-94 exit 45: 2 node(s) within 0.6 mi; no fuel station with the name within 1.5 mi
5739,41.963888,-83.353805,osm_fuel,high,node/8423787402,Pilot,3.62,name match 0.23 mi from I-75 exit 18 (node/185314201)
5751,30.644280,-83.187178,osm_fuel,high,way/1010806654,TA (brand BP),2.85,name match 0.41 mi from I-75 exit 2 (node/9503849248)
5754,42.838657,-84.228548,osm_exit,high,node/394491225,I-69 exit 105,0.63,I-69 exit 105: 2 node(s) within 0.9 mi; no fuel station with the name within 1.5 mi
5758,42.989185,-82.448620,osm_fuel,high,node/7045539163,Speedy Q,0.82,name match 0.34 mi from I-94 exit 274 (node/9518518668)
5770,43.504069,-87.829154,osm_exit,high,node/231849581,I-43/SR-32 exit 107,0.94,I-43 exit 107: 2 node(s) within 0.6 mi; no fuel station with the name within 1.5 mi
5771,41.885592,-86.600897,osm_exit,high,node/3678228119,I-94 exit 12,0.59,I-94 exit 12: 2 node(s) within 0.0 mi; no fuel station with the name within 1.5 mi
5774,41.053532,-77.196695,osm_exit,high,node/106427587,I-80 exit 192 (old exit 28),5.66,I-80 exit 192: 2 node(s) within 0.9 mi; no fuel station with the name within 1.5 mi
5780,35.756179,-80.346245,osm_fuel,high,node/11144752298,Bill's Truck Stop,1.64,name match 0.22 mi from I-85 exit 86 (node/170343460)
5799,43.665910,-93.573327,osm_exit,high,node/186932888,I-90 exit 146,0.20,I-90 exit 146: 2 node(s) within 0.4 mi; no fuel station with the name within 1.5 mi
5801,36.959571,-81.062194,osm_exit,high,node/220560998,I-81/US-52 exit 72,1.51,I-81 exit 72: 4 node(s) within 0.9 mi; no fuel station with the name within 1.5 mi
5821,45.236486,-122.807638,osm_fuel,high,node/334156887,TA Diesel (brand TA),2.52,name match 0.10 mi from I-5 exit 278 (node/40327533)
5823,32.311966,-81.056890,osm_fuel,high,node/10934062439,Enmarket,1.48,name match 0.31 mi from I-95 exit 8 (node/113020790)
5830,42.282965,-84.867303,osm_exit,high,node/183809846,I-94 exit 115,5.60,I-94 exit 115: 2 node(s) within 0.4 mi; no fuel station with the name within 1.5 mi
5842,41.426054,-87.755654,osm_fuel,high,way/219669692,Petro,0.64,name match 0.34 mi from I-57 exit 335 (node/237434092)
5860,44.317615,-93.295204,osm_fuel,high,way/448587550,Speedway,1.48,name match 0.31 mi from I-35 exit 59 (node/187962896)
5901,46.480861,-96.276381,osm_exit,high,node/187658470,I-94 exit 38,0.65,I-94 exit 38: 2 node(s) within 0.5 mi; no fuel station with the name within 1.5 mi
5903,45.722622,-94.959484,osm_exit,high,node/263704002,I-94 exit 127,1.01,I-94/US-52 exit 127: 2 node(s) within 0.7 mi; no fuel station with the name within 1.5 mi
5909,43.948992,-92.066538,osm_fuel,high,node/2955426874,Sinclair,1.41,name match 0.29 mi from I-90 exit 233 (node/188434546)
5927,38.403920,-78.905886,osm_exit,high,node/220990321,I-81 exit 243,2.85,I-81 exit 243: 2 node(s) within 0.6 mi; no fuel station with the name within 1.5 mi
5935,40.030643,-74.819894,osm_fuel,high,way/1371006223,Valero,3.12,name match 1.17 mi from I-295 exit 47A (node/103598527)
5942,38.344324,-90.396859,osm_exit,high,node/191051509,I-55 exit 185,0.63,I-55 exit 185: 2 node(s) within 0.6 mi; no fuel station with the name within 1.5 mi
5944,43.091831,-88.904321,osm_exit,high,node/231192067,I-94 exit 259,0.99,I-94 exit 259: 2 node(s) within 0.5 mi; no fuel station with the name within 1.5 mi
5946,44.112456,-103.272928,osm_fuel,high,way/254748371,Pilot Travel Center (operator Pilot Travel Centers),3.95,name match 0.28 mi from I-90 exit 55 (node/629365906)
5951,38.442617,-89.535923,osm_exit,high,node/392940420,I-64 exit 41,0.86,I-64 exit 41: 2 node(s) within 0.7 mi; no fuel station with the name within 1.5 mi
5963,30.696676,-101.100518,osm_exit,high,node/782903113,I-10 exit 372,6.31,I-10 exit 372: 2 node(s) within 0.9 mi; no fuel station with the name within 1.5 mi
5965,43.079891,-96.795926,osm_exit,high,node/382467326,I-29 exit 47,0.79,I-29 exit 47: 2 node(s) within 0.6 mi; no fuel station with the name within 1.5 mi
5979,30.249233,-92.040724,osm_exit,high,node/115580645,I-10/US-167 exit 101,3.11,I-10/SR-182 exit 101: 2 node(s) within 0.6 mi; no fuel station with the name within 1.5 mi
5980,37.199286,-77.463615,osm_exit,high,node/210350780,I-85/US-460 exit 63A,3.94,I-85/US-460 exit 63A: 4 node(s) within 0.2 mi; no fuel station with the name within 1.5 mi
5996,41.560564,-109.303448,osm_exit,high,node/486060305,I-80/US-191/US-30 exit 99,4.87,I-80/US-30 exit 99: 2 node(s) within 0.8 mi; no fuel station with the name within 1.5 mi
5999,34.187132,-93.070234,osm_fuel,high,node/10776035880,Pilot,4.13,name match 0.18 mi from I-30 exit 78 (node/116615401)
6010,30.420596,-99.673889,osm_exit,high,node/1081199631,I-10 exit 465,7.65,I-10 exit 465: 2 node(s) within 0.4 mi; no fuel station with the name within 1.5 mi
6018,40.488137,-89.026912,osm_fuel,high,way/223479812,Travel Centers of America (brand TA),3.11,name match 0.17 mi from I-55/I-74/I-39 exit 160 (node/261230528)
6037,42.445103,-96.414549,osm_fuel,high,node/8980901114,Crystal Oil - Diesel,1.18,name match 0.39 mi from I-129/US-20/US-75 exit 2 (node/133620550)
6041,36.748941,-80.773871,osm_exit,high,node/209489088,I-77 exit 14,2.24,I-77 exit 14: 2 node(s) within 0.5 mi; no fuel station with the name within 1.5 mi
6051,40.160126,-104.980487,osm_fuel,high,node/3780893580,Circle K,6.36,name match 0.23 mi from I-25 exit 240 (node/55739414)
6057,38.874351,-97.610603,osm_fuel,high,way/385780213,Pilot,4.24,name match 0.22 mi from I-70/US-40 exit 252 (node/492661531)
6058,40.556375,-84.170039,osm_exit,medium,node/196404022,I-75 exit 110,19.94,I-75 exit 110: 2 node(s) within 0.4 mi; no fuel station with the name within 1.5 mi; 20 mi from the city
6083,39.459465,-94.323748,osm_fuel,high,node/2321461487,BP,0.87,name match 0.16 mi from I-35 exit 33 (node/189857938)
6093,40.692075,-99.381492,osm_fuel,high,node/12094850511,ONE9 Fuel Stop (brand ONE9),1.96,name match 0.28 mi from I-80/US-183 exit 257 (node/133029127)
6097,40.676247,-99.261054,osm_exit,high,node/133113931,I-80 exit 263,6.72,I-80 exit 263: 2 node(s) within 0.6 mi; no fuel station with the name within 1.5 mi
6106,44.292911,-117.224871,osm_fuel,high,way/1063418636,TA,4.46,name match 0.09 mi from I-84 exit 353 (node/766149631)
6150,37.392605,-79.902789,osm_exit,medium,node/207299843,I-81 exit 150B,2.14,"I-81 exit 150: 4 node(s) within 0.5 mi, exit letter differs; no fuel station with the name within 1.5 mi"
6154,30.495303,-88.340192,osm_exit,high,node/58005499,I-10 exit 4,1.62,I-10 exit 4: 2 node(s) within 0.5 mi; no fuel station with the name within 1.5 mi
6164,41.614522,-90.782392,osm_fuel,medium,relation/11097557,Pilot,1.88,name match 0.19 mi from I-80/US-6 exit 284 (node/160978636); nearest of 2 matching sites
6165,39.021819,-94.202174,osm_exit,high,node/190947692,I-70 exit 24,0.90,I-70 exit 24: 2 node(s) within 0.4 mi; no fuel station with the name within 1.5 mi
6172,42.861656,-84.886738,osm_fuel,high,node/8194262104,Speedway,0.83,name match 0.20 mi from I-96 exit 77 (node/184498457)
6173,42.296174,-83.878657,osm_fuel,medium,node/5471247118,Pilot,2.50,name match 0.27 mi from I-94 exit 167 (node/62480827); nearest of 2 matching sites
6179,30.314530,-91.835689,osm_exit,high,node/123773768,I-10 exit 115,4.72,I-10 exit 115: 2 node(s) within 0.6 mi; no fuel station with the name within 1.5 mi
6180,35.020335,-85.296568,osm_exit,high,node/202561702,I-24/US-27 exit 180B,4.17,I-24 exit 180B: 4 node(s) within 0.4 mi; no fuel station with the name within 1.5 mi
6182,33.644162,-85.506852,osm_exit,high,node/52878670,I-20 exit 205,3.60,I-20 exit 205: 2 node(s) within 0.5 mi; no fuel station with the name within 1.5 mi
6198,36.977009,-77.393951,osm_fuel,high,node/10208295758,Davis Express,2.03,name match 0.16 mi from I-95/US-301 exit 33 (node/220056886)
6200,41.197319,-79.975433,osm_fuel,high,way/552617463,Kwik Fill,4.59,name match 0.39 mi from I-80 exit 29 (node/795341478)
6206,43.494737,-89.496849,osm_exit,high,node/53827782,I-90/I-94 exit 108A-B,4.05,I-90/I-94 exit 108A: 2 node(s) within 1.0 mi; no fuel station with the name within 1.5 mi
6212,38.291114,-90.404137,osm_exit,high,node/457559642,I-55 exit 180,0.31,I-55 exit 180: 2 node(s) within 0.5 mi; no fuel station with the name within 1.5 mi
6214,43.279237,-88.191524,osm_exit,high,node/213268595,I-41/US-41 exit 60,3.49,I-41 exit 60: 2 node(s) within 0.5 mi; no fuel station with the name within 1.5 mi
6218,35.505736,-108.833738,osm_fuel,high,node/8356711882,Love's,5.09,name match 0.31 mi from I-40 exit 16 (node/610488018)
6221,31.661748,-106.242183,osm_exit,medium,node/1588414592+node/179613010,I-10 exit 37,16.98,"I-10 exit 37: 2 node(s) within 1.6 mi, midpoint of 2 exit nodes 1.6 mi apart; no fuel station with the name within 1.5 mi; 17 mi from the city"
6222,39.354989,-94.766768,osm_fuel,high,relation/11579210,QuikTrip,0.65,name match 0.13 mi from I-29/US-71 exit 18 (node/5455527609)
6227,32.697097,-96.629066,osm_exit,medium,node/81625733,I-20 exit 479B,10.39,"I-20 exit 479: 4 node(s) within 0.8 mi, exit letter differs; no fuel station with the name within 1.5 mi; 10 mi from the city"
6229,39.932940,-83.616154,osm_exit,high,node/196778977,I-70 exit 66,0.28,I-70 exit 66: 2 node(s) within 0.5 mi; no fuel station with the name within 1.5 mi
6242,38.817253,-90.958055,osm_exit,high,node/1896644950,I-70/US-40 exit 203,0.20,I-70 exit 203: 2 node(s) within 0.4 mi; no fuel station with the name within 1.5 mi
6251,30.312719,-91.832193,osm_fuel,high,relation/14420978,Valero,4.85,name match 0.24 mi from I-10/SR-347 exit 115 (node/123773768)
6252,41.522398,-83.462237,osm_fuel,high,node/9421654611,Pilot,9.48,name match 0.28 mi from I-80/I-90 exit 71 (node/200626991)
6271,33.260006,-97.177732,osm_exit,high,node/81686255,I-35/US-77 exit 471,3.61,I-35 exit 471: 2 node(s) within 0.7 mi; no fuel station with the name within 1.5 mi
6275,47.466886,-121.722362,osm_exit,high,node/35830617,I-90 exit 34,2.61,I-90 exit 34: 2 node(s) within 0.6 mi; no fuel station with the name within 1.5 mi
6286,38.009979,-84.204541,osm_exit,high,node/162987239,I-64 exit 94,0.92,I-64 exit 94: 2 node(s) within 0.5 mi; no fuel station with the name within 1.5 mi
6290,41.409748,-84.080716,osm_exit,medium,node/529043473+node/63105977+node/63166363+node/63176208,US-24/US-6 exit 41,2.43,"US-6/US-24/CR-3 exit 41: 4 node(s) within 3.0 mi, midpoint of 4 exit nodes 3.0 mi apart; no fuel station with the name within 1.5 mi"
6293,35.180995,-107.904380,osm_fuel,high,way/220149156,Shell (operator Petro Gas Station),1.28,name match 0.27 mi from I-40 exit 79 (node/616347386)
6299,40.835130,-91.201600,osm_exit,high,node/393871963,SR-163/US-34 exit 258,1.65,US-34 exit 258: 2 node(s) within 0.7 mi; no fuel station with the name within 1.5 mi
6305,38.242145,-77.501780,osm_exit,high,node/445766967,I-95/US-17 exit 126,4.03,I-95 exit 126: 3 node(s) within 0.5 mi; no fuel station with the name within 1.5 mi
6308,38.208456,-85.352776,osm_exit,high,node/168235247,I-64 exit 28,0.57,I-64 exit 28: 2 node(s) within 0.6 mi; no fuel station with the name within 1.5 mi
6309,34.395048,-92.830594,osm_exit,high,node/453205796,I-30 exit 98A,1.58,I-30/US-270 exit 98A: 4 node(s) within 0.5 mi; no fuel station with the name within 1.5 mi
6318,34.736004,-97.260076,osm_exit,high,node/145742086,I-35 exit 72,2.71,I-35 exit 72: 2 node(s) within 0.6 mi; no fuel station with the name within 1.5 mi
6326,36.937988,-97.346957,osm_exit,high,node/146206220,I-35 exit 231,1.17,I-35 exit 231: 2 node(s) within 0.4 mi; no fuel station with the name within 1.5 mi
6327,35.876465,-84.235024,osm_fuel,high,node/12323181649,Petro,17.26,name match 0.34 mi from I-40/I-75 exit 369 (node/472254627)
6341,41.781076,-107.217000,osm_exit,high,node/156550288,I-80/US-30 exit 214,0.48,I-80 exit 214: 2 node(s) within 0.9 mi; no fuel station with the name within 1.5 mi
6351,33.602123,-114.523498,osm_fuel,high,way/230486089,Flying J,2.48,name match 0.06 mi from I-10 exit 1 (node/174644606)
6370,32.915888,-96.434460,osm_exit,high,node/4880483602,I-30/US-67 exit 68,0.26,I-30/US-67 exit 68: 2 node(s) within 1.4 mi; no fuel station with the name within 1.5 mi
6387,40.649706,-116.953452,osm_exit,high,node/138238707,I-80 exit 229,1.50,I-80 exit 229: 2 node(s) within 0.6 mi; no fuel station with the name within 1.5 mi
6393,38.239393,-86.362395,osm_fuel,high,way/267162689,Pilot,2.80,name match 0.21 mi from I-64 exit 92 (node/179091946)
6401,30.448998,-89.076014,osm_fuel,high,node/9268964964,Circle K,2.08,name match 1.25 mi from I-10 exit 34B (node/125110940)
6441,37.143030,-84.110395,osm_exit,high,node/165561783,I-75 exit 41,2.61,I-75 exit 41: 2 node(s) within 0.5 mi; no fuel station with the name within 1.5 mi
6448,31.698368,-89.115752,osm_fuel,high,way/467017941,Circle K,1.98,name match 0.16 mi from I-59 exit 97 (node/300760033)
6468,35.334977,-99.597077,osm_exit,high,node/144677860,I-40 exit 26,3.24,I-40 exit 26: 2 node(s) within 0.5 mi; no fuel station with the name within 1.5 mi
6480,45.297397,-118.043500,osm_fuel,high,node/5048592723,Flying J,2.82,name match 0.30 mi from I-84 exit 265 (node/1062495579)
6502,40.072719,-95.188874,osm_exit,high,node/190732833,I-29 exit 79,6.20,I-29 exit 79: 2 node(s) within 0.4 mi; no fuel station with the name within 1.5 mi
6517,40.742837,-113.977133,osm_exit,high,node/520335688,I-80 exit 4,2.83,I-80 exit 4: 2 node(s) within 0.7 mi; no fuel station with the name within 1.5 mi
6518,46.244456,-112.117493,osm_fuel,high,node/3420678103,Town Pump (brand Exxon),0.61,name match 0.29 mi from I-15 exit 164 (node/434742347)
6526,42.747629,-86.066409,osm_exit,high,node/3690481056,I-196 exit 49,2.11,I-196/SR-40 exit 49: 2 node(s) within 0.8 mi; no fuel station with the name within 1.5 mi
6527,45.633877,-108.919861,osm_exit,high,node/418852766,I-90 exit 426,0.33,I-90 exit 426: 2 node(s) within 0.5 mi; no fuel station with the name within 1.5 mi
6547,44.277076,-105.495299,osm_fuel,high,way/226827099,Flying J,0.36,name match 0.50 mi from I-90 exit 126 (node/498200401)
6562,39.601224,-94.790871,osm_fuel,high,way/1086839014,Pilot,0.36,name match 0.13 mi from I-29 exit 35 (node/189166058)
6563,33.669700,-97.152294,osm_fuel,high,way/865119447,Road Ranger,2.16,name match 0.27 mi from I-35 exit 500 (node/223444731)
6565,36.325804,-82.835337,osm_fuel,high,way/229591477,BP (operator TA),10.94,name match 0.45 mi from I-81 exit 36 (node/1700713982)
6567,45.650005,-110.607993,osm_exit,high,node/418561295,I-90/US-191 exit 330,2.75,I-90 exit 330: 2 node(s) within 0.4 mi; no fuel station with the name within 1.5 mi
6577,39.630471,-77.773632,osm_exit,medium,node/616938680,I-81 exit 5B,2.73,"I-81 exit 5W: 4 node(s) within 0.4 mi, exit letter differs; no fuel station with the name within 1.5 mi"
6578,48.513323,-111.873081,osm_fuel,high,way/152173712,Town Pump (brand Exxon),0.92,name match 0.22 mi from I-15/US-2 exit 363 (node/46309765)
6588,45.877245,-112.096965,osm_exit,high,node/43331752,I-90 exit 249,0.43,I-90 exit 249: 2 node(s) within 0.5 mi; no fuel station with the name within 1.5 mi
6593,35.188875,-111.625993,osm_exit,high,node/174599096,I-40 exit 198,0.39,I-40 exit 198: 2 node(s) within 0.6 mi; no fuel station with the name within 1.5 mi
6607,39.088135,-76.624822,osm_exit,high,node/349140071,I-97 exit 10,2.33,I-97 exit 10: 3 node(s) within 0.8 mi; no fuel station with the name within 1.5 mi
6628,36.068669,-79.358457,osm_exit,high,node/169056545,I-40/I-85 exit 150,1.61,I-85 exit 150: 2 node(s) within 0.6 mi; no fuel station with the name within 1.5 mi
6632,31.924608,-81.332682,osm_fuel,high,way/226931520,TA,2.15,name match 0.17 mi from I-95/SR-405 exit 87 (node/66504016)
6633,44.781489,-117.812981,osm_fuel,high,node/3115165014,Sinclair (operator Baker Truck Corral),1.03,name match 0.26 mi from I-84 exit 304 (node/765378912)
6640,40.356990,-104.982312,osm_exit,high,node/51039679,I-25 exit 254,5.08,I-25 exit 254: 2 node(s) within 0.8 mi; no fuel station with the name within 1.5 mi
6642,27.634263,-80.515923,osm_exit,high,node/507657034,I-95 exit 147 (old exit 68),7.57,I-95/SR-9 exit 147: 2 node(s) within 0.7 mi; no fuel station with the name within 1.5 mi
6646,40.940181,-87.214960,osm_fuel,high,relation/21236742,Family Express,3.30,name match 0.39 mi from I-65 exit 215 (node/180007476)
6655,39.644177,-75.797043,osm_fuel,high,way/217813138,TA,2.96,name match 0.28 mi from I-95 exit 109B (node/182463444)
6661,35.859933,-86.829718,osm_fuel,high,node/2503437251,TA,3.94,name match 0.21 mi from I-65 exit 61 (node/304708036)
6663,35.925711,-80.585652,osm_exit,high,node/170435686,I-40 exit 170,2.26,I-40 exit 170: 2 node(s) within 0.6 mi; no fuel station with the name within 1.5 mi
6677,43.465000,-96.797428,osm_exit,high,node/1876439606,I-29 exit 73,6.17,I-29 exit 73: 2 node(s) within 0.6 mi; no fuel station with the name within 1.5 mi
6701,34.115784,-86.866254,osm_exit,high,node/55014607,I-65 exit 304,4.47,I-65 exit 304: 2 node(s) within 0.3 mi; no fuel station with the name within 1.5 mi
6716,46.866504,-96.861168,osm_fuel,high,way/244111397,Marathon,1.52,name match 1.06 mi from I-29/US-81 exit 65 (node/75118481)
6721,46.865707,-96.841956,osm_exit,high,node/75112566,I-29/US-81 exit 64,0.61,I-29 exit 64: 2 node(s) within 0.7 mi; no fuel station with the name within 1.5 mi
6725,47.929429,-97.093354,osm_exit,high,node/75862717,I-29/US-81 exit 141,0.73,I-29 exit 141: 2 node(s) within 0.6 mi; no fuel station with the name within 1.5 mi
6734,38.675759,-104.711344,osm_exit,high,node/431908567,I-25 exit 128,1.90,I-25 exit 128: 2 node(s) within 0.5 mi; no fuel station with the name within 1.5 mi
6736,40.469732,-93.976220,osm_exit,high,node/190655065,I-35 exit 106,0.52,I-35 exit 106: 2 node(s) within 0.5 mi; no fuel station with the name within 1.5 mi
6742,45.413557,-94.056389,osm_fuel,high,way/810619939,Holiday,0.63,name match 0.27 mi from I-94/US-52 exit 178 (node/188472241)
6745,30.416917,-91.435901,osm_fuel,high,node/13917553328,Tiger Truck Stop,0.23,name match 0.21 mi from I-10 exit 139 (node/115458031)
6755,34.784177,-92.133891,osm_exit,high,node/118422890,I-40 exit 161,5.74,I-40 exit 161: 2 node(s) within 0.6 mi; no fuel station with the name within 1.5 mi
6760,44.281843,-73.530500,osm_exit,high,node/212053604,I-87 exit 32,1.80,I-87 exit 32: 2 node(s) within 0.6 mi; no fuel station with the name within 1.5 mi
6765,33.079973,-80.654835,osm_exit,medium,node/111699340,I-95 exit 68 (Canadys;Bamberg),12.42,I-95 exit 68: 2 node(s) within 0.6 mi; no fuel station with the name within 1.5 mi; 12 mi from the city
6806,40.580431,-75.712167,osm_exit,high,node/724268700,I-78/US-22 exit 45,5.33,I-78/US-22 exit 45: 2 node(s) within 0.4 mi; no fuel station with the name within 1.5 mi
6810,37.723958,-77.449821,osm_exit,high,node/443067062,I-95 exit 89,2.81,I-95 exit 89: 2 node(s) within 0.6 mi; no fuel station with the name within 1.5 mi
6823,31.661748,-106.242183,osm_exit,medium,node/1588414592+node/179613010,I-10 exit 37,16.98,"I-10 exit 37: 2 node(s) within 1.6 mi, midpoint of 2 exit nodes 1.6 mi apart; no fuel station with the name within 1.5 mi; 17 mi from the city"
6840,32.242178,-107.988460,osm_exit,medium,node/33450274,I-10 exit 68,13.86,I-10 exit 68: 2 node(s) within 0.6 mi; no fuel station with the name within 1.5 mi; 14 mi from the city
6845,40.743113,-99.746964,osm_exit,high,node/133771571,I-80 exit 237,2.37,I-80 exit 237: 2 node(s) within 0.7 mi; no fuel station with the name within 1.5 mi
6850,42.731490,-105.340258,osm_exit,high,node/1887323716,I-25/US-20/US-26/US-87 exit 135,3.33,I-25 exit 135: 2 node(s) within 0.1 mi; no fuel station with the name within 1.5 mi
6857,39.534346,-119.742504,osm_exit,high,node/382879083,I-80 exit 19,3.12,I-80 exit 19: 2 node(s) within 0.6 mi; no fuel station with the name within 1.5 mi
6864,34.478723,-92.729098,osm_exit,high,node/453186233,I-30 exit 106,8.96,I-30 exit 106: 2 node(s) within 0.7 mi; no fuel station with the name within 1.5 mi
6869,40.068346,-80.566637,osm_exit,high,node/441767744,I-70 exit 11,1.35,I-70 exit 11: 2 node(s) within 0.4 mi; no fuel station with the name within 1.5 mi
6885,38.308118,-81.565844,osm_exit,high,node/469425047,I-64/I-77 exit 95,4.57,I-77 exit 95: 2 node(s) within 0.1 mi; no fuel station with the name within 1.5 mi
6886,39.157029,-108.300926,osm_exit,high,node/380548946,I-70 exit 47,4.54,I-70 exit 47: 2 node(s) within 0.4 mi; no fuel station with the name within 1.5 mi
6915,43.053999,-70.811516,osm_fuel,high,way/326174983,Sunoco,1.64,name match 0.13 mi from I-95 exit 3 (node/12537781694)
6927,32.485565,-85.639599,osm_exit,high,node/57021268,I-85 exit 42,5.25,I-85 exit 42: 2 node(s) within 0.5 mi; no fuel station with the name within 1.5 mi
6944,45.917845,-119.323837,osm_fuel,high,node/3669470915,Shell (operator Crossroads Truck Stop),0.39,name match 0.23 mi from I-82 exit 1 (node/42568219)
6951,45.640500,-118.687676,osm_exit,high,node/42798374,I-84/US-30 exit 216,6.81,I-84 exit 216: 2 node(s) within 0.4 mi; no fuel station with the name within 1.5 mi
6960,41.260208,-110.974513,osm_exit,high,node/158262287,I-80/US-189 exit 3,0.56,I-80/US-189 exit 3: 2 node(s) within 1.0 mi; no fuel station with the name within 1.5 mi
6961,41.124579,-104.848411,osm_exit,high,node/458233971,I-25/US-87 exit 9,2.58,I-25 exit 9: 4 node(s) within 1.3 mi; no fuel station with the name within 1.5 mi
6962,41.541912,-109.865201,osm_exit,high,node/158279142,I-80/US-30 exit 68,1.14,I-80 exit 68: 2 node(s) within 0.8 mi; no fuel station with the name within 1.5 mi
6970,44.963749,-92.686740,osm_exit,high,node/270878923,I-94/US-12 exit 4,2.13,I-94 exit 4: 2 node(s) within 0.6 mi; no fuel station with the name within 1.5 mi
6971,43.251541,-88.184731,osm_fuel,high,node/12085133010,Kwik Trip,2.62,name match 0.27 mi from I-41 exit 57 (node/262579983)
6975,43.181606,-89.328115,osm_exit,high,node/53330486,I-39/I-90/I-94 exit 132,3.44,I-90/I-94 exit 132: 2 node(s) within 0.5 mi; no fuel station with the name within 1.5 mi
6980,43.181606,-89.328115,osm_exit,high,node/53330486,I-39/I-90/I-94 exit 132,3.44,I-90/I-94/I-39 exit 132: 2 node(s) within 0.5 mi; no fuel station with the name within 1.5 mi
6981,42.745955,-90.341634,osm_fuel,high,way/446610719,Kwik Trip,0.68,name match 0.24 mi from US-151 exit 26 (node/255028391)
6984,38.454515,-81.935150,osm_fuel,high,way/220734028,TA Travel Authority (brand TA),4.86,name match 0.30 mi from I-64 exit 39 (node/946821534)
6986,47.244943,-122.384588,osm_fuel,high,way/225046866,Love's,3.56,name match 0.27 mi from I-5 exit 136B (node/110379628)
6987,46.973447,-120.539819,osm_exit,high,node/412318840,I-90/US-97 exit 109,1.90,I-90 exit 109: 2 node(s) within 0.3 mi; no fuel station with the name within 1.5 mi
6992,46.951425,-122.940865,osm_fuel,high,way/1148694683,Flying J,2.85,name match 0.32 mi from I-5 exit 99 (node/51341043)
6994,47.663354,-117.315544,osm_fuel,high,node/12300433387,Flying J,5.49,name match 0.21 mi from I-90 exit 286 (node/364168262)
6999,36.599592,-78.150470,osm_fuel,high,node/6595821186,Simmons,2.40,name match 0.24 mi from I-85 exit 4 (node/216459146)
7003,37.762582,-77.460514,osm_exit,high,node/444060854,I-95 exit 92,0.67,I-95 exit 92: 3 node(s) within 0.4 mi; no fuel station with the name within 1.5 mi
7005,37.929600,-79.228879,osm_fuel,high,node/1294042514,Petro Dealer (brand Petro),0.58,name match 0.14 mi from I-81/I-64 exit 205 (node/218752483)
7007,41.681302,-91.566220,osm_fuel,high,way/233319250,Kum & Go,1.99,name match 0.35 mi from I-80 exit 242 (node/160082555)
7013,38.288192,-112.650444,osm_exit,high,node/286496962,I-15 exit 112,1.08,I-15 exit 112: 2 node(s) within 0.7 mi; no fuel station with the name within 1.5 mi
7016,40.689465,-112.263262,osm_fuel,high,way/229594879,"Salt Lake City Travel Center (brand TravelCenters of America, operator TravelCenters of America)",10.63,name match 0.66 mi from I-80 exit 99 (node/520812346)
7018,40.727133,-111.915986,osm_fuel,high,way/229730979,Flying J,3.53,name match 1.02 mi from I-15/I-80/SR-201 exit 305 (node/352871780)
7023,35.191051,-101.758261,osm_fuel,high,way/221640035,TA,4.11,name match 0.59 mi from I-40 exit 74 (node/227805629)
7037,31.035799,-104.850356,osm_exit,high,node/150389376,I-10 exit 138,1.02,I-10 exit 138: 2 node(s) within 1.1 mi; no fuel station with the name within 1.5 mi
7056,32.449511,-100.438119,osm_exit,high,node/227445669,I-20/US-84 exit 242,2.20,I-20 exit 242: 2 node(s) within 0.6 mi; no fuel station with the name within 1.5 mi
7058,33.555818,-101.845158,osm_exit,medium,node/226725448,I-27/US-87 exit 530C (old exit 1C),2.55,"I-27 exit 1C: 6 node(s) within 2.8 mi, matched on the old exit number (old_ref); no fuel station with the name within 1.5 mi"
7059,32.262340,-101.495525,osm_exit,high,node/225589035,I-20 exit 177,1.75,I-20 exit 177: 2 node(s) within 0.6 mi; no fuel station with the name within 1.5 mi
7064,31.777664,-106.392804,osm_fuel,medium,way/973274295,Speedway,5.34,name match 0.31 mi from I-10 exit 25 (node/6624892868); a site of another store set aside
7066,29.864922,-97.943948,osm_exit,medium,node/151424905,I-35 exit 204,0.74,I-35 exit 204: 2 node(s) within 1.7 mi; no fuel station with the name within 1.5 mi
7072,36.017503,-86.624142,osm_exit,high,node/202476638,I-24 exit 62,3.98,I-24 exit 62: 2 node(s) within 0.5 mi; no fuel station with the name within 1.5 mi
7077,35.307444,-86.882256,osm_exit,high,node/472524302,I-65 exit 22,4.12,I-65 exit 22: 2 node(s) within 0.2 mi; no fuel station with the name within 1.5 mi
7078,35.598039,-89.052390,osm_exit,high,node/471243981,I-40 exit 68,5.26,I-40/SR-138 exit 68: 2 node(s) within 0.3 mi; no fuel station with the name within 1.5 mi
7080,35.006648,-106.023634,osm_exit,high,node/470015920,I-40 exit 197,1.20,I-40 exit 197: 2 node(s) within 0.7 mi; no fuel station with the name within 1.5 mi
7087,43.886126,-100.704990,osm_fuel,high,way/265138292,Pilot,0.51,name match 0.33 mi from I-90 exit 192 (node/80033676)
7088,44.099454,-103.158064,osm_exit,high,node/629552214,I-90/SR-79/US-14 exit 61,3.56,I-90 exit 61: 2 node(s) within 0.6 mi; no fuel station with the name within 1.5 mi
7092,43.603912,-96.712700,osm_fuel,high,node/1345443282,Love's,4.47,name match 0.23 mi from I-90 exit 399 (node/80644773)
7095,33.707894,-80.241700,osm_exit,high,node/111644665,I-95 exit 119,1.75,I-95 exit 119: 2 node(s) within 0.6 mi; no fuel station with the name within 1.5 mi
7106,41.175489,-79.739522,osm_fuel,high,way/1216052886,Pilot Gas Station (brand Pilot),1.64,name match 0.27 mi from I-80 exit 42 (node/1666761619)
7112,40.350547,-76.728304,osm_exit,high,node/473236638,I-81 exit 77,9.74,I-81 exit 77: 2 node(s) within 0.7 mi; no fuel station with the name within 1.5 mi
7116,40.959524,-77.762264,osm_fuel,high,node/1657014410,Travel Centers of America (brand TA),1.94,name match 0.35 mi from I-80 exit 158 (node/105950887)
7121,41.014756,-76.485124,osm_exit,high,node/60672812,I-80 exit 232,1.70,I-80 exit 232: 2 node(s) within 0.8 mi; no fuel station with the name within 1.5 mi
7126,41.038671,-78.406287,osm_exit,high,node/104589224,I-80 exit 120,2.09,I-80 exit 120: 2 node(s) within 0.7 mi; no fuel station with the name within 1.5 mi
7128,40.466924,-76.335707,osm_exit,high,node/473224651,I-78/US-22 exit 10,6.74,I-78 exit 10: 2 node(s) within 0.5 mi; no fuel station with the name within 1.5 mi
7129,41.172773,-79.099413,osm_fuel,high,way/220638284,TA (ref 0003),1.16,name match 0.21 mi from I-80 exit 78 (node/107068639)
7131,40.001140,-78.232806,osm_fuel,high,way/220648297,"Travel Centers of America (brand TA, operator Gateway Travel)",0.33,name match 1.40 mi from I-76/US-30 exit 161 (node/201011558)
7132,35.780013,-115.324929,osm_fuel,high,way/326057224,One9,0.10,name match 0.34 mi from I-15 exit 12 (node/137041164)
7135,40.226967,-77.161291,osm_exit,medium,node/111366677,I-76 exit 226 (Carlisle),2.93,I-76 exit 226: 5 node(s) within 2.0 mi; no fuel station with the name within 1.5 mi
7136,41.027097,-77.521311,osm_fuel,high,node/1657015262,Travel Centers of America (brand TA),1.18,name match 0.38 mi from I-80 exit 173 (node/106432905)
7137,41.201564,-79.980425,osm_exit,high,node/795341478,I-80 exit 29,4.77,I-80 exit 29: 2 node(s) within 0.6 mi; no fuel station with the name within 1.5 mi
7147,45.597428,-122.670108,osm_fuel,high,way/371549994,Jubitz,4.29,name match 0.69 mi from I-5 exit 307 (node/254821865)
7148,45.544990,-122.386658,osm_exit,high,node/40661676,I-84/US-30 exit 17,0.49,I-84 exit 17: 2 node(s) within 0.9 mi; no fuel station with the name within 1.5 mi
7154,35.460350,-97.682188,osm_exit,high,node/458733753,I-40/US-270 exit 140,9.50,I-40 exit 140: 2 node(s) within 0.7 mi; no fuel station with the name within 1.5 mi
7156,35.460505,-97.650161,osm_exit,high,node/299513729,I-40/US-270 exit 142,7.70,I-40 exit 142: 2 node(s) within 0.5 mi; no fuel station with the name within 1.5 mi
7166,39.955160,-83.380722,osm_exit,high,node/198413777,I-70 exit 79,5.29,I-70/US-42 exit 79: 2 node(s) within 0.8 mi; no fuel station with the name within 1.5 mi
7169,41.122461,-80.766193,osm_fuel,high,way/220781615,Travel Centers of America (brand TA),6.47,name match 0.12 mi from I-80/SR-46 exit 223 (node/198479281)
7170,41.176433,-80.568021,osm_exit,high,node/200039834,I-80 exit 234,1.28,I-80 exit 234: 3 node(s) within 0.5 mi; no fuel station with the name within 1.5 mi
7172,41.523452,-83.457009,osm_exit,high,node/200626991,I-80/I-90 exit 71,9.74,I-80/I-280 exit 71: 2 node(s) within 0.0 mi; no fuel station with the name within 1.5 mi
7173,42.059545,-76.141407,osm_fuel,high,node/8474057322,Speedway (ref 9954),0.84,"store number and name match, 0.8 mi from city center (SR-17 exit 66 not found in OSM within 25 mi)"
7176,39.835295,-84.634621,osm_exit,high,node/199447392,I-70 exit 10,5.89,I-70 exit 10: 2 node(s) within 0.6 mi; no fuel station with the name within 1.5 mi
7179,42.907147,-78.758393,osm_fuel,high,way/992238606,Jim's Truck Plaza (brand Sunoco),5.23,name match 0.44 mi from I-90 exit 52E (node/111449337)
7180,39.938595,-82.535480,osm_fuel,high,way/221391766,Travel Centers of America (brand TA),3.18,name match 0.33 mi from I-70 exit 126 (node/198403453)
7183,41.876966,-80.667305,osm_fuel,high,node/8715460627,TA,0.53,name match 0.21 mi from I-90 exit 235 (node/196255730)
7184,39.621777,-83.604056,osm_exit,high,node/197357389,I-71 exit 65,3.11,I-71 exit 65: 2 node(s) within 0.5 mi; no fuel station with the name within 1.5 mi
7189,46.888735,-98.680949,osm_exit,high,node/78141190,I-94/US-52 exit 260,1.32,I-94 exit 260: 2 node(s) within 0.2 mi; no fuel station with the name within 1.5 mi
7190,46.917296,-97.679676,osm_exit,high,node/75129760,I-94/US-52 exit 307,0.65,I-94 exit 307: 2 node(s) within 0.4 mi; no fuel station with the name within 1.5 mi
7196,35.248093,-82.333446,osm_exit,medium,node/172961349,I-26/US-74 exit 59 (old exit 28),1.05,"I-26 exit 28: 2 node(s) within 0.6 mi, matched on the old exit number (old_ref); no fuel station with the name within 1.5 mi"
7197,42.954797,-76.986591,osm_exit,high,node/212782063,I-90 exit 42,3.83,I-90 exit 42: 2 node(s) within 0.2 mi; no fuel station with the name within 1.5 mi
7198,35.608634,-80.518093,osm_fuel,high,node/11670164686,Love's,4.22,name match 0.23 mi from I-85 exit 71 (node/173086223)
7213,42.553228,-79.105517,osm_exit,high,node/211588467,I-90 exit 58,1.06,I-90 exit 58: 2 node(s) within 0.5 mi; no fuel station with the name within 1.5 mi
7215,42.945644,-74.364993,osm_exit,high,node/1892616414,I-90 exit 28,0.25,I-90 exit 28: 2 node(s) within 0.5 mi; no fuel station with the name within 1.5 mi
7222,34.946895,-104.645097,osm_exit,high,node/142120287,I-40 exit 277,1.85,I-40/US-54 exit 277: 2 node(s) within 0.4 mi; no fuel station with the name within 1.5 mi
7226,32.295128,-106.805372,osm_exit,high,node/33677268,I-10 exit 139,2.35,I-10 exit 139: 2 node(s) within 0.6 mi; no fuel station with the name within 1.5 mi
7227,32.129587,-106.641492,osm_exit,high,node/446860191,I-10 exit 155,0.92,I-10 exit 155: 2 node(s) within 0.6 mi; no fuel station with the name within 1.5 mi
7228,35.109494,-106.624383,osm_fuel,medium,node/10585567211,Maverik,1.31,name match 0.29 mi from I-25/US-85 exit 227 (node/140750864); nearest of 3 matching sites
7229,35.508486,-108.828280,osm_exit,high,node/610488018,I-40 exit 16,4.77,I-40 exit 16: 2 node(s) within 0.6 mi; no fuel station with the name within 1.5 mi
7230,32.267889,-107.778046,osm_exit,high,node/33293019,I-10 exit 81,1.53,I-10 exit 81: 2 node(s) within 0.2 mi; no fuel station with the name within 1.5 mi
7231,35.118412,-106.624301,osm_exit,high,node/140750864,I-25 exit 227,1.58,I-25 exit 227: 2 node(s) within 0.8 mi; no fuel station with the name within 1.5 mi
7234,40.659475,-75.074082,osm_fuel,high,node/12323260378,TA,0.21,name match 0.19 mi from I-78/US-22 exit 7 (node/103892415)
7237,40.931561,-75.096042,osm_fuel,high,node/11785201433,"Travel Center of America, Columbia",0.41,name match 0.12 mi from I-80 exit 4 (node/162001985)
7239,39.824312,-75.231052,osm_exit,medium,node/293295008,I-295/US-130 exit 18,1.18,"I-295 exit 18A: 2 node(s) within 1.1 mi, exit letter differs; no fuel station with the name within 1.5 mi"
7240,40.636565,-74.967321,osm_fuel,high,node/4397109431,Pilot,4.70,name match 0.15 mi from I-78 exit 12 (node/28209999)
7244,36.049755,-115.180961,osm_exit,medium,node/1430595994,I-15 exit 33,13.52,I-15 exit 33: 2 node(s) within 1.1 mi; no fuel station with the name within 1.5 mi; 14 mi from the city
7248,36.105285,-115.180858,osm_exit,medium,node/305571665,I-15 exit 37,10.00,I-15 exit 37: 1 node(s) within 0.0 mi; no fuel station with the name within 1.5 mi; 10 mi from the city
7263,41.052189,-102.070521,osm_fuel,high,node/7502086792,Flying J,0.64,name match 0.29 mi from I-80 exit 107 (node/133858717)
7264,40.800688,-98.486181,osm_exit,high,node/1658632917,I-80 exit 305,4.65,I-80 exit 305: 2 node(s) within 0.7 mi; no fuel station with the name within 1.5 mi
7265,41.137034,-100.995557,osm_exit,high,node/134991459,I-80 exit 164,1.61,I-80 exit 164: 2 node(s) within 0.7 mi; no fuel station with the name within 1.5 mi
7267,41.115040,-101.721752,osm_exit,high,node/134863355,I-80 exit 126,1.01,I-80 exit 126: 2 node(s) within 0.6 mi; no fuel station with the name within 1.5 mi
7268,41.168238,-96.130320,osm_exit,high,node/135825351,I-80 exit 440,7.65,I-80 exit 440: 2 node(s) within 1.1 mi; no fuel station with the name within 1.5 mi
7269,40.821760,-98.369713,osm_exit,high,node/1658633057,I-80 exit 312,6.91,I-80 exit 312: 2 node(s) within 1.0 mi; no fuel station with the name within 1.5 mi
7282,43.251892,-73.668762,osm_fuel,high,node/13128313720,ALLTOWN Fresh,4.49,name match 1.48 mi from I-87 exit 17N (node/41830899)
7284,46.949791,-114.128248,osm_exit,high,node/517519891,I-90/SR-200/US-93 exit 96,7.10,I-90 exit 96: 2 node(s) within 0.5 mi; no fuel station with the name within 1.5 mi
7285,42.158500,-78.745324,osm_fuel,high,way/689873879,Seneca One Stop,1.09,name match 0.38 mi from SR-17 exit 20 (node/211462737)
7286,46.948751,-114.130033,osm_fuel,high,way/449496089,TA,7.10,name match 0.11 mi from I-90 exit 96 (node/517519891)
7288,45.681251,-108.711115,osm_exit,high,node/418946532,I-90/US-212 exit 437,3.21,I-90 exit 437: 2 node(s) within 0.6 mi; no fuel station with the name within 1.5 mi
7289,37.275052,-93.115093,osm_fuel,high,node/12287821996,TA,0.47,name match 0.21 mi from I-44 exit 88 (node/190574426)
7291,39.016206,-94.124052,osm_exit,high,node/190940428,I-70/US-40 exit 28,0.68,I-70 exit 28: 2 node(s) within 0.5 mi; no fuel station with the name within 1.5 mi
7293,36.758587,-89.534700,osm_fuel,high,node/4445873489,TA Truck stop (brand TA),1.82,name match 0.23 mi from I-55 exit 58 (node/191915482)
7299,38.944356,-91.937016,osm_exit,high,node/189381205,I-70/US-40 exit 148,0.22,I-70 exit 148: 2 node(s) within 0.5 mi; no fuel station with the name within 1.5 mi
7300,37.651631,-92.665326,osm_exit,high,node/191233373,I-44 exit 127,1.45,I-44 exit 127: 2 node(s) within 0.6 mi; no fuel station with the name within 1.5 mi
7310,33.987472,-89.869350,osm_exit,high,node/282631178,I-55 exit 220,1.54,I-55 exit 220: 2 node(s) within 0.4 mi; no fuel station with the name within 1.5 mi
7312,40.058243,-81.057845,osm_exit,high,node/196649976,I-70 exit 208,2.27,I-70 exit 208: 2 node(s) within 0.5 mi; no fuel station with the name within 1.5 mi
7314,32.396502,-88.582330,osm_fuel,high,way/461609242,TA,6.31,name match 0.13 mi from I-20/I-59 exit 160 (node/125585263)
7323,45.722622,-94.959484,osm_exit,high,node/263704002,I-94 exit 127,1.01,I-94/US-52 exit 127: 2 node(s) within 0.7 mi; no fuel station with the name within 1.5 mi
7326,43.655569,-93.320190,osm_exit,high,node/186923010,I-35 exit 11,2.20,I-35/I-90 exit 11: 2 node(s) within 0.5 mi; no fuel station with the name within 1.5 mi
7327,42.100635,-84.996423,osm_exit,high,node/183824966,I-69 exit 25,0.32,I-69 exit 25: 2 node(s) within 0.8 mi; no fuel station with the name within 1.5 mi
7331,38.499627,-82.651992,osm_fuel,high,node/9622630882,Speedway (ref 9266),2.68,"store number and name match, 2.7 mi from city center (no exit in address)"
7332,42.136783,-83.240080,osm_fuel,high,node/8592563133,Flying J,2.43,name match 0.37 mi from I-75 exit 32A (node/62840636)
7335,41.885592,-86.600897,osm_exit,high,node/3678228119,I-94 exit 12,0.59,I-94 exit 12: 2 node(s) within 0.0 mi; no fuel station with the name within 1.5 mi
7337,42.299824,-85.081669,osm_exit,high,node/183789915,I-94 exit 104,7.54,I-94 exit 104: 2 node(s) within 0.2 mi; no fuel station with the name within 1.5 mi
7353,44.769934,-68.856207,osm_fuel,high,node/3113830242,Dysarts Travel Stop,5.29,name match 0.35 mi from I-95 exit 44 (node/539947286)
7354,43.101536,-70.751408,osm_exit,high,node/102594971,I-95 exit 2,1.04,I-95 exit 2: 2 node(s) within 0.6 mi; no fuel station with the name within 1.5 mi
7357,30.281528,-89.750617,osm_exit,high,node/123876279,I-10 exit 266,1.99,I-10 exit 266: 2 node(s) within 0.5 mi; no fuel station with the name within 1.5 mi
7364,41.144556,-80.715187,osm_exit,high,node/200073164,I-80/SR-11 exit 226,1.76,I-80 exit 226: 2 node(s) within 0.7 mi; no fuel station with the name within 1.5 mi
7370,37.041881,-86.203963,osm_exit,high,node/168601339,I-65 exit 38,0.62,I-65 exit 38: 2 node(s) within 0.6 mi; no fuel station with the name within 1.5 mi
7371,37.521981,-85.882244,osm_fuel,high,node/12094829380,ONE9,0.91,name match 0.32 mi from I-65 exit 81 (node/164150023)
7372,38.913565,-84.628428,osm_exit,high,node/161961244,I-71/I-75 exit 175,3.61,I-75/I-71 exit 175: 2 node(s) within 0.6 mi; no fuel station with the name within 1.5 mi
7379,36.669571,-86.552853,osm_exit,high,node/168314189,I-65 exit 2,3.36,I-65 exit 2: 2 node(s) within 0.7 mi; no fuel station with the name within 1.5 mi
7382,38.997923,-84.646779,osm_exit,high,node/161942079,I-71/I-75 exit 181,0.32,I-75 exit 181: 2 node(s) within 0.5 mi; no fuel station with the name within 1.5 mi
7385,39.014198,-99.887265,osm_exit,high,node/123090829,I-70/US-40 exit 127,0.71,I-70/US-40 exit 127: 2 node(s) within 0.3 mi; no fuel station with the name within 1.5 mi
7387,39.118795,-100.811474,osm_fuel,high,way/189582919,TA,1.83,name match 0.23 mi from I-70 exit 76 (node/120299044)
7389,39.410037,-81.424405,osm_exit,high,node/200336307,I-77 exit 1,1.49,I-77 exit 1: 1 node(s) within 0.0 mi; no fuel station with the name within 1.5 mi
7398,41.661943,-93.483715,osm_exit,high,node/1804543738,I-80/US-6 exit 142,0.80,I-80 exit 142: 2 node(s) within 1.1 mi; no fuel station with the name within 1.5 mi
7403,41.183393,-83.649387,osm_exit,high,node/200590492,I-75 exit 168,1.03,I-75 exit 168: 2 node(s) within 0.5 mi; no fuel station with the name within 1.5 mi
7406,42.435232,-96.373302,osm_fuel,high,node/5555013358,Pilot (ref 594),4.24,name match 0.34 mi from I-29 exit 143 (node/161444485); OSM has the store number
7407,41.615867,-90.779213,osm_exit,high,node/160978636,I-80/US-6 exit 284,1.97,I-80 exit 284: 2 node(s) within 0.4 mi; no fuel station with the name within 1.5 mi
7410,41.634905,-93.777130,osm_exit,high,node/160731936,I-35/I-80 exit 126,0.19,I-35/I-80 exit 126: 2 node(s) within 0.8 mi; no fuel station with the name within 1.5 mi
7412,40.281250,-85.558174,osm_exit,high,node/179273776,I-69/US-35 exit 245 (old exit 45),3.77,I-69 exit 245: 2 node(s) within 0.6 mi; no fuel station with the name within 1.5 mi
7416,40.945266,-87.221914,osm_exit,high,node/180007476,I-65 exit 215,3.60,I-65 exit 215: 2 node(s) within 0.7 mi; no fuel station with the name within 1.5 mi
7421,39.853040,-85.149683,osm_exit,high,node/611549044,I-70 exit 137,3.04,I-70 exit 137: 2 node(s) within 0.5 mi; no fuel station with the name within 1.5 mi
7425,39.449314,-87.120128,osm_exit,high,node/179069338,I-70 exit 23,5.06,I-70 exit 23: 2 node(s) within 0.7 mi; no fuel station with the name within 1.5 mi
7429,39.615488,-86.473990,osm_exit,high,node/179819703,I-70 exit 59,5.64,I-70 exit 59: 2 node(s) within 0.7 mi; no fuel station with the name within 1.5 mi
7435,40.770065,-87.122526,osm_exit,high,node/180022414,I-65 exit 201,0.38,I-65 exit 201: 2 node(s) within 0.6 mi; no fuel station with the name within 1.5 mi
7436,39.949398,-86.356501,osm_exit,high,node/178877556,I-65/US-52 exit 130,1.74,I-65/US-52 exit 130: 2 node(s) within 0.4 mi; no fuel station with the name within 1.5 mi
7437,39.316513,-85.329450,osm_exit,high,node/179141178,I-74 exit 143,9.48,I-74 exit 143: 2 node(s) within 0.4 mi; no fuel station with the name within 1.5 mi
7457,39.135859,-88.566307,osm_fuel,high,way/223479979,TA,1.34,name match 0.47 mi from I-57/I-70 exit 160 (node/234328822)
7459,41.391657,-88.420649,osm_fuel,high,node/4354872319,Travel Centers of America (brand TA),0.81,name match 0.19 mi from I-80 exit 112 (node/234606767)
7466,37.740334,-88.964228,osm_fuel,high,way/978337898,Pilot,1.32,name match 0.35 mi from I-57 exit 54B (node/3877482469)
7469,38.652096,-90.131918,osm_fuel,high,node/12244403851,Pilot,2.47,name match 0.49 mi from I-70/I-55 exit 4 (node/236998162)
7471,40.310646,-89.169424,osm_fuel,high,way/1207048661,Road Ranger,0.21,name match 0.19 mi from I-55 exit 145 (node/261228097)
7482,43.567979,-116.202789,osm_exit,high,node/126193066,I-84/US-30 exit 54,3.15,I-84 exit 54: 2 node(s) within 0.7 mi; no fuel station with the name within 1.5 mi
7492,32.749074,-85.278824,osm_exit,high,node/52377063,I-85 exit 70,3.09,I-85 exit 70: 2 node(s) within 0.5 mi; no fuel station with the name within 1.5 mi
7495,33.620445,-84.384476,osm_fuel,high,node/12686760056,RaceTrac,1.51,name match 0.84 mi from I-75 exit 237 (node/67366876)
7504,34.380123,-84.913895,osm_exit,high,node/66254382,I-75 exit 306,0.74,I-75 exit 306: 2 node(s) within 0.6 mi; no fuel station with the name within 1.5 mi
7506,32.992058,-85.025265,osm_exit,high,node/72996648,I-85 exit 13,2.53,I-85/SR-219 exit 13: 2 node(s) within 0.7 mi; no fuel station with the name within 1.5 mi
7523,43.859355,-84.020767,osm_exit,high,node/183685870,I-75/US-23 exit 181,2.82,I-75 exit 181: 2 node(s) within 0.7 mi; no fuel station with the name within 1.5 mi
7533,28.867708,-82.091489,osm_exit,medium,node/100830390+node/7061416624,I-75 exit 329 (old exit 66),6.65,"I-75 exit 329: 2 node(s) within 1.7 mi, midpoint of 2 exit nodes 1.7 mi apart; no fuel station with the name within 1.5 mi"
7534,30.289931,-81.971184,osm_exit,medium,node/7516020725,I-10 exit 343 (old exit 50),18.75,I-10 exit 343: 2 node(s) within 1.1 mi; no fuel station with the name within 1.5 mi; 19 mi from the city
7535,27.998152,-82.342386,osm_exit,medium,node/97743251+node/97745688+node/97748004+node/97748585,I-4 exit 7 (old exit 6),8.60,"I-4/SR-400 exit 7: 4 node(s) within 3.2 mi, midpoint of 4 exit nodes 3.2 mi apart; no fuel station with the name within 1.5 mi"
7543,41.294650,-72.769278,osm_exit,high,node/318403889,I-95 exit 56,2.60,I-95 exit 56: 2 node(s) within 0.8 mi; no fuel station with the name within 1.5 mi
7545,41.235586,-73.025508,osm_fuel,medium,way/209686677,Citgo,2.19,name match 0.31 mi from I-95 exit 40 (node/178524464); nearest of 2 matching sites
7546,41.438024,-71.802190,osm_exit,high,node/313844537,I-95 exit 93,4.10,I-95 exit 93: 2 node(s) within 0.4 mi; no fuel station with the name within 1.5 mi
7551,39.740072,-104.598623,osm_exit,high,node/175880757,I-70 exit 295,3.10,I-70 exit 295: 2 node(s) within 0.5 mi; no fuel station with the name within 1.5 mi
7552,39.779167,-105.134134,osm_fuel,high,node/3639923330,Travel Centers of America,1.62,name match 0.12 mi from I-70 exit 266 (node/269459211)
7553,40.268474,-103.626790,osm_exit,medium,node/177691294,I-76 exit 90,0.81,"I-76 exit 90B: 2 node(s) within 0.6 mi, exit letter differs; no fuel station with the name within 1.5 mi"
7574,35.532341,-98.233303,osm_exit,high,node/144803234,I-40 exit 108,7.74,I-40 exit 108: 2 node(s) within 0.5 mi; no fuel station with the name within 1.5 mi
7611,35.047555,-97.909428,osm_exit,high,node/145744286,I-44 exit 83,2.19,I-44 exit 83: 2 node(s) within 0.5 mi; no fuel station with the name within 1.5 mi
7615,34.971016,-110.091436,osm_exit,high,node/1739907197,I-40/SR-77 exit 292,6.28,I-40 exit 292: 2 node(s) within 0.7 mi; no fuel station with the name within 1.5 mi
7617,32.128847,-110.881093,osm_exit,high,node/3421434562,I-10 exit 268,1.78,I-10 exit 268: 2 node(s) within 0.8 mi; no fuel station with the name within 1.5 mi
7624,32.262143,-109.847037,osm_exit,high,node/732767163,I-10/US-191 exit 340,0.97,I-10 exit 340: 2 node(s) within 0.6 mi; no fuel station with the name within 1.5 mi
7625,35.517976,-98.870961,osm_fuel,high,node/3408987912,Love's,5.65,name match 0.22 mi from I-40 exit 71 (node/145300406)
7627,34.502479,-97.171351,osm_exit,high,node/1022731835,I-35 exit 55,5.05,I-35 exit 55: 2 node(s) within 0.6 mi; no fuel station with the name within 1.5 mi
7635,32.327696,-86.331816,osm_fuel,high,node/13908279067,TA,4.03,name match 0.20 mi from I-65 exit 168 (node/58893245)
7636,33.172906,-87.478479,osm_fuel,medium,way/124674624,Pilot,5.13,name match 0.17 mi from I-20/I-59 exit 76 (node/64275797); nearest of 2 matching sites
7655,35.224036,-99.869374,osm_fuel,high,node/5161151923,Love's,0.58,name match 0.22 mi from I-40 exit 7 (node/144678549)
7705,35.219957,-114.006916,osm_fuel,high,way/230486477,"Flying J Truck Lanes (brand Flying J, operator Flying J)",0.29,name match 0.25 mi from I-40 exit 53 (node/1698695692)
7708,26.651740,-81.799196,osm_exit,high,node/98025545,I-75 exit 139 (old exit 24),3.09,I-75 exit 139: 2 node(s) within 0.6 mi; no fuel station with the name within 1.5 mi
7715,37.143030,-84.110395,osm_exit,high,node/165561783,I-75 exit 41,2.61,I-75 exit 41: 2 node(s) within 0.5 mi; no fuel station with the name within 1.5 mi
7718,38.471236,-90.851895,osm_exit,high,node/958261792,I-44/US-50 exit 251,1.69,I-44 exit 251: 2 node(s) within 0.7 mi; no fuel station with the name within 1.5 mi
7719,38.840065,-91.227673,osm_fuel,high,node/13273784145,Flying J,5.04,name match 0.07 mi from I-70 exit 188 (node/193784955)
7722,40.829236,-97.598768,osm_fuel,high,node/6821478868,"Sapp Bros (brand Sapp Bros., operator Sapp Bros.)",2.79,name match 0.61 mi from I-80 exit 353 (node/137074331)
7733,35.193722,-101.724029,osm_fuel,high,way/236120078,Flying J,6.01,name match 0.32 mi from I-40 exit 76 (node/1671410826)
7746,34.528887,-101.797720,osm_fuel,high,node/12141612156,Pilot,1.46,name match 0.43 mi from I-27 exit 74 (node/228619144)
7767,41.103906,-104.850706,osm_exit,high,node/500964718,I-25/US-87 exit 7,3.17,I-25 exit 7: 2 node(s) within 0.6 mi; no fuel station with the name within 1.5 mi
7768,41.115267,-104.845011,osm_exit,high,node/157354944,I-80 exit 359C,2.55,I-80 exit 359C: 6 node(s) within 0.7 mi; no fuel station with the name within 1.5 mi
7792,33.207479,-84.063657,osm_fuel,high,way/219843901,Flying J,8.06,name match 0.23 mi from I-75/SR-401 exit 201 (node/339926340)
7798,30.848973,-81.668525,osm_fuel,high,node/11335028082,Circle K (ref 2745100),8.21,name match 0.40 mi from I-95 exit 7 (node/66708932); OSM has the store number
7825,38.060702,-85.703088,osm_fuel,high,node/10579902385,Pilot,5.48,name match 0.26 mi from I-65 exit 121 (node/162334084)
7873,40.719713,-116.105794,osm_fuel,high,way/1172769715,ONE9,0.13,name match 0.30 mi from I-80 exit 280 (node/138432024)
7886,39.835556,-84.809678,osm_fuel,high,node/1231936477,Petro,1.74,name match 0.39 mi from I-70 exit 156B (node/199505272)
7930,35.461025,-86.053781,osm_exit,high,node/496603444,I-24 exit 114,1.10,I-24 exit 114: 2 node(s) within 0.5 mi; no fuel station with the name within 1.5 mi
7946,42.527205,-88.980014,osm_fuel,high,way/267159049,Pilot,1.93,name match 0.76 mi from I-43/SR-81 exit 1 (node/8451842757)
7959,41.103906,-104.850706,osm_exit,high,node/500964718,I-25/US-87 exit 7,3.17,I-25/US-87 exit 7: 2 node(s) within 0.6 mi; no fuel station with the name within 1.5 mi
8840,35.381249,-97.495113,osm_exit,high,node/8776545025,I-35/US-77 exit 120,6.02,I-35 exit 120: 2 node(s) within 0.5 mi; no fuel station with the name within 1.5 mi
8895,34.736004,-97.260076,osm_exit,high,node/145742086,I-35 exit 72,2.71,I-35 exit 72: 2 node(s) within 0.6 mi; no fuel station with the name within 1.5 mi
8927,35.381438,-96.670339,osm_fuel,high,node/12250930175,Love's,10.20,name match 0.28 mi from I-40 exit 200 (node/443691485)
8948,39.688156,-111.831258,osm_exit,high,node/83279656,I-15 exit 222,1.15,I-15 exit 222: 2 node(s) within 1.1 mi; no fuel station with the name within 1.5 mi
8961,31.400746,-103.486345,osm_fuel,high,node/1580677199,Flying J Travel Plaza (brand Flying J),1.58,name match 0.07 mi from I-20 exit 42 (node/317700339)
8977,34.358799,-98.409581,osm_exit,high,node/6361527870,I-44 exit 20,3.01,I-44 exit 20: 2 node(s) within 0.4 mi; no fuel station with the name within 1.5 mi
8987,35.486654,-95.148265,osm_fuel,high,way/1254374135,Love's,2.28,name match 0.36 mi from I-40 exit 287 (node/912723077)
9160,40.764416,-98.582934,osm_exit,high,node/1658632884,I-80 exit 300,3.99,I-80 exit 300: 2 node(s) within 0.6 mi; no fuel station with the name within 1.5 mi
9241,40.069048,-75.672101,osm_exit,medium,node/462767722,I-76 exit 312 (Downingtown),10.23,I-76 exit 23/312: 2 node(s) within 0.7 mi; no fuel station with the name within 1.5 mi; 10 mi from the city
9280,41.340683,-75.308321,osm_exit,high,node/96238287,I-84 exit 20,1.32,I-84 exit 20: 2 node(s) within 0.5 mi; no fuel station with the name within 1.5 mi
9289,41.782667,-75.684096,osm_exit,high,node/356817187,I-81 exit 217,1.14,I-81 exit 217: 2 node(s) within 0.5 mi; no fuel station with the name within 1.5 mi
9354,39.730161,-80.058966,osm_exit,high,node/703573484,I-79 exit 1,1.24,I-79 exit 1: 2 node(s) within 0.5 mi; no fuel station with the name within 1.5 mi
9365,34.345641,-79.530424,osm_exit,medium,node/111954686,I-95 exit 181B,5.55,"I-95 exit 181: 4 node(s) within 0.6 mi, exit letter differs; no fuel station with the name within 1.5 mi"
9381,41.551089,-75.651581,osm_exit,high,node/96774836,I-81 exit 199,4.58,I-81 exit 199: 2 node(s) within 0.4 mi; no fuel station with the name within 1.5 mi
9382,39.831632,-84.629956,osm_fuel,high,way/229319025,Pilot,5.64,name match 0.35 mi from I-70 exit 10 (node/199447392)
9383,39.945196,-82.536160,osm_fuel,high,way/221392146,Pilot,2.97,name match 0.31 mi from I-70 exit 126 (node/198403453)
9386,41.176773,-83.649544,osm_exit,high,node/454157350,I-75 exit 167,1.02,I-75 exit 167: 2 node(s) within 0.6 mi; no fuel station with the name within 1.5 mi
9403,40.659730,-75.072714,osm_fuel,high,node/12247171676,Pilot,0.27,name match 0.12 mi from I-78 exit 7 (node/103892415)
9415,40.090572,-75.413254,osm_exit,high,node/112260834,I-276/I-76 exit 326 (Valley Forge),3.69,I-76 exit 24A/326: 1 node(s) within 0.0 mi; no fuel station with the name within 1.5 mi
9423,38.944356,-91.937016,osm_exit,high,node/189381205,I-70/US-40 exit 148,0.22,I-70 exit 148: 2 node(s) within 0.5 mi; no fuel station with the name within 1.5 mi
9449,33.935023,-81.080903,osm_exit,high,node/113427401,I-26 exit 115,3.95,I-26 exit 115: 2 node(s) within 1.0 mi; no fuel station with the name within 1.5 mi
9451,38.427463,-95.727684,osm_fuel,high,node/1387084147,Travel Centers of America,7.34,name match 0.29 mi from I-35 exit 155 (node/119673036)
9467,41.612633,-87.095823,osm_fuel,high,way/229471245,TA,2.29,name match 0.43 mi from I-94 exit 22B (node/410612042)
9468,41.590564,-87.239885,osm_fuel,high,way/229469514,TA #219 - Lake Station (brand TA),1.17,name match 0.52 mi from I-80/I-94 exit 15B (node/509906012)
9469,35.043686,-81.817249,osm_exit,high,node/6767608131,I-85 exit 83,1.89,I-85 exit 83: 2 node(s) within 0.3 mi; no fuel station with the name within 1.5 mi
9485,33.725259,-84.906989,osm_exit,high,node/68396395,I-20 exit 26,0.60,I-20 exit 26: 2 node(s) within 0.7 mi; no fuel station with the name within 1.5 mi
9513,33.569234,-81.938426,osm_fuel,high,node/10109748236,Circle K,3.34,name match 0.64 mi from I-20 exit 5 (node/109610285)
9525,34.740595,-81.034941,osm_exit,high,node/1147243479,I-77 exit 65,1.87,I-77 exit 65: 2 node(s) within 0.7 mi; no fuel station with the name within 1.5 mi
9528,38.456354,-81.940242,osm_exit,high,node/946821534,I-64 exit 39,1.22,I-64 exit 39: 2 node(s) within 0.7 mi; no fuel station with the name within 1.5 mi
9542,34.068389,-81.139877,osm_fuel,high,way/641334047,Spinx,13.52,name match 0.33 mi from I-26 exit 104 (node/113414416)
9550,43.796891,-90.052315,osm_fuel,high,way/548854504,BP,1.37,name match 0.27 mi from I-90/I-94 exit 69 (node/231251213)
9553,43.715961,-89.895802,osm_fuel,high,node/4985584801,BP,0.51,name match 0.21 mi from I-90 exit 79 (node/258488791)
9614,43.738166,-98.952251,osm_exit,high,node/78773165,I-90/SR-45 exit 284,0.64,I-90 exit 284: 2 node(s) within 0.6 mi; no fuel station with the name within 1.5 mi
9638,34.266797,-79.709146,osm_exit,high,node/1835721782,I-95 exit 170,7.71,I-95 exit 170: 2 node(s) within 0.7 mi; no fuel station with the name within 1.5 mi
9668,43.692348,-98.444959,osm_fuel,high,node/2440039045,"Sinclair (Truck) (brand Sinclair, operator Coffee Cup Fuel Stop)",2.50,name match 0.33 mi from I-90 exit 310 (node/78552619)
9675,35.880807,-84.232164,osm_exit,medium,node/472254627,I-40/I-75 exit 369,17.00,I-75/I-40 exit 369: 2 node(s) within 0.7 mi; no fuel station with the name within 1.5 mi; 17 mi from the city
9699,40.781312,-81.419964,osm_fuel,high,node/9687129562,Speedway (ref 9400),3.30,"store number and name match, 3.3 mi from city center (no exit in address)"
9703,41.785538,-80.853195,osm_fuel,high,way/220781341,Pilot - Trucks (brand Pilot),1.14,name match 0.36 mi from I-90 exit 223 (node/196235683)
9712,36.063472,-79.564039,osm_fuel,high,way/226935014,BP (operator TA),1.18,name match 0.22 mi from I-40/I-85 exit 138 (node/171104529)
9713,42.783200,-96.788774,osm_exit,high,node/81298513,I-29 exit 26,3.40,I-29 exit 26: 2 node(s) within 0.5 mi; no fuel station with the name within 1.5 mi
9717,43.912549,-100.305172,osm_exit,high,node/80259612,I-90 exit 212,1.04,I-90 exit 212: 2 node(s) within 0.7 mi; no fuel station with the name within 1.5 mi
9724,43.454112,-76.119665,osm_exit,medium,node/213029343,I-81 exit 118 (old exit 34),3.35,"I-81 exit 34: 2 node(s) within 0.5 mi, matched on the old exit number (old_ref); no fuel station with the name within 1.5 mi"
9746,40.695092,-118.053365,osm_exit,high,node/140019646,I-80/US-95 exit 151,5.40,I-80 exit 151: 2 node(s) within 0.7 mi; no fuel station with the name within 1.5 mi
9747,40.821530,-97.591827,osm_exit,high,node/137074331,I-80 exit 353,3.31,I-80 exit 353: 2 node(s) within 0.6 mi; no fuel station with the name within 1.5 mi
9783,32.938249,-89.981391,osm_exit,high,node/491435664,I-55 exit 144,3.32,I-55 exit 144: 2 node(s) within 0.5 mi; no fuel station with the name within 1.5 mi
9803,35.880807,-84.232164,osm_exit,medium,node/472254627,I-40/I-75 exit 369,17.00,I-40/I-75 exit 369: 2 node(s) within 0.7 mi; no fuel station with the name within 1.5 mi; 17 mi from the city
9808,42.298194,-83.883227,osm_exit,high,node/62480827,I-94 exit 167,2.36,I-94 exit 167: 2 node(s) within 0.6 mi; no fuel station with the name within 1.5 mi
9812,36.002723,-83.780188,osm_exit,high,node/202783664,I-40 exit 398 (Strawberry Plains Pike),9.71,I-40 exit 398: 2 node(s) within 0.5 mi; no fuel station with the name within 1.5 mi
9818,44.831935,-69.287314,osm_exit,high,node/544269615,I-95 exit 157,1.62,I-95 exit 157: 2 node(s) within 0.6 mi; no fuel station with the name within 1.5 mi
9821,35.997778,-86.594814,osm_fuel,high,way/1253396934,Pilot,2.60,name match 0.23 mi from I-24 exit 64 (node/203434375)
9843,39.058976,-96.035216,osm_exit,high,node/123143994,I-70/US-40 exit 341,1.87,I-70 exit 341: 2 node(s) within 0.5 mi; no fuel station with the name within 1.5 mi
9855,39.554694,-86.044179,osm_exit,high,node/180146208,I-65 exit 95,1.61,I-65 exit 95: 2 node(s) within 0.6 mi; no fuel station with the name within 1.5 mi
9862,41.573129,-87.402035,osm_fuel,high,way/229466171,Pilot,3.09,name match 0.31 mi from I-80 exit 6 (node/761880817)
9887,27.993774,-80.626980,osm_exit,high,node/486992713,I-95 exit 173 (old exit 70),3.55,I-95 exit 173: 2 node(s) within 0.8 mi; no fuel station with the name within 1.5 mi
9941,32.731739,-111.549733,osm_fuel,high,node/4719302823,Flying J,2.66,name match 0.34 mi from I-10 exit 208A (node/175498100)
9945,32.643793,-85.348918,osm_fuel,high,node/894539549,Circle K,2.10,name match 0.20 mi from I-85/US-29 exit 62 (node/56855352)
9959,37.938736,-77.467060,osm_fuel,medium,way/220794341,Flying J,0.92,name match 0.31 mi from I-95 exit 104 (node/396542); a site of another store set aside
9971,42.565341,-77.714860,osm_exit,high,node/302056485,I-390 exit 5,0.93,I-390 exit 5: 2 node(s) within 0.5 mi; no fuel station with the name within 1.5 mi
9973,41.101304,-74.169165,osm_exit,high,node/65643178,I-287 exit 66,1.58,I-287 exit 66: 2 node(s) within 0.4 mi; no fuel station with the name within 1.5 mi
9995,41.613625,-93.779696,osm_fuel,high,way/225359016,Love's Truck Stop - Truck Diesel (brand Love's),1.00,name match 0.25 mi from I-35/I-80 exit 125 (node/160720963)
9997,33.685638,-85.145822,osm_exit,high,node/66883370,I-20 exit 11,1.77,I-20 exit 11: 2 node(s) within 0.7 mi; no fuel station with the name within 1.5 mi
10014,36.151348,-86.751071,osm_exit,high,node/202477746,I-24/I-40 exit 212,2.12,I-40 exit 212: 2 node(s) within 0.3 mi; no fuel station with the name within 1.5 mi
10015,36.205262,-86.771699,osm_fuel,high,way/226612937,Love's,2.81,name match 0.31 mi from I-65/I-24 exit 87 (node/202182087)
10020,43.602842,-73.281336,osm_exit,high,node/204777003,US-4 exit 2,0.93,US-4 exit 2: 2 node(s) within 0.5 mi; no fuel station with the name within 1.5 mi
10030,37.179136,-81.139796,osm_fuel,high,way/842802842,Love's,1.90,name match 0.22 mi from I-77 exit 58 (node/206686681)
10047,48.176550,-111.934448,osm_exit,high,node/45110051,I-15 exit 339,0.58,I-15 exit 339: 2 node(s) within 0.6 mi; no fuel station with the name within 1.5 mi
10053,41.554793,-89.067455,osm_fuel,high,way/1332127211,Beck's,1.71,name match 0.41 mi from I-39/US-51 exit 72 (node/235212532)
10057,39.693161,-86.191396,osm_fuel,high,relation/15004903,Flying J,6.25,name match 0.72 mi from I-465 exit 4 (node/1772959311)
10077,35.153881,-90.144355,osm_fuel,high,way/219424151,Flying J,3.12,name match 0.09 mi from I-55 exit 4 (node/630370396)
10085,32.773707,-115.555942,osm_exit,high,node/87652787,I-8 exit 115,0.91,I-8 exit 115: 2 node(s) within 0.4 mi; no fuel station with the name within 1.5 mi
10101,33.483757,-82.126684,osm_exit,high,node/67841992,I-20 exit 194,8.80,I-20 exit 194: 2 node(s) within 0.6 mi; no fuel station with the name within 1.5 mi
10104,33.327105,-84.774695,osm_exit,high,node/67948563,I-85 exit 41,3.37,I-85/SR-403 exit 41: 2 node(s) within 0.5 mi; no fuel station with the name within 1.5 mi
10109,42.003746,-92.905566,osm_exit,high,node/160460002,US-30 exit 185,2.11,US-30 exit 185: 2 node(s) within 0.7 mi; no fuel station with the name within 1.5 mi
10110,43.599262,-116.558347,osm_exit,high,node/127773831,I-84/SR-55/US-30 exit 36,0.93,I-84 exit 36: 2 node(s) within 0.6 mi; no fuel station with the name within 1.5 mi
10116,41.935764,-89.031600,osm_fuel,high,way/219673982,Petro,2.01,name match 0.45 mi from I-39/US-51 exit 99 (node/655427115)
10122,41.562513,-87.357094,osm_fuel,high,way/219703187,Love's,2.02,name match 0.55 mi from I-80/I-94 exit 9A (node/27666878)
10126,38.491738,-85.773152,osm_fuel,high,node/7674506725,Pilot,0.39,name match 0.17 mi from I-65 exit 16 (node/178995515)
10142,36.712889,-86.523470,osm_exit,high,node/168311271,I-65 exit 6,1.92,I-65 exit 6: 2 node(s) within 0.5 mi; no fuel station with the name within 1.5 mi
10144,37.097888,-88.691234,osm_fuel,high,way/265728410,Pilot,3.18,name match 0.24 mi from I-24/US-305 exit 3 (node/166249156)
10146,36.722360,-84.168302,osm_fuel,high,way/267333875,Pilot,1.14,name match 0.28 mi from I-75 exit 11 (node/169039869)
10150,30.479108,-90.452319,osm_exit,high,node/415349206,I-12 exit 40,1.85,I-12 exit 40: 2 node(s) within 0.5 mi; no fuel station with the name within 1.5 mi
10154,30.579145,-92.049522,osm_exit,high,node/123744483,I-49/US-167 exit 23,4.21,I-49 exit 23: 2 node(s) within 0.7 mi; no fuel station with the name within 1.5 mi
10157,42.785531,-85.668357,osm_exit,high,node/184761245,US-131 exit 72,3.37,US-131 exit 72: 2 node(s) within 0.4 mi; no fuel station with the name within 1.5 mi
10161,42.812758,-84.543483,osm_fuel,medium,node/1260968944,Speedway,2.73,name match 0.53 mi from I-69 exit 87 (node/184064827); nearest of 2 matching sites
10168,42.279241,-84.308849,osm_exit,high,node/1823667444,I-94 exit 145,5.50,I-94 exit 145: 2 node(s) within 0.3 mi; no fuel station with the name within 1.5 mi
10172,43.447131,-83.890689,osm_exit,high,node/185877243,I-75/US-23 exit 151,3.80,I-75 exit 151: 2 node(s) within 0.5 mi; no fuel station with the name within 1.5 mi
10181,38.258209,-90.402698,osm_exit,high,node/457557459,I-55 exit 178,0.52,I-55 exit 178: 2 node(s) within 0.4 mi; no fuel station with the name within 1.5 mi
10184,34.311723,-89.943613,osm_fuel,high,way/1562002470,Circle K,1.25,name match 1.41 mi from I-55 exit 243 (node/282400970)
20000,35.569539,-78.163811,osm_exit,high,node/149365938,I-95 exit 105,2.95,I-95 exit 105: 2 node(s) within 0.4 mi; no fuel station with the name within 1.5 mi
20003,35.674156,-80.856669,osm_exit,high,node/171583071,I-77 exit 42,1.01,I-77 exit 42: 2 node(s) within 0.4 mi; no fuel station with the name within 1.5 mi
20009,41.050623,-102.065335,osm_exit,high,node/133858717,I-80 exit 107,0.85,I-80 exit 107: 2 node(s) within 0.7 mi; no fuel station with the name within 1.5 mi
20012,41.091150,-96.254512,osm_fuel,high,node/2535915658,Conoco (operator Flying J Travel Plaza),3.93,name match 0.22 mi from I-80 exit 432 (node/135809727)
20014,43.610046,-72.190170,osm_fuel,high,way/718460871,Simon's Exit 16 Mobil (brand Mobil),3.18,name match 0.19 mi from I-89 exit 16 (node/249847289)
20019,39.685238,-75.478766,osm_exit,high,node/105208727,I-295 exit 2C,2.98,I-295 exit 2C: 4 node(s) within 0.5 mi; no fuel station with the name within 1.5 mi
20024,32.272682,-106.918033,osm_exit,high,node/447013139,I-10 exit 132,8.37,I-10 exit 132: 2 node(s) within 0.5 mi; no fuel station with the name within 1.5 mi
20027,35.158833,-103.700670,osm_fuel,high,way/226328565,Love's,0.83,name match 0.21 mi from I-40 exit 333 (node/143018877)
20028,36.218317,-115.127458,osm_fuel,high,way/297300824,Morton's Travel Plaza,5.38,name match 0.34 mi from I-15 exit 46 (node/137143535)
20031,40.960626,-117.747697,osm_fuel,high,way/1099977426,Flying J,1.23,name match 0.13 mi from I-80 exit 176 (node/138361059)
20033,42.376403,-77.358680,osm_exit,high,node/120106797,I-86 exit 37,3.51,I-86/SR-17 exit 37: 2 node(s) within 0.5 mi; no fuel station with the name within 1.5 mi
20042,41.523452,-83.457009,osm_exit,high,node/200626991,I-80/I-90 exit 71,9.74,I-80/I-90 exit 71: 2 node(s) within 0.0 mi; no fuel station with the name within 1.5 mi
20045,41.144556,-80.715187,osm_exit,high,node/200073164,I-80/SR-11 exit 226,1.76,I-80 exit 226: 2 node(s) within 0.7 mi; no fuel station with the name within 1.5 mi
20049,34.713549,-98.401842,osm_fuel,high,way/226292117,Love's,6.75,name match 0.15 mi from I-44 exit 45 (node/145343640)
20050,35.183396,-97.499214,osm_fuel,high,way/669010289,Love's,9.54,name match 0.54 mi from I-35 exit 106 (node/1023348598)
20054,45.331449,-118.072660,osm_exit,high,node/765186286,I-84 exit 261,0.84,I-84 exit 261: 2 node(s) within 0.3 mi; no fuel station with the name within 1.5 mi
20062,41.027419,-76.079935,osm_fuel,high,node/145130814,Pilot,4.48,name match 0.34 mi from I-80 exit 256 (node/145127691)
20066,42.232028,-79.782197,osm_fuel,high,node/8184323650,Kwik Fill,2.92,name match 0.09 mi from I-90 exit 45 (node/106916199)
20070,41.360269,-75.197131,osm_exit,high,node/96291923,I-84 exit 26,3.15,I-84 exit 26: 2 node(s) within 0.5 mi; no fuel station with the name within 1.5 mi
20072,34.911150,-82.111681,osm_exit,high,node/114156418,I-85 exit 63,2.26,I-85 exit 63: 2 node(s) within 0.8 mi; no fuel station with the name within 1.5 mi
20079,36.082816,-87.101941,osm_exit,high,node/471852056,I-40 exit 188,0.40,I-40 exit 188: 2 node(s) within 0.4 mi; no fuel station with the name within 1.5 mi
20083,31.988829,-106.582784,osm_exit,medium,node/3511515287+node/376338503,I-10/US-180/US-85 exit 0,0.94,"I-10 exit 0: 2 node(s) within 1.6 mi, midpoint of 2 exit nodes 1.6 mi apart; no fuel station with the name within 1.5 mi"
20086,33.263177,-97.179885,osm_fuel,high,way/864708188,Love's,3.87,name match 0.25 mi from I-35 exit 471 (node/81686255)
20105,33.160587,-95.232898,osm_fuel,high,way/877383155,CEFCO,1.26,name match 0.18 mi from I-30 exit 146 (node/224184804)
20108,29.222822,-98.410331,osm_exit,high,node/149455098,I-37 exit 125,5.67,I-37 exit 125: 2 node(s) within 0.8 mi; no fuel station with the name within 1.5 mi
20109,29.439945,-98.380230,osm_fuel,high,way/220380964,Pilot,8.83,name match 1.20 mi from I-10 exit 582 (node/1506895863)
20114,29.830633,-94.386879,osm_exit,high,node/222985901,I-10 exit 829,1.03,I-10 exit 829: 2 node(s) within 0.8 mi; no fuel station with the name within 1.5 mi
20118,44.294002,-90.830654,osm_fuel,medium,node/597551583,Kwik Trip,0.56,name match 0.37 mi from I-94 exit 116 (node/271545014); nearest of 2 matching sites
20121,37.796998,-81.213241,osm_exit,high,node/946027763,I-64/I-77 exit 44,3.27,I-77/I-64 exit 44: 2 node(s) within 0.8 mi; no fuel station with the name within 1.5 mi
44228,42.979198,-82.774010,osm_exit,high,node/185943728,I-69 exit 184,5.81,I-69 exit 184: 2 node(s) within 0.9 mi; no fuel station with the name within 1.5 mi
52040,45.983412,-122.828137,osm_exit,high,node/169377444,I-5 exit 27,2.42,I-5 exit 27: 2 node(s) within 0.5 mi; no fuel station with the name within 1.5 mi
52048,30.557114,-88.205653,osm_exit,high,node/57909038,I-10 exit 13,1.67,I-10 exit 13: 2 node(s) within 0.5 mi; no fuel station with the name within 1.5 mi
52067,33.789276,-84.488287,osm_fuel,high,way/219426001,Petro,4.19,name match 0.14 mi from I-285 exit 12 (node/69122877)
52085,38.864194,-98.850615,osm_exit,high,node/122072628,I-70/US-40 exit 184,1.61,I-70 exit 184: 2 node(s) within 0.4 mi; no fuel station with the name within 1.5 mi
52090,31.725873,-93.162274,osm_fuel,high,way/478661778,"Shop A Lott #10 (brand Chevron, operator Lott Oil)",3.66,name match 0.48 mi from I-49 exit 138 (node/115857934); OSM has the store number
52099,43.118744,-83.760688,osm_fuel,high,node/4331447705,Beacon & Bridge Market,3.13,name match 0.19 mi from I-75 exit 126 (node/61535043)
52106,45.811926,-108.419195,osm_exit,high,node/419210551,I-90/US-212/US-87 exit 455,6.62,I-90 exit 455: 2 node(s) within 0.6 mi; no fuel station with the name within 1.5 mi
52107,35.614229,-80.514467,osm_exit,high,node/173086223,I-85/US-601 exit 71,3.79,I-85 exit 71: 2 node(s) within 0.6 mi; no fuel station with the name within 1.5 mi
52128,36.182208,-86.301918,osm_exit,high,node/1852491894,I-40 exit 238,2.66,I-40 exit 238: 2 node(s) within 0.4 mi; no fuel station with the name within 1.5 mi
52140,46.306082,-119.986550,osm_exit,high,node/314751793,I-82/US-12 exit 69,1.13,I-82 exit 69: 2 node(s) within 0.8 mi; no fuel station with the name within 1.5 mi
52142,42.296174,-83.878657,osm_fuel,medium,node/5471247118,Pilot,2.50,name match 0.27 mi from I-94 exit 167 (node/62480827); nearest of 2 matching sites
52143,34.686848,-85.000116,osm_fuel,high,node/583671977,ONE9,5.81,name match 0.14 mi from I-75 exit 328 (node/331019286)
52145,39.697573,-86.185133,osm_fuel,high,way/221381429,Pilot,5.85,name match 0.31 mi from I-465/I-74/US-52/US-40/SR-67 exit 4 (node/1772959311)
52146,42.855282,-106.275406,osm_exit,high,node/157629528,I-25 exit 185,2.50,I-25 exit 185: 2 node(s) within 0.5 mi; no fuel station with the name within 1.5 mi
52149,38.913565,-84.628428,osm_exit,high,node/161961244,I-71/I-75 exit 175,3.61,I-75 exit 175: 2 node(s) within 0.6 mi; no fuel station with the name within 1.5 mi
52150,42.069698,-80.038251,osm_fuel,high,way/816556752,Pilot,3.71,name match 0.17 mi from I-90 exit 27 (node/737071942)
52152,41.323478,-105.615366,osm_exit,high,node/477797070,I-80 exit 310,0.94,I-80 exit 310: 2 node(s) within 0.6 mi; no fuel station with the name within 1.5 mi
52153,42.483920,-87.946335,osm_exit,high,node/235233954,I-41/I-94/US-41 exit 1,2.54,I-94 exit 1: 3 node(s) within 0.6 mi; no fuel station with the name within 1.5 mi
52155,41.564573,-72.909358,osm_fuel,high,way/220525336,TA,0.91,name match 0.22 mi from I-84 exit 28 (node/660933893)
52163,34.272790,-84.807750,osm_fuel,high,way/688510930,Pilot,7.48,name match 0.26 mi from I-75 exit 296 (node/330994056)
52212,41.778385,-107.309025,osm_fuel,high,way/235560503,Flying J,4.37,name match 0.27 mi from I-80 exit 209 (node/156627502)
52221,32.656310,-96.744781,osm_exit,high,node/4959211088,I-20 exit 472,9.55,I-20 exit 472: 2 node(s) within 0.7 mi; no fuel station with the name within 1.5 mi
52222,30.117031,-93.819971,osm_fuel,high,way/236133147,Flying J,3.94,name match 0.49 mi from I-10 exit 873 (node/227654638)
52230,41.245695,-112.019405,osm_fuel,high,way/220298964,ONE9,2.92,name match 0.33 mi from I-15/I-84 exit 344 (node/303688520)
52233,32.670218,-114.578531,osm_fuel,high,node/9177102380,Speedway (ref 2953),4.65,"store number and name match, 4.6 mi from city center (US-80 exit 3 not found in OSM within 25 mi)"
52235,41.329541,-105.620215,osm_fuel,high,way/584750936,Petro Laramie (brand Petro),1.42,name match 0.29 mi from I-80 exit 310 (node/477797070)
52239,31.428337,-83.515947,osm_fuel,high,node/9555474521,Pilot,2.35,name match 0.07 mi from I-75 exit 60 (node/4374914941)
52241,39.086032,-104.861070,osm_exit,high,node/276846442,I-25 exit 161,1.21,I-25/US-85/US-87 exit 161: 2 node(s) within 0.2 mi; no fuel station with the name within 1.5 mi
52255,41.682166,-88.066929,osm_fuel,high,node/4072637589,Greater Chicago Truck Plaza,2.06,name match 0.29 mi from I-55 exit 267 (node/339946216)
52297,36.920176,-86.409192,osm_fuel,medium,node/10747127798,Shell,4.14,name match 1.04 mi from I-65 exit 20 (node/168868983); nearest of 2 matching sites
52299,30.446451,-91.238341,osm_exit,high,node/480398641,I-10 exit 151,1.85,I-10 exit 151: 2 node(s) within 0.7 mi; no fuel station with the name within 1.5 mi
52302,30.156238,-93.634492,osm_exit,high,node/114872892,I-10 exit 4,4.13,I-10 exit 4: 2 node(s) within 0.5 mi; no fuel station with the name within 1.5 mi
52304,30.170102,-90.871203,osm_exit,high,node/114662946,I-10 exit 182,0.97,I-10 exit 182: 2 node(s) within 0.7 mi; no fuel station with the name within 1.5 mi
52313,32.343817,-90.829510,osm_fuel,medium,node/4960778822,Circle K,3.39,name match 0.30 mi from I-20 exit 5A (node/341602957); nearest of 2 matching sites
52322,40.637974,-74.207936,osm_exit,medium,node/1032740641+node/1038140764+node/254354241+node/288985862,I-95 exit 13,2.10,"I-95 exit 13: 8 node(s) within 1.9 mi, midpoint of 4 exit nodes 1.8 mi apart; no fuel station with the name within 1.5 mi"
52323,40.722313,-74.149943,osm_fuel,high,node/14207959410,Power Fuel,1.19,name match 1.05 mi from I-78 exit 58 (node/295532206)
52325,42.447679,-75.049148,osm_fuel,medium,node/6876421059,Mirabito,1.03,name match 0.29 mi from I-88 exit 15 (node/213135669); nearest of 2 matching sites
52326,38.817253,-90.958055,osm_exit,high,node/1896644950,I-70/US-40 exit 203,0.20,I-70 exit 203: 2 node(s) within 0.4 mi; no fuel station with the name within 1.5 mi
52334,43.797921,-90.061804,osm_fuel,medium,way/1163707671,Kwik Trip,0.90,name match 0.20 mi from I-90 exit 69 (node/231251213); nearest of 2 matching sites
52335,37.183073,-77.318031,osm_fuel,medium,way/781891181,Shell,6.58,name match 0.84 mi from I-295 exit 3 (node/217993098); nearest of 2 matching sites
52346,39.280348,-76.478695,osm_exit,high,node/37423196,I-695 exit 41,1.34,I-695 exit 41: 2 node(s) within 0.7 mi; no fuel station with the name within 1.5 mi
52348,42.310792,-83.094358,osm_fuel,high,node/8755353131,Shell,5.01,name match 0.59 mi from I-75 exit 47 (node/780939824)
52361,32.645642,-96.788626,osm_exit,medium,node/4959211101+node/81661031,I-20 exit 470,10.29,"I-20 exit 470: 2 node(s) within 1.7 mi, midpoint of 2 exit nodes 1.7 mi apart; no fuel station with the name within 1.5 mi; 10 mi from the city"
52364,32.459048,-91.759391,osm_fuel,high,way/264709754,Pilot Truck Stop (brand Pilot),0.83,name match 0.13 mi from I-20/SR-137 exit 138 (node/123504430)
52366,35.490195,-94.220691,osm_exit,high,node/116861432,I-40 exit 13,0.41,I-40 exit 13: 2 node(s) within 0.6 mi; no fuel station with the name within 1.5 mi
52367,37.850704,-77.454842,osm_exit,high,node/444306354,I-95 exit 98,0.83,I-95 exit 98: 2 node(s) within 0.6 mi; no fuel station with the name within 1.5 mi
52383,33.321368,-87.050969,osm_exit,high,node/56455015,I-20/I-59/SR-5/US-11 exit 104,1.89,I-20/I-59 exit 104: 2 node(s) within 0.5 mi; no fuel station with the name within 1.5 mi
52384,34.229994,-79.798890,osm_exit,high,node/112536096,I-95 exit 164,3.55,I-95 exit 164: 2 node(s) within 0.3 mi; no fuel station with the name within 1.5 mi
52385,40.267388,-82.924058,osm_fuel,high,way/229323378,Flying J,3.31,name match 0.33 mi from I-71 exit 131 (node/334143332)
52387,34.616084,-89.950006,osm_exit,high,node/282395287,I-55 exit 265,1.84,I-55 exit 265: 2 node(s) within 0.5 mi; no fuel station with the name within 1.5 mi
52388,35.142810,-81.509261,osm_fuel,high,way/231125523,Flying J,1.52,name match 0.42 mi from I-85 exit 102 (node/34192148)
52400,42.779212,-87.952134,osm_fuel,high,node/2726222856,Pilot,2.37,name match 0.30 mi from I-94/US-41 exit 329 (node/232159979)
52401,35.173256,-92.743345,osm_fuel,high,way/224315666,Love's,1.25,name match 0.26 mi from I-40 exit 107 (node/116717232)
52402,32.444443,-93.978876,osm_fuel,high,way/225809550,Flying J,1.42,name match 0.20 mi from I-20 exit 3 (node/114875538)
52403,30.424351,-89.132351,osm_exit,high,node/125108098,I-10 exit 31,3.79,I-10 exit 31: 2 node(s) within 0.8 mi; no fuel station with the name within 1.5 mi
52404,41.100854,-114.962333,osm_exit,high,node/138355162,I-80 exit 352,0.97,I-80 exit 352: 3 node(s) within 1.0 mi; no fuel station with the name within 1.5 mi
52405,41.603291,-90.625184,osm_fuel,high,way/235551493,Flying J,3.39,name match 0.24 mi from I-80 exit 292 (node/160941168)
52411,40.739955,-111.946925,osm_fuel,high,way/221885760,Sapp Bros.,2.69,name match 0.29 mi from I-215 exit 21 (node/5793152138)
52413,41.136765,-83.660113,osm_fuel,high,node/804620920,Pilot #360 (operator Pilot),6.28,name match 0.23 mi from I-75/SR-613 exit 164 (node/63077948); OSM has the store number
52414,48.188436,-122.205947,osm_fuel,high,node/13013837560,One 9,3.09,name match 0.14 mi from I-5 exit 208 (node/50804234)
52421,41.141518,-78.785303,osm_fuel,high,way/1163238388,Sheetz (ref 194),1.13,name match 0.31 mi from I-80 exit 97 (node/106373698); OSM has the store number
52422,44.901255,-91.856439,osm_fuel,high,node/6185268631,Kwik Trip,2.73,name match 0.33 mi from I-94 exit 45 (node/230842009)
52423,46.005179,-112.612534,osm_fuel,high,way/451824958,Pilot Flying J (brand Pilot),3.73,name match 0.29 mi from I-15/I-90 exit 122 (node/434208185)
52426,34.372766,-86.892019,osm_exit,high,node/1714708795,I-65 exit 322,1.04,I-65 exit 322: 2 node(s) within 0.7 mi; no fuel station with the name within 1.5 mi
52427,39.618080,-119.267070,osm_fuel,high,way/225364452,Pilot,5.54,name match 0.21 mi from I-80 exit 46 (node/6639421949)
52428,33.935023,-81.080903,osm_exit,high,node/113427401,I-26 exit 115,3.95,I-26 exit 115: 2 node(s) within 1.0 mi; no fuel station with the name within 1.5 mi
52430,34.927042,-85.150560,osm_fuel,high,way/688950189,Chevron,1.90,name match 0.18 mi from I-75 exit 350 (node/1751529308)
52431,30.949661,-81.685590,osm_exit,high,node/706868629,I-95 exit 14 (Woodbine),2.05,I-95 exit 14: 2 node(s) within 0.7 mi; no fuel station with the name within 1.5 mi
52435,30.215998,-93.329998,osm_exit,high,node/114868452,I-10 exit 23,1.84,I-10/SR-108 exit 23: 2 node(s) within 0.6 mi; no fuel station with the name within 1.5 mi
52438,36.668570,-89.538231,osm_exit,high,node/191915383,I-55 exit 52,5.72,I-55 exit 52: 2 node(s) within 0.4 mi; no fuel station with the name within 1.5 mi
52441,35.583541,-78.147871,osm_fuel,high,way/220150715,Pilot,1.63,name match 0.36 mi from I-95 exit 106 (node/413758474)
52450,32.516224,-96.821022,osm_fuel,high,node/10857087925,Pilot,2.21,name match 0.34 mi from I-35 exit 410 (node/82099112)
52452,43.955410,-88.583195,osm_exit,high,node/866188458,I-41/US-41 exit 113,4.80,US-41 exit 113: 2 node(s) within 0.6 mi; no fuel station with the name within 1.5 mi
52454,39.997152,-81.576996,osm_fuel,high,way/1178084818,Pilot,1.70,name match 0.15 mi from I-70 exit 178 (node/385512318)
52455,34.188198,-97.171272,osm_fuel,high,node/1608318103,Love's,2.33,name match 0.31 mi from I-35 exit 32 (node/144886520)
52456,37.012278,-94.542961,osm_exit,high,node/191986412,I-44/SR-43 exit 4,4.92,I-44 exit 4: 2 node(s) within 0.6 mi; no fuel station with the name within 1.5 mi
52458,34.781381,-92.127306,osm_fuel,high,way/218548058,Pilot,6.12,name match 0.39 mi from I-40 exit 161 (node/118422890)
52463,36.241322,-115.097790,osm_fuel,high,way/264216830,Pilot gas (brand Pilot),3.39,name match 0.26 mi from I-15 exit 48 (node/281461888)
52465,35.283712,-93.090105,osm_fuel,high,way/230489757,Flying J,2.72,name match 0.26 mi from I-40 exit 84 (node/118224792)
52466,39.625334,-75.949343,osm_fuel,high,node/1478046611,Flying J,1.26,name match 0.73 mi from I-95 exit 100 (node/182303876)
52467,34.064697,-81.023515,osm_fuel,high,node/3076780914,Flying J,6.93,name match 0.14 mi from I-20 exit 70 (node/113936097)
52468,35.460350,-97.682188,osm_exit,high,node/458733753,I-40/US-270 exit 140,9.50,I-40 exit 140: 2 node(s) within 0.7 mi; no fuel station with the name within 1.5 mi
52470,41.649382,-93.609191,osm_exit,high,node/160756064,I-35/I-80 exit 136,5.31,I-80 exit 136: 2 node(s) within 0.9 mi; no fuel station with the name within 1.5 mi
52471,40.832287,-83.967314,osm_fuel,high,way/229321016,Flying J #695 (brand Flying J),0.32,name match 0.29 mi from I-75 exit 135 (node/196185682); OSM has the store number
52472,40.235182,-77.122064,osm_fuel,high,way/888021667,Flying J,4.97,name match 0.21 mi from I-81 exit 52 (node/111607237)
52473,39.685690,-111.836679,osm_fuel,high,way/235915348,Flying J Truck Lanes (brand Flying J),1.33,name match 0.33 mi from I-15 exit 222 (node/83279656)
52474,42.302579,-85.082114,osm_fuel,high,node/2379587828,Pilot,7.52,name match 0.19 mi from I-94 exit 104 (node/183789915)
52477,46.850727,-96.863024,osm_fuel,high,way/220149948,Petro,1.87,name match 0.35 mi from I-94 exit 348 (node/75103616)
52478,38.341177,-82.942315,osm_fuel,high,node/1712443268,Love's,0.61,name match 0.32 mi from I-64 exit 172 (node/162762919)
52479,34.349927,-83.321120,osm_fuel,high,way/219429368,Petro Stopping Centers #377 (brand Petro),5.26,name match 0.35 mi from I-85 exit 160 (node/69046231); OSM has the store number
52482,30.830934,-81.667919,osm_exit,high,node/66724233,I-95 exit 6 (Laurel Island Parkway),7.37,I-95 exit 6: 2 node(s) within 0.8 mi; no fuel station with the name within 1.5 mi
52483,38.879119,-97.593039,osm_fuel,high,node/12450059201,Flying J,4.71,name match 0.30 mi from I-70 exit 253 (node/492666681)
52484,41.691230,-92.356894,osm_fuel,high,way/1085889369,Kwik Star,5.32,name match 0.29 mi from I-80 exit 201 (node/160770035)
52512,32.442225,-98.694292,osm_fuel,high,way/225729683,Love's,2.17,name match 0.19 mi from I-20 exit 349 (node/390931087)
52513,32.270888,-90.152554,osm_exit,high,node/334281022,I-20 exit 47,3.55,I-20/I-55 exit 47: 3 node(s) within 1.5 mi; no fuel station with the name within 1.5 mi
52514,36.756371,-89.537784,osm_exit,high,node/191915482,I-55 exit 58,1.64,I-55 exit 58: 2 node(s) within 0.4 mi; no fuel station with the name within 1.5 mi
52516,35.015988,-110.674019,osm_fuel,high,way/144341264,Flying J,2.08,name match 0.30 mi from I-40 exit 255 (node/1578674219)
52527,29.403358,-82.244872,osm_exit,high,node/447888660,I-75 exit 368 (old exit 72),3.72,I-75 exit 368: 2 node(s) within 0.6 mi; no fuel station with the name within 1.5 mi
52528,39.013216,-94.127234,osm_fuel,high,way/1085736559,QuikTrip,0.43,name match 0.27 mi from I-70 exit 28 (node/190940428)
52529,45.139339,-112.734403,osm_exit,medium,node/434195315,I-15 exit 56,7.28,"I-15 exit 56N: 2 node(s) within 0.5 mi, exit letter differs; no fuel station with the name within 1.5 mi"
52531,39.130408,-94.496860,osm_fuel,high,way/229624739,Flying J,2.89,name match 0.20 mi from I-435 exit 57 (node/190945831)
52534,36.163935,-84.078709,osm_exit,high,node/1843340902,I-75 exit 122,5.39,I-75 exit 122: 2 node(s) within 0.5 mi; no fuel station with the name within 1.5 mi
52535,31.446999,-96.072322,osm_exit,medium,node/473189667,I-45 exit 178,0.90,"I-45 exit 178: 2 node(s) within 1.2 mi; no fuel station with the name within 1.5 mi; city name ambiguous, exit unique in its area"
52537,44.582305,-91.207471,osm_exit,high,node/232639552,I-94 exit 88,0.36,I-94 exit 88: 2 node(s) within 0.6 mi; no fuel station with the name within 1.5 mi
52539,33.685291,-84.311153,osm_fuel,high,node/2427461553,Pilot,8.36,name match 0.24 mi from I-285 exit 51 (node/68349392)
52542,28.326375,-82.321721,osm_fuel,high,way/223428884,Flying J,2.78,name match 0.36 mi from I-75 exit 285 (node/5273002277)
52548,40.821013,-97.812765,osm_exit,high,node/1658632969,I-80 exit 342,2.82,I-80 exit 342: 2 node(s) within 0.6 mi; no fuel station with the name within 1.5 mi
52549,41.447871,-81.669379,osm_fuel,high,node/2234571689,Speedway (ref 3328),2.18,name match 0.67 mi from I-77 exit 159A (node/429580857); OSM has the store number
52550,35.807792,-86.396833,osm_fuel,high,way/291651304,Pilot,3.47,name match 0.25 mi from I-24 exit 81 (node/203436228)
52551,30.725513,-85.186994,osm_fuel,high,way/226885136,Pilot,5.36,name match 0.33 mi from I-10 exit 142 (node/298510637)
52552,38.725520,-94.457526,osm_exit,high,node/5408604629,I-49/US-71 exit 167,0.70,I-49/US-71 exit 167: 2 node(s) within 0.4 mi; no fuel station with the name within 1.5 mi
52553,35.078938,-106.746524,osm_fuel,high,way/888809753,Flying J,5.91,name match 0.44 mi from I-40 exit 153 (node/140753158)
52558,35.517076,-93.829079,osm_exit,high,node/117010169,I-40 exit 37,1.51,I-40 exit 37: 2 node(s) within 0.9 mi; no fuel station with the name within 1.5 mi
52562,44.654271,-73.482743,osm_exit,high,node/211833732,I-87 exit 36,2.87,I-87 exit 36: 2 node(s) within 0.0 mi; no fuel station with the name within 1.5 mi
52563,30.641210,-83.190411,osm_fuel,high,way/226930517,Flying J,3.07,name match 0.38 mi from I-75 exit 2 (node/9503849248)
52564,37.059305,-94.432945,osm_exit,high,node/190951958,I-44 exit 11A,3.92,I-44 exit 11A: 3 node(s) within 0.8 mi; no fuel station with the name within 1.5 mi
52565,27.683711,-99.461474,osm_fuel,high,way/229303908,Pilot,8.69,name match 0.46 mi from I-35 exit 13 (node/344993316)
52566,27.617401,-99.491758,osm_exit,high,node/337309106,I-27/I-35/US-83 exit 8,3.94,I-35 exit 8: 3 node(s) within 1.2 mi; no fuel station with the name within 1.5 mi
52575,37.060607,-113.582146,osm_fuel,high,way/241718233,Pilot Truck Lanes (brand Pilot),1.17,name match 0.31 mi from I-15 exit 4 (node/84253076)
52577,41.235622,-95.878781,osm_fuel,high,node/2022526595,Pilot,1.35,name match 0.77 mi from I-29/I-80 exit 1B (node/160902953)
52580,31.137442,-81.571889,osm_fuel,high,node/5486357522,Love's (ref 405),6.21,name match 0.40 mi from I-95 exit 29 (node/1596506976); OSM has the store number
52581,32.262143,-109.847037,osm_exit,high,node/732767163,I-10/US-191 exit 340,0.97,I-10 exit 340: 2 node(s) within 0.6 mi; no fuel station with the name within 1.5 mi
52585,46.896710,-103.196425,osm_exit,high,node/77796625,I-94 exit 42,0.69,I-94 exit 42: 2 node(s) within 0.5 mi; no fuel station with the name within 1.5 mi
52587,43.094079,-76.166843,osm_exit,high,node/4360766395,I-90 exit 36,2.30,I-90 exit 36: 2 node(s) within 0.0 mi; no fuel station with the name within 1.5 mi
52590,36.669571,-86.552853,osm_exit,high,node/168314189,I-65 exit 2,3.36,I-65 exit 2: 2 node(s) within 0.7 mi; no fuel station with the name within 1.5 mi
52591,37.933361,-77.473731,osm_fuel,high,way/220795018,Flying J (ref 749),1.03,name match 0.33 mi from I-95 exit 104 (node/396542); OSM has the store number
52594,40.133488,-79.998973,osm_exit,high,node/3777506712,I-70 exit 32B,1.12,I-70 exit 32B: 3 node(s) within 0.5 mi; no fuel station with the name within 1.5 mi
52595,41.072026,-75.700747,osm_exit,medium,node/165035425,I-476 exit 95 (Pocono),15.36,I-476 exit 35/95: 2 node(s) within 0.6 mi; no fuel station with the name within 1.5 mi; 15 mi from the city
52597,40.183177,-77.242910,osm_exit,high,node/111524147,I-81 exit 44,2.47,I-81 exit 44: 2 node(s) within 0.5 mi; no fuel station with the name within 1.5 mi
52598,40.215311,-76.783764,osm_exit,high,node/1124840188,I-76 exit 247 (Harrisburg East),3.05,I-76 exit 19/247: 2 node(s) within 0.4 mi; no fuel station with the name within 1.5 mi
52599,40.215501,-76.070368,osm_exit,high,node/463006143,I-76 exit 286 (Reading),2.77,I-76 exit 21/286: 2 node(s) within 0.4 mi; no fuel station with the name within 1.5 mi
52601,34.786133,-92.126046,osm_fuel,high,way/218548170,Love's,6.19,name match 0.19 mi from I-40 exit 161 (node/118422890)
52605,41.427882,-87.756781,osm_fuel,high,node/11071533350,Pilot,0.78,name match 0.32 mi from I-57 exit 335 (node/237434092)
52607,36.022900,-87.340852,osm_fuel,high,node/9861448027,Pilot,3.20,name match 0.40 mi from I-40 exit 172 (node/53659513)
52608,35.722104,-81.189662,osm_exit,high,node/169835317,I-40 exit 133,1.52,I-40 exit 133: 2 node(s) within 0.4 mi; no fuel station with the name within 1.5 mi
52610,42.141591,-79.924474,osm_fuel,high,node/7887487648,TA,7.83,name match 0.29 mi from I-90 exit 35 (node/302087525)
52615,41.464700,-82.051725,osm_exit,high,node/198297679,I-90/SR-2 exit 151,2.77,I-90 exit 151: 2 node(s) within 0.4 mi; no fuel station with the name within 1.5 mi
52616,40.120993,-85.568948,osm_exit,high,node/1418333511,I-69 exit 234 (old exit 34),0.69,I-69 exit 234: 2 node(s) within 0.9 mi; no fuel station with the name within 1.5 mi
52618,34.713854,-82.498571,osm_exit,high,node/109509119,I-85/US-29 exit 35,1.89,I-85 exit 35: 2 node(s) within 0.7 mi; no fuel station with the name within 1.5 mi
52620,39.329869,-101.693105,osm_exit,high,node/122630061,I-70/US-24 exit 19,1.70,I-70 exit 19: 2 node(s) within 0.4 mi; no fuel station with the name within 1.5 mi
52621,39.329676,-101.543544,osm_exit,high,node/122602945,I-70/US-24 exit 27,9.19,I-70 exit 27: 2 node(s) within 0.4 mi; no fuel station with the name within 1.5 mi
52623,41.918534,-72.263662,osm_exit,high,node/290061691,I-84 exit 71,2.01,I-84 exit 71: 2 node(s) within 0.6 mi; no fuel station with the name within 1.5 mi
52624,45.765973,-119.205267,osm_fuel,high,node/5047060121,Pilot,1.24,name match 0.22 mi from I-84 exit 188 (node/42798779)
52625,38.222772,-91.158072,osm_exit,high,node/958192178,I-44 exit 226,0.75,I-44 exit 226: 2 node(s) within 0.4 mi; no fuel station with the name within 1.5 mi
52626,31.140324,-81.578837,osm_fuel,high,node/10062606870,Flying J (ref 627),6.62,name match 0.47 mi from I-95/SR-405 exit 29 (node/1596506976); OSM has the store number
52628,33.630367,-113.761454,osm_exit,medium,node/174836552,I-10 exit 45,13.55,I-10 exit 45: 2 node(s) within 0.6 mi; no fuel station with the name within 1.5 mi; 14 mi from the city
52629,47.007920,-120.586213,osm_fuel,high,way/225046490,Love's,1.81,name match 0.37 mi from I-90 exit 106 (node/369957234)
52630,45.049092,-122.974991,osm_fuel,high,way/261984078,Pilot,8.96,name match 0.19 mi from I-5 exit 263 (node/249748894)
52632,39.554694,-86.044179,osm_exit,high,node/180146208,I-65 exit 95,1.61,I-65 exit 95: 2 node(s) within 0.6 mi; no fuel station with the name within 1.5 mi
52633,36.065780,-79.309825,osm_fuel,high,node/5077700121,Pilot,2.15,name match 0.20 mi from I-40/I-85 exit 152 (node/169046672)
52634,40.821530,-97.591827,osm_exit,high,node/137074331,I-80 exit 353,3.31,I-80 exit 353: 2 node(s) within 0.6 mi; no fuel station with the name within 1.5 mi
52636,38.173007,-87.551693,osm_fuel,high,way/223485832,Love's,2.44,name match 0.41 mi from I-64 exit 25B (node/181882811)
52638,31.576421,-102.887131,osm_exit,high,node/317717243,I-20 exit 80,1.28,I-20 exit 80: 2 node(s) within 0.6 mi; no fuel station with the name within 1.5 mi
52640,41.492871,-87.512640,osm_fuel,high,way/1037267038,Speedway (ref 8316),0.39,"store number and name match, 0.4 mi from city center (no exit in address)"
52641,32.188696,-81.194518,osm_fuel,high,node/5224799022,Pilot,0.69,name match 0.28 mi from I-95 exit 109 (node/1687908086)
52642,34.509119,-81.858057,osm_fuel,high,node/12094829373,ONE9,2.44,name match 0.27 mi from I-26 exit 52 (node/1629927298)
52644,36.523288,-77.587205,osm_fuel,high,way/1058585146,ONE9,2.93,name match 0.15 mi from I-95 exit 180 (node/172467953)
52646,39.762724,-104.793785,osm_fuel,high,way/226616572,Flying J,5.35,name match 0.49 mi from I-70 exit 285 (node/270608929)
52647,39.942420,-82.599208,osm_fuel,high,way/229322030,Flying J,4.40,name match 0.25 mi from I-70 exit 122 (node/198246356)
52649,30.493085,-84.429659,osm_fuel,high,way/230492663,Flying J,1.96,name match 0.16 mi from I-10 exit 192 (node/298586016)
52651,29.732051,-98.074421,osm_exit,high,node/1389221799,I-35 exit 193,3.33,I-35 exit 193: 1 node(s) within 0.0 mi; no fuel station with the name within 1.5 mi
52656,31.172995,-105.652256,osm_exit,medium,node/148513593,I-10 exit 87,18.50,I-10 exit 87: 2 node(s) within 0.5 mi; no fuel station with the name within 1.5 mi; 19 mi from the city
52658,35.421008,-96.301161,osm_fuel,high,node/11684356605,Love's,0.57,name match 0.17 mi from I-40 exit 221 (node/147433554)
52659,32.354153,-108.735709,osm_fuel,high,way/1034926392,Love's,2.09,name match 0.20 mi from I-10 exit 20 (node/142409006)
52661,32.598461,-97.317623,osm_fuel,high,way/509072595,Love's,12.81,name match 0.37 mi from I-35 exit 40 (node/82403841)
52663,32.622799,-88.207787,osm_fuel,high,way/461631899,Exxon (operator L&B Travel Plaza),2.24,name match 0.16 mi from I-20/I-59 exit 17 (node/63787919)
52664,41.330673,-75.738133,osm_exit,medium,node/206156617,I-81 exit 178,2.47,"I-81 exit 178B: 2 node(s) within 0.5 mi, exit letter differs; no fuel station with the name within 1.5 mi"
52667,32.338856,-89.286137,osm_exit,high,node/126023559,I-20 exit 100,3.25,I-20 exit 100: 2 node(s) within 0.5 mi; no fuel station with the name within 1.5 mi
52674,32.461696,-99.872548,osm_fuel,high,way/236134091,Flying J,0.74,name match 0.32 mi from I-20/FM-707 exit 277 (node/57671052)
52675,46.396823,-105.820936,osm_fuel,high,way/1306440658,Pilot,1.06,name match 0.24 mi from I-94 exit 138 (node/40517239)
52676,41.145355,-78.782120,osm_exit,high,node/104254083,I-80 exit 97,2.09,I-80 exit 97: 2 node(s) within 0.6 mi; no fuel station with the name within 1.5 mi
52680,30.065955,-81.494605,osm_fuel,high,way/404512431,Pilot,3.35,name match 0.45 mi from I-95 exit 329 (node/100132161)
52683,36.176480,-94.193145,osm_fuel,high,node/7682055228,Pilot,2.36,name match 0.52 mi from I-40/US-71/US-62 exit 72 (node/119071626)
52685,34.986562,-90.905641,osm_fuel,high,way/224315865,Love's,1.13,name match 0.29 mi from I-40/US-63 exit 233 (node/118551517)
52686,34.954861,-110.311655,osm_fuel,high,node/9952938547,Love's,1.16,name match 0.23 mi from I-40 exit 277 (node/1740745757)
52687,33.660715,-114.235270,osm_exit,high,node/174820802,I-10 exit 17,1.15,I-10 exit 17: 2 node(s) within 0.5 mi; no fuel station with the name within 1.5 mi
52690,27.413360,-80.397818,osm_fuel,high,way/223432255,Love's,3.51,name match 0.65 mi from I-95 exit 129 (node/100348221)
52691,33.682548,-85.263647,osm_fuel,high,way/236501658,Pilot,3.98,name match 0.21 mi from I-20/SR-402 exit 5 (node/70073197)
52692,38.731645,-89.908010,osm_fuel,high,way/229453440,Pilot Truck Stop,0.87,name match 0.40 mi from I-70/I-55 exit 18 (node/236325809)
52697,40.187151,-111.641262,osm_fuel,high,way/241716672,Flying J Truck Lanes (brand Flying J),1.95,name match 0.38 mi from I-15 exit 261 (node/431056059)
60191,33.494414,-112.937770,osm_fuel,high,way/951751974,Pilot,0.60,name match 0.39 mi from I-10 exit 94 (node/1678497819)
60206,37.656059,-104.791710,osm_exit,high,node/1150217015,I-25 exit 52,1.84,I-25 exit 52: 2 node(s) within 0.4 mi; no fuel station with the name within 1.5 mi
60208,41.350379,-72.868464,osm_fuel,high,node/2926819810,Berkshire,2.24,name match 0.05 mi from I-91 exit 9 (node/9373714138)
60229,32.626069,-83.374753,osm_exit,high,node/73061964,I-16 exit 24,4.56,I-16 exit 24: 2 node(s) within 0.7 mi; no fuel station with the name within 1.5 mi
60243,42.022060,-96.128396,osm_exit,high,node/160511166,I-29 exit 112,1.95,I-29 exit 112: 2 node(s) within 0.7 mi; no fuel station with the name within 1.5 mi
60245,42.938224,-114.984849,osm_exit,high,node/129316545,I-84/US-26 exit 137,2.12,I-84 exit 137: 2 node(s) within 0.8 mi; no fuel station with the name within 1.5 mi
60248,40.591817,-74.236221,osm_exit,high,node/254159015,I-95 exit 12,1.93,I-95 exit 12: 4 node(s) within 0.6 mi; no fuel station with the name within 1.5 mi
60250,40.661121,-74.184674,osm_exit,medium,node/254354080,I-95 exit 13A,0.77,I-95 exit 13A: 8 node(s) within 3.0 mi; no fuel station with the name within 1.5 mi
60273,39.364967,-101.050919,osm_exit,high,node/122999910,I-70 exit 53,1.37,I-70 exit 53: 2 node(s) within 0.4 mi; no fuel station with the name within 1.5 mi
60280,37.054062,-97.338253,osm_exit,high,node/122875705,I-35 exit 4,3.49,I-35 exit 4: 2 node(s) within 0.4 mi; no fuel station with the name within 1.5 mi
60294,30.314012,-91.831760,osm_fuel,high,way/266737135,Exxon,4.91,name match 0.24 mi from I-10 exit 115 (node/123773768)
60295,30.235744,-92.380345,osm_exit,high,node/114675050,I-10 exit 80,1.28,I-10 exit 80: 2 node(s) within 0.6 mi; no fuel station with the name within 1.5 mi
60298,30.421396,-92.055376,osm_exit,high,node/123731094,I-49/US-167 exit 11,0.69,I-49 exit 11: 2 node(s) within 0.7 mi; no fuel station with the name within 1.5 mi
60316,45.868871,-68.414965,osm_exit,high,node/101316362,I-95 exit 264,0.21,I-95 exit 264: 2 node(s) within 0.6 mi; no fuel station with the name within 1.5 mi
60324,42.438897,-83.094881,osm_exit,high,node/62564057,I-75 exit 59,3.88,I-75 exit 59: 2 node(s) within 1.0 mi; no fuel station with the name within 1.5 mi
60326,42.979198,-82.774010,osm_exit,high,node/185943728,I-69 exit 184,5.81,I-69 exit 184: 2 node(s) within 0.9 mi; no fuel station with the name within 1.5 mi
60344,42.721254,-85.670054,osm_exit,high,node/183491434,US-131 exit 68,3.63,US-131 exit 68: 2 node(s) within 0.4 mi; no fuel station with the name within 1.5 mi
60347,43.687126,-93.354921,osm_exit,high,node/186923445,I-90 exit 157,2.32,I-90 exit 157: 2 node(s) within 0.4 mi; no fuel station with the name within 1.5 mi
60373,36.916825,-89.323147,osm_exit,high,node/191700184,I-57/US-60 exit 12,0.59,I-57 exit 12: 2 node(s) within 0.7 mi; no fuel station with the name within 1.5 mi
60382,39.133716,-94.499123,osm_exit,high,node/190945831,I-435 exit 57,2.81,I-435 exit 57: 2 node(s) within 0.4 mi; no fuel station with the name within 1.5 mi
60383,38.900324,-91.454797,osm_fuel,high,relation/18958344,Casey's (brand Casey's General Store),0.56,name match 0.13 mi from I-70 exit 175 (node/191832924)
60392,32.297283,-89.809158,osm_exit,high,node/343437296,I-20 exit 68 (Exit 68),1.63,I-20 exit 68: 2 node(s) within 0.6 mi; no fuel station with the name within 1.5 mi
60398,45.644532,-110.567814,osm_exit,high,node/418558625,I-90/US-191/US-89 exit 333,1.57,I-90 exit 333: 2 node(s) within 0.2 mi; no fuel station with the name within 1.5 mi
60461,39.786080,-84.184272,osm_exit,medium,node/198817772,I-75 exit 56,0.82,"I-75 exit 56A: 2 node(s) within 0.4 mi, exit letter differs; no fuel station with the name within 1.5 mi"
60463,40.398108,-84.161876,osm_exit,high,node/454082552,I-75 exit 99,0.75,I-75 exit 99: 2 node(s) within 0.5 mi; no fuel station with the name within 1.5 mi
60551,33.474694,-94.413936,osm_exit,high,node/222250053,I-30 exit 201,0.98,I-30 exit 201: 2 node(s) within 0.6 mi; no fuel station with the name within 1.5 mi
60554,34.188438,-101.750927,osm_fuel,medium,way/678773441,CEFCO,1.58,name match 0.33 mi from I-27 exit 49 (node/344257973); nearest of 2 matching sites
60565,35.230099,-100.255270,osm_exit,medium,node/229249966,I-40 exit 163,1.14,"I-40 exit 163: 2 node(s) within 0.8 mi; no fuel station with the name within 1.5 mi; city name ambiguous, exit unique in its area"
60579,37.289803,-79.910277,osm_fuel,high,node/9269914772,Speedway (ref 4633),2.75,"store number and name match, 2.7 mi from city center (no exit in address)"
60589,44.937714,-91.152451,osm_exit,high,node/230690098,SR-29 exit 91,0.84,SR-29 exit 91: 2 node(s) within 0.6 mi; no fuel station with the name within 1.5 mi
60650,32.939454,-112.743059,osm_exit,medium,node/41387767+node/414260348,I-8 exit 115,2.45,"I-8 exit 115: 2 node(s) within 1.5 mi, midpoint of 2 exit nodes 1.5 mi apart; no fuel station with the name within 1.5 mi"
60700,39.702054,-105.202242,osm_exit,high,node/177248094,I-70 exit 259,2.83,I-70/US-40 exit 259: 2 node(s) within 0.5 mi; no fuel station with the name within 1.5 mi
60707,40.616562,-103.174748,osm_exit,high,node/382380256,I-76 exit 125,0.97,I-76 exit 125: 2 node(s) within 0.7 mi; no fuel station with the name within 1.5 mi
60768,34.202834,-84.761446,osm_exit,high,node/330982727,I-75 exit 290,3.50,I-75 exit 290: 2 node(s) within 0.4 mi; no fuel station with the name within 1.5 mi
60781,32.489319,-83.742419,osm_exit,high,node/70368604,I-75 exit 138,1.37,I-75 exit 138: 2 node(s) within 0.6 mi; no fuel station with the name within 1.5 mi
60807,41.003874,-92.171648,osm_exit,high,node/351947849,SR-163/US-34 exit 203,0.66,US-34 exit 203: 2 node(s) within 0.9 mi; no fuel station with the name within 1.5 mi
60829,39.703074,-91.033860,osm_exit,high,node/1598526984,I-72/US-36 exit 20,0.46,I-72 exit 20: 2 node(s) within 0.6 mi; no fuel station with the name within 1.5 mi
60833,41.938784,-88.117960,osm_fuel,high,way/850669924,Speedway (ref 5400),1.72,"store number and name match, 1.7 mi from city center (no exit in address)"
60834,41.748543,-87.799040,osm_fuel,high,way/418082563,Speedway (ref 7422),1.60,"store number and name match, 1.6 mi from city center (no exit in address)"
60839,40.773003,-89.749448,osm_exit,high,node/236775015,I-74 exit 82,1.89,I-74 exit 82: 2 node(s) within 0.4 mi; no fuel station with the name within 1.5 mi
60846,41.604344,-90.192125,osm_exit,high,node/236921236,I-88/SR-110 exit 10,1.01,I-88 exit 10: 2 node(s) within 0.6 mi; no fuel station with the name within 1.5 mi
60851,41.904493,-88.041887,osm_fuel,high,way/850669442,Speedway (ref 7382),2.52,"store number and name match, 2.5 mi from city center (no exit in address)"
60865,41.818901,-87.737915,osm_exit,high,node/2993316086,I-55 exit 286,2.09,I-55 exit 286: 2 node(s) within 0.7 mi; no fuel station with the name within 1.5 mi
60871,41.033663,-89.056538,osm_exit,high,node/528518818,I-39/US-51 exit 35,1.06,I-39/US-51 exit 35: 2 node(s) within 0.8 mi; no fuel station with the name within 1.5 mi
60881,38.283541,-85.917342,osm_exit,high,node/179442883,I-64 exit 118,2.69,I-64 exit 118: 2 node(s) within 0.8 mi; no fuel station with the name within 1.5 mi
60882,41.562427,-85.797608,osm_fuel,high,node/9573076216,Speedway (ref 6666),1.85,"store number and name match, 1.9 mi from city center (no exit in address)"
60887,38.193991,-86.972324,osm_exit,medium,node/181723596,I-64 exit 57B,13.87,"I-64 exit 57: 4 node(s) within 1.0 mi, exit letter differs; no fuel station with the name within 1.5 mi; 14 mi from the city"
60890,38.835765,-88.787743,osm_exit,high,node/234376259,I-57 exit 135,0.55,I-57 exit 135: 2 node(s) within 0.6 mi; no fuel station with the name within 1.5 mi
60902,41.737596,-86.334907,osm_fuel,high,way/1038876758,Speedway (ref 6674),5.42,name match 0.55 mi from I-80/I-90 exit 72 (node/181561722); OSM has the store number
60979,30.156238,-93.634492,osm_exit,high,node/114872892,I-10 exit 4,4.13,I-10 exit 4: 2 node(s) within 0.5 mi; no fuel station with the name within 1.5 mi
60993,42.298057,-71.450205,osm_fuel,high,way/213269028,Gulf,0.99,name match 1.44 mi from I-90 exit 12 (node/61437898)
60998,42.170729,-72.455892,osm_fuel,medium,node/12359967815,Gulf,1.26,"name match 0.67 mi from I-90 exit 7 (node/64997871); city name ambiguous, exit unique in its area"
61028,43.593232,-83.991961,osm_fuel,high,node/7237787655,Marathon,5.19,name match 0.29 mi from US-10 exit 137 (node/183685957)
61034,42.275461,-83.160232,osm_exit,high,node/62839965,I-75 exit 43,8.00,I-75 exit 43: 3 node(s) within 0.4 mi; no fuel station with the name within 1.5 mi
61038,42.973919,-83.683182,osm_fuel,medium,node/7178265743,Speedway,3.77,name match 0.38 mi from I-475 exit 4 (node/61525301); nearest of 2 matching sites
61042,42.376408,-85.659277,osm_fuel,high,node/4063879768,Citgo,7.87,name match 0.37 mi from US-131 exit 44 (node/184691259)
61063,42.100635,-84.996423,osm_exit,high,node/183824966,I-69 exit 25,0.32,I-69 exit 25: 2 node(s) within 0.8 mi; no fuel station with the name within 1.5 mi
61076,45.249940,-93.028098,osm_fuel,high,relation/18046406,Holiday,2.98,name match 0.22 mi from I-35 exit 129 (node/1448585944)
61093,43.637535,-95.573305,osm_exit,high,node/187599085,I-90 exit 45,1.45,I-90 exit 45: 2 node(s) within 0.4 mi; no fuel station with the name within 1.5 mi
61099,38.006086,-90.225791,osm_fuel,high,way/290395936,Love's,0.65,name match 0.15 mi from I-55 exit 157 (node/192902179)
61110,39.156778,-94.497927,osm_exit,medium,node/189861374,I-435 exit 55 (old exit 55B),3.56,"I-435 exit 55B: 2 node(s) within 0.3 mi, matched on the old exit number (old_ref); no fuel station with the name within 1.5 mi"
61111,39.551879,-94.268244,osm_fuel,high,way/1316056895,Casey's General Store,2.83,name match 0.18 mi from I-35 exit 40 (node/189855676)
61118,37.712618,-89.894592,osm_exit,high,node/456994554,I-55 exit 129,1.37,I-55 exit 129: 2 node(s) within 0.5 mi; no fuel station with the name within 1.5 mi
61146,31.908958,-89.012140,osm_exit,high,node/1227228070,I-59 exit 113,1.81,I-59 exit 113: 2 node(s) within 0.4 mi; no fuel station with the name within 1.5 mi
61193,41.087037,-83.657030,osm_fuel,high,node/9670940547,Speedway (ref 8502),2.91,name match 0.25 mi from I-75 exit 161 (node/63080545); OSM has the store number
61205,35.720713,-78.585862,osm_fuel,high,node/1646480638,Speedway (ref 6961),2.69,name match 0.31 mi from I-40 exit 303 (node/195401765); OSM has the store number
61254,36.011029,-80.832335,osm_exit,high,node/171577961,I-77 exit 65,2.11,I-77 exit 65: 2 node(s) within 0.5 mi; no fuel station with the name within 1.5 mi
61269,47.892539,-97.090164,osm_exit,high,node/75862146,I-29/US-81 exit 138,1.87,I-29 exit 138: 2 node(s) within 0.5 mi; no fuel station with the name within 1.5 mi
61271,46.912115,-98.005190,osm_exit,high,node/74318353,I-94/US-52 exit 292,0.72,I-94 exit 292: 2 node(s) within 0.5 mi; no fuel station with the name within 1.5 mi
61339,40.667620,-75.138553,osm_exit,high,node/28208984,I-78 exit 3,2.71,I-78 exit 3: 2 node(s) within 0.5 mi; no fuel station with the name within 1.5 mi
61453,41.567509,-83.690517,osm_exit,high,node/12537480912,I-475/US-23 exit 5;6,1.28,I-475 exit 6: 2 node(s) within 1.4 mi; no fuel station with the name within 1.5 mi
61461,41.630840,-83.482093,osm_exit,high,node/63158111,I-280 exit 7,2.85,I-280 exit 7: 2 node(s) within 1.0 mi; no fuel station with the name within 1.5 mi
61483,32.551043,-93.783842,osm_exit,medium,node/114897359,I-220 exit 7A,5.84,"I-220 exit 7: 4 node(s) within 0.6 mi, exit letter differs; no fuel station with the name within 1.5 mi"
61492,34.299438,-97.159331,osm_exit,high,node/144889573,I-35 exit 40,2.41,I-35 exit 40: 2 node(s) within 0.5 mi; no fuel station with the name within 1.5 mi
61511,40.485727,-76.246982,osm_exit,high,node/473224052,I-78/US-22 exit 16,2.25,I-78/US-22 exit 16: 2 node(s) within 0.3 mi; no fuel station with the name within 1.5 mi
61515,40.236774,-77.125499,osm_exit,high,node/111607237,I-81 exit 52,4.87,I-81 exit 52: 3 node(s) within 0.4 mi; no fuel station with the name within 1.5 mi
61567,40.540587,-79.823062,osm_exit,high,node/1463828484,I-76 exit 48 (Allegheny Valley),2.61,I-76 exit 5/48: 2 node(s) within 0.3 mi; no fuel station with the name within 1.5 mi
61570,39.987163,-78.251876,osm_exit,medium,node/201011558,I-76 exit 161 (Breezewood),13.93,I-76 exit 12/161: 2 node(s) within 0.5 mi; no fuel station with the name within 1.5 mi; 14 mi from the city
61594,34.792501,-82.406620,osm_exit,medium,node/113025401,I-85 exit 44B-A,3.94,"I-85 exit 44: 2 node(s) within 1.0 mi, exit letter differs; no fuel station with the name within 1.5 mi"
61595,34.792501,-82.406620,osm_exit,medium,node/113025401,I-85 exit 44B-A,3.94,"I-85 exit 44: 2 node(s) within 1.0 mi, exit letter differs; no fuel station with the name within 1.5 mi"
61597,34.873685,-82.224584,osm_fuel,medium,way/319303103,Spinx,4.02,name match 0.47 mi from I-85 exit 56 (node/113026234); nearest of 3 matching sites
61599,35.078740,-82.059622,osm_exit,high,node/114159975,I-26 exit 10,2.83,I-26 exit 10: 2 node(s) within 0.4 mi; no fuel station with the name within 1.5 mi
61616,34.505539,-80.997292,osm_exit,medium,node/1835017420,I-77 exit 48,10.86,I-77 exit 48: 2 node(s) within 0.6 mi; no fuel station with the name within 1.5 mi; 11 mi from the city
61621,43.691646,-98.017792,osm_exit,high,node/79281584,I-90/SR-37 exit 332,2.73,I-90 exit 332: 2 node(s) within 0.5 mi; no fuel station with the name within 1.5 mi
61633,35.980847,-85.010475,osm_exit,high,node/202150223,I-40 exit 320,2.32,I-40 exit 320: 2 node(s) within 0.4 mi; no fuel station with the name within 1.5 mi
61642,39.369354,-94.374096,osm_fuel,high,way/265139488,Pilot Truck Stop (brand Pilot),1.29,name match 0.16 mi from I-35 exit 26 (node/189856728)
61646,35.347312,-89.516312,osm_fuel,high,node/11835149815,Shell,4.74,name match 0.20 mi from I-40 exit 35 (node/457621817)
61651,36.222353,-83.044770,osm_exit,high,node/1700712919,I-81 exit 23,3.31,I-81 exit 23: 2 node(s) within 0.5 mi; no fuel station with the name within 1.5 mi
61660,35.789848,-88.388703,osm_exit,high,node/202698009,I-40 exit 108,2.04,I-40 exit 108: 2 node(s) within 0.4 mi; no fuel station with the name within 1.5 mi
61684,31.262079,-95.987729,osm_exit,high,node/469470404,I-45 exit 164,0.56,I-45/SR-7 exit 164: 2 node(s) within 0.5 mi; no fuel station with the name within 1.5 mi
61730,31.951016,-102.139211,osm_exit,high,node/227135532,I-20/SR-158/SR-349 exit 131,5.31,I-20 exit 131: 1 node(s) within 0.0 mi; no fuel station with the name within 1.5 mi
61747,29.284792,-98.653638,osm_exit,high,node/149496062,I-35 exit 141,0.56,I-35 exit 141: 2 node(s) within 1.0 mi; no fuel station with the name within 1.5 mi
61761,35.239290,-102.434483,osm_exit,high,node/227684758,I-40 exit 36,0.51,I-40 exit 36: 2 node(s) within 0.7 mi; no fuel station with the name within 1.5 mi
61763,31.559892,-103.000621,osm_exit,high,node/229137951,I-20 exit 73,0.60,I-20 exit 73: 2 node(s) within 0.4 mi; no fuel station with the name within 1.5 mi
61799,37.096740,-81.128313,osm_exit,high,node/206562594,I-77 exit 52,0.72,I-77 exit 52: 2 node(s) within 0.6 mi; no fuel station with the name within 1.5 mi
61804,36.945999,-77.392404,osm_exit,high,node/219924290,I-95 exit 31,0.45,I-95/SR-301 exit 31: 2 node(s) within 0.4 mi; no fuel station with the name within 1.5 mi
61819,46.113141,-122.883516,osm_exit,medium,node/47680906,I-5 exit 36A-B,4.48,"I-5 exit 36: 2 node(s) within 1.0 mi, exit letter differs; no fuel station with the name within 1.5 mi"
61835,42.523169,-87.946946,osm_fuel,medium,way/656552450,BP,3.23,name match 1.06 mi from I-94 exit 345 (node/231275771); nearest of 2 matching sites
61849,43.090371,-88.910012,osm_fuel,high,way/503489087,Kwik Trip,0.90,name match 0.30 mi from I-94 exit 259 (node/231192067)
61862,44.044314,-89.108026,osm_fuel,high,node/12941504527,Kwik Trip (ref 781),0.73,"store number and name match, 0.7 mi from city center (no exit in address)"
61867,43.933424,-90.821261,osm_fuel,high,way/505982358,Kwik Trip (ref 318),0.54,"store number and name match, 0.5 mi from city center (no exit in address)"
61968,34.200294,-97.167705,osm_fuel,high,node/1608318101,Flying J,2.07,name match 0.26 mi from I-35 exit 33 (node/144860369)
62008,40.451403,-76.516170,osm_exit,medium,node/159043651,I-81 exit 90,3.24,"I-81 exit 90: 2 node(s) within 0.2 mi; no fuel station with the name within 1.5 mi; city name ambiguous, exit unique in its area"
62211,40.244868,-104.060065,osm_exit,high,node/177689396,I-76 exit 66,1.29,I-76 exit 66: 3 node(s) within 0.8 mi; no fuel station with the name within 1.5 mi
62355,40.736514,-89.034665,osm_exit,high,node/658551609,I-39/US-51 exit 14,0.90,I-39 exit 14: 2 node(s) within 0.4 mi; no fuel station with the name within 1.5 mi
62399,41.734712,-85.796969,osm_exit,high,node/1412469997,I-80/I-90 exit 101,2.34,I-80 exit 101: 2 node(s) within 0.6 mi; no fuel station with the name within 1.5 mi
62467,38.365764,-82.772725,osm_exit,high,node/162072620,I-64 exit 181,9.47,I-64 exit 181: 2 node(s) within 0.4 mi; no fuel station with the name within 1.5 mi
62500,30.156238,-93.634492,osm_exit,high,node/114872892,I-10 exit 4,4.13,I-10 exit 4: 2 node(s) within 0.5 mi; no fuel station with the name within 1.5 mi
62550,42.136775,-83.387012,osm_fuel,medium,node/3430870369,Sunoco,1.96,name match 0.25 mi from I-275 exit 11 (node/62927351); nearest of 2 matching sites
62559,42.911385,-82.505683,osm_exit,high,node/185952120,I-94 exit 266,4.97,I-94 exit 266: 2 node(s) within 0.6 mi; no fuel station with the name within 1.5 mi
62560,42.883277,-85.073772,osm_fuel,high,node/12094860348,ONE9,6.46,name match 0.42 mi from I-96 exit 67 (node/184496506)
62701,39.691959,-79.100648,osm_fuel,high,way/220735023,Pilot,2.80,name match 0.51 mi from I-68 exit 22 (node/619614997)
62710,45.830801,-109.914285,osm_exit,high,node/418500146,I-90 exit 370,1.66,I-90 exit 370: 2 node(s) within 0.6 mi; no fuel station with the name within 1.5 mi
62817,35.291635,-84.817199,osm_fuel,high,way/226609164,Love's,3.21,name match 0.32 mi from I-75 exit 33 (node/201759326)
62824,39.615083,-119.215928,osm_fuel,high,way/520499023,Flying J,3.75,name match 0.16 mi from I-80 exit 48 (node/139414231)
62841,42.590788,-76.133203,osm_fuel,high,node/4432338049,Speedway (ref 9912),1.83,name match 0.08 mi from I-81 exit 10 (node/212016210); OSM has the store number
62844,42.799242,-76.121455,osm_fuel,high,way/163717489,Circle K,0.57,name match 0.21 mi from I-81 exit 14 (node/212764478)
62850,43.231657,-73.691959,osm_exit,high,node/41831202,I-87 exit 17,3.18,I-87 exit 17: 2 node(s) within 0.5 mi; no fuel station with the name within 1.5 mi
62887,39.314449,-84.464093,osm_fuel,high,node/9900889899,Speedway (ref 9367),12.25,name match 1.35 mi from I-275 exit 42 (node/248111538); OSM has the store number
62911,36.935018,-77.738797,osm_exit,high,node/207752496,I-85 exit 39,5.19,I-85 exit 39: 2 node(s) within 0.7 mi; no fuel station with the name within 1.5 mi
62918,41.284565,-81.440085,osm_fuel,high,node/5072117533,Circle K (ref 4705567),2.63,"store number and name match, 2.6 mi from city center (no exit in address)"
62991,41.354307,-75.378748,osm_exit,high,node/96285875,I-84 exit 17,6.89,I-84 exit 17: 2 node(s) within 0.4 mi; no fuel station with the name within 1.5 mi
63018,32.886330,-80.014532,osm_exit,medium,node/921174867,I-526 exit 18A,4.70,I-526 exit 18A: 4 node(s) within 0.5 mi; the fuel station with the name there is held by another OPIS station
63126,29.496497,-98.198435,osm_exit,high,node/149496869,I-10/SR-130/US-90 exit 593,5.59,I-10 exit 593: 1 node(s) within 0.0 mi; no fuel station with the name within 1.5 mi
63246,42.725020,-87.955391,osm_fuel,high,way/220282566,Petro,3.28,name match 0.35 mi from I-94 exit 333 (node/9051987453)
63313,35.259566,-90.226171,osm_exit,high,node/445122235,I-55/US-78 exit 14,3.98,I-55 exit 14: 2 node(s) within 0.6 mi; no fuel station with the name within 1.5 mi
63336,39.827672,-89.592664,osm_exit,high,node/929697364,I-55 exit 100A,3.74,I-72/I-55 exit 100A: 4 node(s) within 0.5 mi; no fuel station with the name within 1.5 mi
63351,37.572772,-84.314324,osm_exit,high,node/166445690,I-75 exit 76,1.58,I-75 exit 76: 2 node(s) within 0.6 mi; no fuel station with the name within 1.5 mi
63353,40.340110,-88.760743,osm_fuel,high,way/225052151,Love's,0.05,name match 0.27 mi from I-74 exit 149 (node/261229333)
63379,39.016206,-94.124052,osm_exit,high,node/190940428,I-70/US-40 exit 28,0.68,I-70 exit 28: 2 node(s) within 0.5 mi; no fuel station with the name within 1.5 mi
63388,35.763807,-78.000530,osm_fuel,high,node/11986391315,Circle K,4.51,name match 0.35 mi from I-95 exit 121 (node/195880506)
63391,41.101474,-100.726342,osm_fuel,high,node/13443771149,Flying J,2.05,name match 0.41 mi from I-80 exit 179 (node/135022969)
63428,35.475721,-95.538413,osm_fuel,high,node/12327624253,Flying J,0.99,name match 1.19 mi from I-40 exit 264B (node/146757304)
63442,36.028136,-87.175927,osm_exit,high,node/204077625,I-40 exit 182,4.18,I-40 exit 182: 2 node(s) within 0.2 mi; no fuel station with the name within 1.5 mi
63455,39.290605,-78.086593,osm_fuel,high,way/220739938,Flying J,2.41,name match 0.17 mi from I-81 exit 323 (node/211306794)
63456,37.195515,-77.467333,osm_fuel,high,node/9267789475,Shell,4.17,name match 1.24 mi from I-85 exit 61 (node/210413791)
63498,36.068669,-79.358457,osm_exit,high,node/169056545,I-40/I-85 exit 150,1.61,I-40/I-85 exit 150: 2 node(s) within 0.6 mi; no fuel station with the name within 1.5 mi
63500,43.348666,-83.859372,osm_fuel,high,way/836154451,Speedway,1.91,name match 0.30 mi from I-75 exit 144B (node/185877966)
63501,40.230043,-77.143812,osm_fuel,high,way/659716944,Love's,3.80,name match 0.48 mi from I-76 exit 226 (node/111366677)
63506,44.536459,-89.549685,osm_fuel,medium,node/6032271140,Kwik Trip,0.77,name match 0.40 mi from I-39 exit 159 (node/403282); nearest of 2 matching sites
63509,34.390042,-83.231680,osm_exit,high,node/69031481,I-85 exit 166,0.94,I-85 exit 166: 2 node(s) within 0.5 mi; no fuel station with the name within 1.5 mi
63510,34.345329,-79.534435,osm_fuel,high,node/4782121832,Pilot (Truck diesel station) (brand Pilot),5.77,name match 0.18 mi from I-95 exit 181 (node/111954686)
63511,33.269264,-80.567149,osm_fuel,high,node/6394718385,Pilot Travel Center (brand Pilot),5.79,name match 0.25 mi from I-95 exit 82 (node/1835230449)
63512,36.093986,-79.995441,osm_fuel,high,node/2515776528,Speedway (ref 7929),1.67,name match 0.30 mi from I-40 exit 208 (node/171091103); OSM has the store number
63516,38.760653,-78.631758,osm_fuel,high,node/4728938335,Sheetz,1.82,name match 0.27 mi from I-81 exit 273 (node/219026120)
63517,33.586350,-86.124304,osm_fuel,high,node/12307861848,TA,0.47,name match 0.37 mi from I-20 exit 168 (node/63924025)
63519,38.443664,-81.831120,osm_fuel,high,way/1023123841,Pilot,2.55,name match 0.22 mi from I-64 exit 45 (node/946750568)
63522,36.178647,-86.299413,osm_fuel,high,way/291650441,Pilot,2.90,name match 0.28 mi from I-40 exit 238 (node/1852491894)
63523,34.538040,-86.910470,osm_fuel,high,way/236742059,Pilot,5.12,name match 0.25 mi from I-65 exit 334 (node/58990016)
63524,31.960268,-83.746564,osm_fuel,high,way/236479359,Pilot,1.41,name match 0.40 mi from I-75/SR-401 exit 101 (node/68026843)
63530,30.000949,-90.039906,osm_exit,high,node/281338779,I-10 exit 239B,3.83,I-10 exit 239B: 3 node(s) within 0.5 mi; no fuel station with the name within 1.5 mi
63533,43.662071,-116.654736,osm_fuel,high,node/9225653472,Flying J,1.14,name match 0.21 mi from I-84 exit 29 (node/1736439306)
63538,44.631815,-88.047470,osm_exit,high,node/230532987,US-141/US-41 exit 176,0.79,US-41/US-141 exit 176: 2 node(s) within 0.5 mi; no fuel station with the name within 1.5 mi
63540,32.657112,-83.744054,osm_exit,high,node/71881318,I-75 exit 149,0.57,I-75 exit 149: 2 node(s) within 0.3 mi; no fuel station with the name within 1.5 mi
63545,35.156993,-81.477890,osm_fuel,high,node/11670175019,Love's,3.31,name match 0.20 mi from I-85 exit 104 (node/34192424)
63563,31.035999,-104.829532,osm_fuel,high,way/268167133,Pilot,0.42,name match 0.26 mi from I-10 exit 140 (node/1049054422)
63564,39.973767,-83.100081,osm_fuel,high,way/229324194,Pilot,6.12,name match 0.07 mi from I-70 exit 94 (node/229597868)
63565,32.944013,-112.733305,osm_fuel,high,node/914190265,Love's,1.85,name match 0.39 mi from I-8 exit 115 (node/41387767)
63566,30.446451,-91.238341,osm_exit,high,node/480398641,I-10 exit 151,1.85,I-10 exit 151: 2 node(s) within 0.7 mi; no fuel station with the name within 1.5 mi
63568,38.412732,-96.239083,osm_exit,high,node/121183539,I-335/I-35 exit 127,2.68,I-35 exit 127: 3 node(s) within 0.8 mi; no fuel station with the name within 1.5 mi
63569,41.497510,-95.344960,osm_exit,high,node/160723323,I-80 exit 40,1.09,I-80 exit 40: 2 node(s) within 0.7 mi; no fuel station with the name within 1.5 mi
63570,40.999193,-81.997750,osm_fuel,high,way/225055246,Pilot Travel Center #287,0.91,name match 0.21 mi from I-71 exit 204 (node/198629811); OSM has the store number
63571,30.014476,-89.939562,osm_exit,medium,node/115937012,I-510/SR-47 exit 2C,9.10,I-510 exit 2C: 8 node(s) within 3.4 mi; no fuel station with the name within 1.5 mi
63572,34.728323,-114.315995,osm_fuel,high,way/223539704,Pilot,15.79,name match 0.25 mi from I-40 exit 9 (node/174731851)
63574,44.025401,-116.952471,osm_fuel,high,way/261971331,Pilot,1.24,name match 0.15 mi from I-84 exit 376A (node/766013455)
63575,35.422561,-96.295766,osm_exit,high,node/147433554,I-40/US-62 exit 221,0.53,I-40 exit 221: 2 node(s) within 0.5 mi; no fuel station with the name within 1.5 mi
63577,41.460755,-88.273001,osm_fuel,high,way/264009003,Pilot,0.76,name match 0.30 mi from I-80 exit 122 (node/234608493)
63580,42.459464,-92.259560,osm_exit,high,node/158972894,I-380/SR-27/US-20 exit 68,0.66,I-380 exit 68: 2 node(s) within 0.6 mi; no fuel station with the name within 1.5 mi
63584,33.718945,-85.029168,osm_fuel,high,node/6533962509,Pilot,0.99,name match 0.32 mi from I-20 exit 19 (node/66843386)
63587,38.823681,-97.638162,osm_exit,high,node/25145976,I-135/US-81 exit 92,1.47,I-135 exit 92: 2 node(s) within 0.5 mi; no fuel station with the name within 1.5 mi
63588,42.723751,-87.952126,osm_fuel,high,way/514274268,Kwik Trip,3.09,name match 0.26 mi from I-94 exit 333 (node/9051987453)
63595,40.697841,-84.089366,osm_fuel,high,node/7799423090,Speedway,3.19,name match 0.21 mi from I-75 exit 122 (node/196086024)
63596,36.228821,-89.733958,osm_exit,high,node/192132649,I-55/US-61 exit 19,0.79,I-55 exit 19: 2 node(s) within 0.4 mi; no fuel station with the name within 1.5 mi
63597,32.342725,-108.681197,osm_fuel,high,way/231124846,Pilot,1.22,name match 0.27 mi from I-10 exit 24 (node/33606018)
63598,43.800627,-90.060577,osm_exit,high,node/231251213,I-90/I-94 exit 69,0.95,I-90/I-94 exit 69: 2 node(s) within 0.6 mi; no fuel station with the name within 1.5 mi
63599,40.745353,-111.949155,osm_exit,high,node/5793152138,I-215 exit 21,2.38,I-215 exit 21: 2 node(s) within 0.6 mi; no fuel station with the name within 1.5 mi
63600,32.276811,-90.188795,osm_exit,medium,node/125129195,I-20/I-55/US-49 exit 45A,3.04,"I-55/I-20 exit 45: 2 node(s) within 0.3 mi, exit letter differs; no fuel station with the name within 1.5 mi"
63601,32.727253,-97.825123,osm_fuel,high,way/320321661,Pilot,3.96,name match 0.10 mi from I-20 exit 406 (node/6664882239)
63602,34.946474,-104.637647,osm_fuel,high,way/226328495,Love's,2.24,name match 0.18 mi from I-40 exit 277 (node/142120287)
63605,38.156710,-85.067199,osm_fuel,high,node/10075493298,Flying J,1.42,name match 0.24 mi from I-64 exit 43 (node/168226421)
63606,40.032296,-86.467411,osm_exit,high,node/767320801,I-65/US-52 exit 139,0.44,I-65/US-52 exit 139: 2 node(s) within 0.4 mi; no fuel station with the name within 1.5 mi
63607,43.963743,-90.381731,osm_exit,high,node/258489051,I-90/I-94 exit 48,0.17,I-90 exit 48: 2 node(s) within 0.4 mi; no fuel station with the name within 1.5 mi
63612,27.441889,-80.391412,osm_exit,high,node/503986054,I-95 exit 131 (old exit 66A) (Orange Avenue),3.19,I-95/SR-9 exit 131: 2 node(s) within 0.9 mi; no fuel station with the name within 1.5 mi
63613,32.341281,-108.677056,osm_fuel,high,relation/21083112,Flying J,1.47,name match 0.29 mi from I-10/US-70 exit 24 (node/33606018)
63614,40.120993,-85.568948,osm_exit,high,node/1418333511,I-69 exit 234 (old exit 34),0.69,I-69 exit 234: 2 node(s) within 0.9 mi; no fuel station with the name within 1.5 mi
63615,37.082384,-80.653332,osm_exit,high,node/218121946,I-81 exit 101,2.56,I-81 exit 101: 2 node(s) within 0.5 mi; no fuel station with the name within 1.5 mi
63616,42.393631,-83.761293,osm_fuel,high,node/1615932043,Speedway,1.90,name match 0.21 mi from US-23 exit 50 (node/62482850)
63619,32.507930,-92.192457,osm_fuel,high,node/10945137308,Pilot,2.43,name match 0.27 mi from I-20 exit 112 (node/1108525761)
63620,32.270888,-90.152554,osm_exit,high,node/334281022,I-20 exit 47,6.48,I-20 exit 47: 3 node(s) within 1.5 mi; no fuel station with the name within 1.5 mi
63621,32.843440,-96.877113,osm_exit,high,node/81639244,I-35E exit 435,7.30,I-35E exit 435: 1 node(s) within 0.0 mi; no fuel station with the name within 1.5 mi
63623,27.422672,-80.388514,osm_exit,high,node/100348221,I-95 exit 129 (old exit 65) (Okeechobee;Fort Pierce),2.83,I-95/SR-9 exit 129: 2 node(s) within 0.9 mi; no fuel station with the name within 1.5 mi
63624,30.250495,-92.267987,osm_fuel,high,relation/11846686,Frog City Truck Stop and Casino,0.69,name match 0.19 mi from I-10 exit 87 (node/114665062)
63628,30.873963,-88.049650,osm_exit,high,node/57787547,I-65 exit 19,1.38,I-65 exit 19: 2 node(s) within 0.3 mi; no fuel station with the name within 1.5 mi
63629,44.578619,-91.210241,osm_fuel,high,way/659697678,Speedway,0.20,name match 0.29 mi from I-94 exit 88 (node/232639552)
63630,39.790636,-104.904971,osm_fuel,high,way/223427033,Travel Centers of America,8.64,name match 0.89 mi from I-70/I-270 exit 278 (node/6056447700)
63635,39.001016,-96.863582,osm_fuel,high,way/221900755,Sapp Bros (brand Sapp Bros.),1.91,name match 0.18 mi from I-70 exit 295 (node/120257619)
63636,31.433729,-110.965646,osm_exit,high,node/175637593,I-19 exit 12,4.64,I-19 exit 12: 2 node(s) within 0.5 mi; no fuel station with the name within 1.5 mi
63637,39.958759,-83.370188,osm_fuel,high,way/221628744,Pilot,5.83,name match 0.22 mi from I-70 exit 79 (node/198413777)
63639,39.449314,-87.120128,osm_exit,high,node/179069338,I-70 exit 23,5.06,I-70 exit 23: 2 node(s) within 0.7 mi; no fuel station with the name within 1.5 mi
63640,38.087354,-83.906506,osm_exit,high,node/167210112,I-64 exit 113,2.75,I-64 exit 113: 2 node(s) within 0.8 mi; no fuel station with the name within 1.5 mi
63642,35.113045,-92.441736,osm_exit,high,node/447565824,I-40 exit 125,8.65,I-40 exit 125: 2 node(s) within 0.7 mi; no fuel station with the name within 1.5 mi
63648,33.414403,-84.165429,osm_exit,high,node/70288597,I-75 exit 216,1.99,I-75 exit 216: 2 node(s) within 0.2 mi; no fuel station with the name within 1.5 mi
63652,42.246811,-91.889613,osm_fuel,medium,node/1781215475,Casey's General Store,14.90,name match 0.31 mi from I-380 exit 43 (node/159000956); nearest of 2 matching sites
63661,34.928751,-89.793062,osm_fuel,high,way/230879553,Flying J,3.30,name match 0.24 mi from US-78 exit 6 (node/124880530)
63662,32.612774,-83.744557,osm_fuel,high,way/236476511,Pilot,2.55,name match 0.22 mi from I-75 exit 146 (node/71878043)
63668,33.630876,-80.873869,osm_exit,high,node/1699829781,I-26 exit 139,5.95,I-26 exit 139: 2 node(s) within 0.5 mi; no fuel station with the name within 1.5 mi
63669,32.603461,-96.685566,osm_exit,high,node/81629329,I-45 exit 271,0.50,I-45 exit 271: 2 node(s) within 0.7 mi; no fuel station with the name within 1.5 mi
63680,43.090414,-71.475079,osm_exit,high,node/5891239578,I-93 exit 11,4.72,I-93 exit 11: 2 node(s) within 0.7 mi; no fuel station with the name within 1.5 mi
63690,33.828827,-93.395215,osm_fuel,high,way/224315972,Love's,1.71,name match 0.21 mi from I-30 exit 46 (node/117936932)
63691,30.380762,-83.302736,osm_exit,high,node/298770939,I-10 exit 262 (old exit 38),2.24,I-10 exit 262: 2 node(s) within 0.6 mi; no fuel station with the name within 1.5 mi
63695,33.717502,-85.020745,osm_exit,high,node/66843386,I-20 exit 19,1.15,I-20/SR-402 exit 19: 2 node(s) within 0.7 mi; no fuel station with the name within 1.5 mi
63697,37.119645,-76.512402,osm_exit,high,node/221033338,I-64 exit 255A-B,3.05,I-64 exit 255B: 2 node(s) within 1.1 mi; no fuel station with the name within 1.5 mi
63699,41.807383,-90.532521,osm_exit,high,node/159403278,US-30 exit 313,1.14,US-30 exit 313: 2 node(s) within 0.7 mi; no fuel station with the name within 1.5 mi
63700,42.499452,-83.543408,osm_exit,high,node/61854384,I-96 exit 159,1.75,I-96 exit 159: 2 node(s) within 0.9 mi; no fuel station with the name within 1.5 mi
63701,40.685759,-112.266127,osm_fuel,high,way/229595013,Flying J,10.35,name match 0.41 mi from I-80 exit 98/99 (node/520812346)
63702,38.192589,-85.712300,osm_exit,high,node/164591997,I-264 exit 14,2.70,I-264 exit 14: 2 node(s) within 0.6 mi; no fuel station with the name within 1.5 mi
63703,39.915679,-83.015714,osm_exit,high,node/229601106,I-71 exit 104,5.08,I-71 exit 104: 2 node(s) within 0.2 mi; no fuel station with the name within 1.5 mi
63704,39.287009,-84.429483,osm_exit,medium,node/248099303,I-275 exit 44,10.94,I-275 exit 44: 2 node(s) within 0.3 mi; no fuel station with the name within 1.5 mi; 11 mi from the city
63706,43.101214,-88.058138,osm_exit,high,node/269092829,I-41/US-41/US-45 exit 45,5.30,I-41/US-45 exit 45: 2 node(s) within 0.5 mi; no fuel station with the name within 1.5 mi
63716,42.170633,-89.023906,osm_exit,high,node/237530075,I-39/US-51 exit 115,6.45,I-39 exit 115: 2 node(s) within 0.6 mi; no fuel station with the name within 1.5 mi
63718,41.933579,-89.034829,osm_fuel,high,way/223480684,Road Ranger,1.79,name match 0.64 mi from I-39/US-51 exit 99 (node/655427115)
63720,33.460910,-112.205449,osm_fuel,high,node/1660172680,Flying J,10.16,name match 0.35 mi from I-10 exit 137 (node/338469668)
63722,30.446451,-91.238341,osm_exit,high,node/480398641,I-10 exit 151,1.85,I-10 exit 151: 2 node(s) within 0.7 mi; no fuel station with the name within 1.5 mi
63724,35.679291,-88.741952,osm_fuel,high,way/226611047,Love's,5.55,name match 0.17 mi from I-40 exit 87 (node/203028503)
63725,34.274476,-84.807073,osm_fuel,high,way/226929752,TA,7.60,name match 0.37 mi from I-75 exit 296 (node/330994056)
63726,36.162533,-95.832363,osm_fuel,high,way/99402478,Flying J,4.58,name match 0.20 mi from I-44/I-244 exit 236 (node/148307467)
63727,42.101667,-75.836232,osm_fuel,high,way/217816933,Love's,3.75,name match 0.48 mi from I-81 exit 3 (node/5627916598)
63728,41.614522,-90.782392,osm_fuel,medium,relation/11097557,Pilot,1.88,name match 0.19 mi from I-80 exit 284 (node/160978636); nearest of 2 matching sites
63729,40.739452,-114.066462,osm_fuel,high,way/264209941,Pilot Travel Center (brand Pilot),0.64,name match 0.22 mi from I-80 exit 410 (node/137724182)
63730,39.737527,-81.527976,osm_fuel,high,way/220778074,Pilot,1.00,name match 0.18 mi from I-77 exit 25 (node/199096880)
63731,30.253228,-93.013428,osm_fuel,high,node/8452005342,Love's,0.82,name match 0.28 mi from I-10 exit 43 (node/114871167)
63732,32.804654,-111.663325,osm_exit,high,node/343156928,I-10 exit 200,5.95,I-10 exit 200: 2 node(s) within 0.9 mi; no fuel station with the name within 1.5 mi
63736,31.061716,-104.505258,osm_exit,medium,node/299422388,I-10 exit 159,19.52,I-10 exit 159: 2 node(s) within 0.6 mi; no fuel station with the name within 1.5 mi; 20 mi from the city
63741,37.345748,-77.344001,osm_fuel,high,way/552178615,Shell,4.95,name match 0.49 mi from I-295 exit 15 (node/209396367)
63743,41.314005,-75.754561,osm_fuel,high,way/220654394,Pilot,1.88,name match 0.08 mi from I-81 exit 175 (node/94054391)
63745,38.166933,-87.557655,osm_exit,medium,node/181875837,I-64 exit 25A,2.67,"I-64 exit 25: 4 node(s) within 0.8 mi, exit letter differs; no fuel station with the name within 1.5 mi"
63746,35.078010,-81.703108,osm_fuel,high,way/236635039,Pilot,2.37,name match 0.39 mi from I-85 exit 90 (node/1831592579)
63747,38.454480,-85.296608,osm_fuel,high,node/5653515621,Pilot,0.66,name match 0.25 mi from I-71 exit 28 (node/164373697)
63751,32.276811,-90.188795,osm_exit,medium,node/125129195,I-20/I-55/US-49 exit 45A,3.04,"I-20/I-55 exit 45: 2 node(s) within 0.3 mi, exit letter differs; no fuel station with the name within 1.5 mi"
63752,41.144556,-80.715187,osm_exit,high,node/200073164,I-80/SR-11 exit 226,1.76,I-80 exit 226: 2 node(s) within 0.7 mi; no fuel station with the name within 1.5 mi
63753,34.559042,-84.935151,osm_fuel,high,way/429774376,Pilot (operator Wilco Travel Plaza),4.10,name match 0.16 mi from I-75 exit 318 (node/331010405)
63755,35.404638,-94.521660,osm_fuel,high,way/265529438,Pilot,0.95,name match 0.19 mi from I-40 exit 325 (node/913949812)
63756,33.524146,-82.033384,osm_fuel,high,way/236473288,Pilot,4.99,name match 0.23 mi from I-20 exit 200 (node/1836733549)
63761,45.220609,-93.600319,osm_exit,medium,node/489794720,I-94 exit 205A-B,4.59,"I-94/US-52 exit 205: 3 node(s) within 0.6 mi, exit letter differs; no fuel station with the name within 1.5 mi"
63762,41.247379,-87.853567,osm_exit,high,node/1687299182,I-57 exit 322,0.48,I-57 exit 322: 2 node(s) within 0.4 mi; no fuel station with the name within 1.5 mi
63763,41.368783,-89.099154,osm_fuel,high,way/230774787,Flying J,2.48,name match 0.24 mi from I-80 exit 77 (node/34990628)
63764,31.728544,-96.182757,osm_fuel,high,way/225725165,Love's,1.05,name match 0.13 mi from I-45 exit 198 (node/473330753)
63766,41.798392,-83.694140,osm_fuel,high,way/796722330,Pilot,2.42,name match 0.29 mi from US-23 exit 5 (node/185324480)
63768,39.003207,-93.734717,osm_fuel,high,way/555000321,Pilot,4.34,name match 0.22 mi from I-70 exit 49 (node/191362813)
63770,41.790053,-80.855915,osm_fuel,high,way/220780610,Flying J,1.44,name match 0.36 mi from I-90 exit 223 (node/196235683)
63771,42.476442,-93.568879,osm_exit,high,node/441443640,I-35 exit 144,1.66,I-35 exit 144: 2 node(s) within 0.7 mi; no fuel station with the name within 1.5 mi
63774,39.634059,-77.806827,osm_fuel,medium,way/225803787,Pilot,4.46,name match 0.37 mi from I-70 exit 24 (node/897998962); nearest of 2 matching sites
63775,42.494127,-88.998820,osm_fuel,high,way/832747309,Flying J,1.59,name match 0.31 mi from I-90 exit 1 (node/258486761)
63777,44.139506,-93.252541,osm_fuel,high,node/5143809150,Kwik Trip,3.45,name match 0.19 mi from I-35 exit 45 (node/188223245)
63782,38.427818,-95.733290,osm_exit,high,node/119673036,I-35/US-50 exit 155,7.04,I-35 exit 155: 2 node(s) within 0.5 mi; no fuel station with the name within 1.5 mi
63787,30.452729,-88.933421,osm_fuel,high,way/225872934,Love's,1.81,name match 0.29 mi from I-10 exit 44 (node/125107451)
63789,41.290349,-87.294233,osm_fuel,high,way/230776418,Pilot,5.36,name match 0.44 mi from I-65 exit 240 (node/488189836)
63790,36.109165,-83.338468,osm_fuel,high,way/911947409,Pilot,3.00,name match 0.22 mi from I-81 exit 4 (node/1700711883)
63791,31.455829,-97.171988,osm_fuel,high,node/2966950532,Pilot Travel Plaza (brand Pilot),7.14,name match 0.83 mi from I-35 exit 328 (node/1475052511)
63792,29.265810,-82.188874,osm_fuel,high,way/224604318,Pilot,6.51,name match 0.25 mi from I-75 exit 358 (node/447888634)
63794,33.116448,-95.633837,osm_fuel,high,way/268086138,Pilot,2.15,name match 0.54 mi from I-30 exit 122 (node/401522236)
63796,36.078827,-79.229891,osm_exit,high,node/172647261,I-40/I-85 exit 157,2.62,I-40/I-85 exit 157: 2 node(s) within 0.6 mi; no fuel station with the name within 1.5 mi
63798,36.772616,-81.777955,osm_exit,high,node/154147075,I-81 exit 29,1.24,I-81 exit 29: 2 node(s) within 0.4 mi; no fuel station with the name within 1.5 mi
63800,41.236577,-73.022538,osm_fuel,high,node/11146674117,Pilot,2.36,name match 0.38 mi from I-95 exit 40 (node/178524464)
63801,39.156778,-94.497927,osm_exit,high,node/189861374,I-435 exit 55 (old exit 55B),3.56,I-435 exit 55: 2 node(s) within 0.3 mi; no fuel station with the name within 1.5 mi
63802,35.215112,-111.586251,osm_exit,medium,node/268472632,I-40 exit 201,2.84,"I-40 exit 201N: 2 node(s) within 0.5 mi, exit letter differs; no fuel station with the name within 1.5 mi"
63803,35.517737,-94.108190,osm_exit,high,node/116797908,I-40 exit 20,1.99,I-40 exit 20: 2 node(s) within 0.7 mi; no fuel station with the name within 1.5 mi
63812,37.598707,-85.871703,osm_fuel,high,node/260198095,Petro Truck Stop,1.86,name match 0.23 mi from I-65 exit 86 (node/164119443)
63813,29.445126,-98.360722,osm_exit,medium,node/150030076+node/150031060,I-10/SR-130/US-90 exit 583,9.94,"I-10 exit 583: 2 node(s) within 1.9 mi, midpoint of 2 exit nodes 1.9 mi apart; no fuel station with the name within 1.5 mi"
63836,34.801013,-91.745710,osm_exit,high,node/452613303,I-40 exit 183,0.49,I-40 exit 183: 2 node(s) within 0.3 mi; no fuel station with the name within 1.5 mi
63848,33.476676,-94.003667,osm_exit,high,node/454217134,I-30 exit 2,2.95,I-30 exit 2: 2 node(s) within 0.4 mi; no fuel station with the name within 1.5 mi
63850,35.238239,-111.821956,osm_fuel,high,node/11076238346,Pilot,0.55,name match 0.31 mi from I-40 exit 185 (node/174620303)
63855,31.962716,-110.344757,osm_fuel,high,way/188242064,Love's,3.46,name match 0.45 mi from I-10 exit 302 (node/173842351)
63856,34.327087,-112.118101,osm_fuel,high,way/1525040505,Pilot,9.65,name match 0.64 mi from I-17 exit 262 (node/3227803398)
63870,39.780992,-104.899516,osm_exit,high,node/1590069301,I-270 exit 4,8.96,I-270/US-36 exit 4: 1 node(s) within 0.0 mi; no fuel station with the name within 1.5 mi
63871,39.153506,-108.731833,osm_exit,high,node/176134446,I-70 exit 19,0.19,I-70 exit 19: 2 node(s) within 0.6 mi; no fuel station with the name within 1.5 mi
63893,33.632731,-84.398816,osm_exit,medium,node/67359794+node/67367174,I-285 exit 58,9.10,"I-285 exit 58: 5 node(s) within 2.5 mi, midpoint of 2 exit nodes 2.5 mi apart; no fuel station with the name within 1.5 mi"
63907,34.153091,-83.650622,osm_fuel,high,way/388532462,QuikTrip,3.01,name match 0.26 mi from I-85 exit 137 (node/457717837)
63909,30.830934,-81.667919,osm_exit,high,node/66724233,I-95 exit 6 (Laurel Island Parkway),7.37,I-95 exit 6: 2 node(s) within 0.8 mi; no fuel station with the name within 1.5 mi
63910,32.795697,-83.569913,osm_fuel,high,node/9907063191,Chevron,4.78,name match 0.19 mi from I-16 exit 6 (node/66293418)
63912,30.759652,-81.655967,osm_fuel,high,node/10010181374,Pilot (ref 4562),9.99,name match 0.32 mi from I-95 exit 1 (node/66760190); OSM has the store number
63915,32.526529,-84.961597,osm_fuel,medium,way/958410999,Chevron,8.51,name match 1.24 mi from I-185 exit 7 (node/71632017); nearest of 2 matching sites
63925,30.754663,-83.272917,osm_fuel,high,way/307471135,Pilot (operator Pilot Travel Center),6.61,name match 0.27 mi from I-75 exit 11 (node/12668777532)
63931,34.421618,-79.409892,osm_exit,high,node/1835823830,I-95 exit 190,2.33,I-95 exit 190: 2 node(s) within 0.5 mi; no fuel station with the name within 1.5 mi
63937,40.693107,-95.785990,osm_exit,high,node/159761647,I-29 exit 10,4.27,I-29 exit 10: 2 node(s) within 0.7 mi; no fuel station with the name within 1.5 mi
63946,41.513017,-88.046612,osm_exit,high,node/385095281,I-80 exit 134,5.25,I-80 exit 134: 2 node(s) within 0.4 mi; no fuel station with the name within 1.5 mi
63955,39.732092,-89.924505,osm_fuel,high,way/264217597,Road Ranger,0.68,name match 0.63 mi from I-72 exit 82 (node/924682210)
63960,41.369793,-85.080219,osm_exit,medium,node/501496894,I-69 exit 329 (old exit 129),11.48,I-69 exit 329: 2 node(s) within 0.4 mi; no fuel station with the name within 1.5 mi; 11 mi from the city
63964,29.299523,-98.628774,osm_exit,high,node/1474002743,I-35 exit 144,2.30,I-35 exit 144: 2 node(s) within 1.3 mi; no fuel station with the name within 1.5 mi
63965,40.257603,-86.650597,osm_exit,high,node/478469753,I-65 exit 158,6.14,I-65 exit 158: 2 node(s) within 0.7 mi; no fuel station with the name within 1.5 mi
63966,41.122372,-85.186393,osm_exit,high,node/331112821,I-69/US-24/US-30/US-33 exit 309B (old exit 109B),3.28,I-69 exit 309B: 4 node(s) within 0.3 mi; no fuel station with the name within 1.5 mi
63977,38.239447,-86.366243,osm_exit,high,node/179091946,I-64 exit 92,2.86,I-64 exit 92: 2 node(s) within 0.8 mi; no fuel station with the name within 1.5 mi
63978,41.746982,-85.692536,osm_exit,high,node/411416769,I-80/I-90 exit 107,5.35,I-80 exit 107: 2 node(s) within 0.5 mi; no fuel station with the name within 1.5 mi
63994,39.017765,-96.819167,osm_exit,high,node/718218342,I-70/SR-18/US-40 exit 298,1.89,I-70 exit 298: 2 node(s) within 0.5 mi; no fuel station with the name within 1.5 mi
64002,37.829207,-85.723758,osm_fuel,high,node/8584505731,Speedway (ref 9567),0.42,name match 0.19 mi from I-65 exit 105 (node/162337291); OSM has the store number
64020,31.346587,-92.512024,osm_exit,high,node/123436860,I-49 exit 90,4.42,I-49 exit 90: 2 node(s) within 0.8 mi; no fuel station with the name within 1.5 mi
64029,30.170102,-90.871203,osm_exit,medium,node/114662946,I-10 exit 182,11.13,I-10 exit 182: 2 node(s) within 0.7 mi; no fuel station with the name within 1.5 mi; 11 mi from the city
64040,30.253457,-93.015027,osm_fuel,high,node/4169753065,Pilot,0.84,name match 0.34 mi from I-10 exit 43 (node/114871167)
64042,30.090051,-90.447474,osm_exit,high,node/123723260,I-10 exit 209,2.16,I-10 exit 209: 3 node(s) within 0.7 mi; no fuel station with the name within 1.5 mi
64043,32.117165,-93.605878,osm_exit,high,node/115185981,I-49 exit 177,7.88,I-49 exit 177: 2 node(s) within 0.5 mi; no fuel station with the name within 1.5 mi
64048,30.446451,-91.238341,osm_exit,high,node/480398641,I-10 exit 151,1.85,I-10 exit 151: 2 node(s) within 0.7 mi; no fuel station with the name within 1.5 mi
64058,30.156238,-93.634492,osm_exit,high,node/114872892,I-10 exit 4,4.13,I-10 exit 4: 2 node(s) within 0.5 mi; no fuel station with the name within 1.5 mi
64084,42.267534,-84.616873,osm_exit,high,node/184641817,I-94 exit 128,3.47,I-94 exit 128: 2 node(s) within 0.4 mi; no fuel station with the name within 1.5 mi
64085,42.253990,-83.308904,osm_fuel,high,node/8067618385,Marathon (operator Madco Truck Plaza Inc),3.60,name match 0.25 mi from I-94 exit 200 (node/62573969)
64087,42.490597,-83.038093,osm_exit,high,node/4789463067,I-696 exit 22,0.69,I-696 exit 22: 2 node(s) within 0.8 mi; no fuel station with the name within 1.5 mi
64092,33.178929,-87.446247,osm_fuel,high,way/221638574,ONE9 (operator Pilot),1.10,name match 0.50 mi from I-20/I-59 exit 77 (node/64244574)
64098,43.637535,-95.573305,osm_exit,high,node/187599085,I-90 exit 45,1.45,I-90 exit 45: 2 node(s) within 0.4 mi; no fuel station with the name within 1.5 mi
64101,37.250327,-93.219813,osm_exit,medium,node/5305364460,I-44 exit 82B,9.91,"I-44 exit 82: 4 node(s) within 0.5 mi, exit letter differs; no fuel station with the name within 1.5 mi"
64112,37.254413,-93.265554,osm_fuel,high,node/2751213410,"Conoco (Trucks) (brand Conoco, operator Rapid Robert's)",4.42,name match 0.32 mi from I-44 exit 80 (node/1703413804)
64116,42.799137,-84.733813,osm_exit,high,node/184075609,I-96 exit 86,3.24,I-96 exit 86: 2 node(s) within 0.6 mi; no fuel station with the name within 1.5 mi
64122,35.159061,-103.703644,osm_fuel,high,way/226328543,Flying J,0.78,name match 0.38 mi from I-40 exit 333 (node/143018877)
64124,45.493488,-94.149482,osm_fuel,high,way/780275262,Shell,2.52,name match 0.38 mi from I-94/I-75 exit 171 (node/188222002)
64153,35.955965,-78.841765,osm_fuel,high,node/9395599063,Speedway (ref 6972),3.50,"store number and name match, 3.5 mi from city center (no exit in address)"
64155,36.146049,-78.722823,osm_fuel,high,way/586982792,Speedway (ref 8228),2.89,name match 0.30 mi from I-85 exit 191 (node/492176979); OSM has the store number
64156,35.608915,-78.561457,osm_fuel,high,node/9254016940,Speedway (ref 6985),6.32,name match 0.48 mi from I-40 exit 312 (node/2151144960); OSM has the store number
64167,42.915373,-71.367682,osm_fuel,high,way/835987154,Sunoco,4.29,name match 0.26 mi from I-93 exit 5 (node/194892196)
64170,35.156218,-78.719226,osm_exit,high,node/170227454,I-95 exit 61,1.26,I-95 exit 61: 2 node(s) within 0.5 mi; no fuel station with the name within 1.5 mi
64171,34.988038,-78.131324,osm_exit,high,node/170489428,I-40/SR-24 exit 364,2.33,I-40 exit 364: 2 node(s) within 0.6 mi; no fuel station with the name within 1.5 mi
64172,40.968323,-96.393406,osm_exit,high,node/414737499,I-80 exit 420,2.63,I-80 exit 420: 2 node(s) within 0.8 mi; no fuel station with the name within 1.5 mi
64173,40.896663,-96.650134,osm_exit,high,node/134948134,I-80/US-77 exit 405,6.11,I-80 exit 405: 2 node(s) within 0.8 mi; no fuel station with the name within 1.5 mi
64187,35.521516,-105.251935,osm_fuel,high,node/2879191692,Speedway (ref 9117),6.08,name match 0.24 mi from I-25 exit 339 (node/497917755); OSM has the store number
64195,42.025802,-76.379138,osm_exit,medium,node/119658754,I-86 exit 62,0.60,"I-86 exit 62: 2 node(s) within 0.2 mi; no fuel station with the name within 1.5 mi; city name ambiguous, exit unique in its area"
64201,34.815148,-78.985178,osm_exit,high,node/559078389,I-95 exit 31,0.64,I-95 exit 31: 2 node(s) within 0.7 mi; no fuel station with the name within 1.5 mi
64210,40.551457,-74.409621,osm_exit,high,node/251270031,I-287 exit 4,1.61,I-287 exit 4: 1 node(s) within 0.0 mi; no fuel station with the name within 1.5 mi
64218,42.781356,-74.028289,osm_fuel,high,node/1557832816,Pilot,5.33,name match 0.17 mi from I-88 exit 25 (node/41982456)
64221,41.062355,-81.479127,osm_exit,high,node/230025837,I-76 exit 25B,2.53,I-76E exit 25B: 3 node(s) within 0.3 mi; no fuel station with the name within 1.5 mi
64229,39.944562,-82.487176,osm_exit,high,node/198282139,I-70 exit 129,1.43,I-70 exit 129: 2 node(s) within 0.7 mi; no fuel station with the name within 1.5 mi
64230,39.942336,-82.531541,osm_exit,high,node/198403453,I-70 exit 126,2.86,I-70 exit 126: 2 node(s) within 0.5 mi; no fuel station with the name within 1.5 mi
64233,39.242256,-84.774411,osm_exit,high,node/440588341,I-74/US-52 exit 3,1.17,I-74 exit 3: 2 node(s) within 0.4 mi; no fuel station with the name within 1.5 mi
64256,35.406783,-94.530374,osm_fuel,high,way/239829489,Cherokee Travel Plaza (brand Valero),1.31,name match 0.27 mi from I-40 exit 325 (node/913949812)
64265,35.536229,-98.662972,osm_exit,high,node/145300834,I-40 exit 84,1.20,I-40 exit 84: 2 node(s) within 0.5 mi; no fuel station with the name within 1.5 mi
64270,40.085645,-74.931140,osm_exit,high,node/110653156,I-95 exit 37 (old exit 25),1.69,I-95 exit 37: 2 node(s) within 0.5 mi; no fuel station with the name within 1.5 mi
64274,40.130980,-76.794393,osm_fuel,high,relation/18658612,Rutter's,1.97,name match 0.09 mi from I-83 exit 32 (node/892619223)
64282,41.060130,-75.753598,osm_exit,high,node/145215358,I-80 exit 274,1.74,I-80 exit 274: 2 node(s) within 0.5 mi; no fuel station with the name within 1.5 mi
64285,35.166014,-81.450970,osm_fuel,high,node/651186894,Pilot Travel Center (brand Pilot),4.86,name match 0.07 mi from I-85 exit 106 (node/1831592948)
64287,33.749325,-81.525086,osm_fuel,high,node/10121672116,Circle K,11.03,name match 0.38 mi from I-20 exit 33 (node/109331073)
64288,34.192365,-80.283028,osm_fuel,high,node/7883068916,Pilot,2.80,name match 0.20 mi from I-20 exit 116 (node/113399237)
64294,34.835267,-81.969398,osm_exit,medium,node/114140320,I-26 exit 28,12.08,I-26 exit 28: 2 node(s) within 0.4 mi; no fuel station with the name within 1.5 mi; 12 mi from the city
64298,34.329247,-81.605889,osm_exit,high,node/1840660215,I-26 exit 72,3.43,I-26 exit 72: 2 node(s) within 0.5 mi; no fuel station with the name within 1.5 mi
64300,34.840376,-81.971757,osm_exit,high,node/114136026,I-26 exit 28,2.70,I-26 exit 28: 2 node(s) within 0.4 mi; no fuel station with the name within 1.5 mi
64301,33.819543,-81.449023,osm_exit,high,node/113389655,I-20 exit 39,7.65,I-20 exit 39: 2 node(s) within 0.7 mi; no fuel station with the name within 1.5 mi
64309,33.880471,-81.040949,osm_fuel,high,node/8868464117,Circle K,8.28,name match 0.29 mi from I-26 exit 119 (node/12293746815)
64310,33.195554,-80.605095,osm_exit,high,node/112067772,I-95 exit 77,1.62,I-95 exit 77: 2 node(s) within 0.2 mi; no fuel station with the name within 1.5 mi
64313,43.537595,-96.780239,osm_exit,high,node/80639233,I-29 exit 79,2.43,I-29 exit 79: 2 node(s) within 0.8 mi; no fuel station with the name within 1.5 mi
64336,43.960908,-90.377236,osm_fuel,high,node/993718581,Love's,6.45,name match 0.16 mi from I-90/I-94 exit 48 (node/258489051)
64352,30.908466,-102.883836,osm_fuel,medium,way/1007531983,Chevron,1.10,name match 0.30 mi from I-10 exit 259 (node/299507437); nearest of 3 matching sites
64360,28.110035,-97.815463,osm_exit,high,node/310536439,I-37 exit 36,1.32,I-37 exit 36: 2 node(s) within 0.5 mi; no fuel station with the name within 1.5 mi
64390,31.971077,-102.079053,osm_exit,high,node/227125423,I-20/SR-158/SR-349 exit 136,4.21,I-20 exit 136: 2 node(s) within 0.5 mi; no fuel station with the name within 1.5 mi
64393,29.669603,-98.161249,osm_exit,high,node/150138210,I-35 exit 183,3.45,I-35 exit 183: 2 node(s) within 1.0 mi; no fuel station with the name within 1.5 mi
64408,29.217050,-98.414468,osm_fuel,high,way/1160011618,QuikTrip,18.23,name match 0.37 mi from I-37 exit 125 (node/149455098)
64409,29.343604,-98.551312,osm_exit,high,node/1356002179,I-35 exit 147,8.39,I-35 exit 147: 2 node(s) within 1.2 mi; no fuel station with the name within 1.5 mi
64422,30.112593,-94.043544,osm_fuel,high,way/997033348,Chevron,3.28,name match 0.41 mi from I-10 exit 858 (node/227619516)
64423,29.282234,-98.660233,osm_exit,high,node/149462780,I-35 exit 140,0.38,I-35 exit 140: 2 node(s) within 0.8 mi; no fuel station with the name within 1.5 mi
64435,36.581690,-79.349192,osm_fuel,high,node/6515249636,Speedway (ref 4632),3.27,"store number and name match, 3.3 mi from city center (no exit in address)"
64436,36.712512,-77.572336,osm_fuel,high,node/12451017962,MS 58 Plaza,2.31,name match 1.43 mi from I-95 exit 11 (node/220870479)
64442,48.848722,-122.572267,osm_fuel,high,way/225048185,Pilot,0.88,name match 0.26 mi from I-5 exit 262 (node/37055589)
64446,42.524310,-88.985163,osm_fuel,high,node/9206357192,Speedway (ref 4293),1.66,name match 0.70 mi from I-90/I-43 exit 185A (node/8451960112); OSM has the store number
64447,44.729812,-88.446553,osm_fuel,high,node/976490025,Kwik Trip,0.61,name match 0.27 mi from SR-29/SR-55 exit 234 (node/311682291)
64455,38.066239,-78.877378,osm_fuel,high,node/3137211147,Speedway (ref 4648),1.31,"store number and name match, 1.3 mi from city center (no exit in address)"
64463,44.426900,-89.515412,osm_fuel,high,way/848469130,Kwik Trip,2.67,name match 0.16 mi from I-39/US-51 exit 151 (node/40835646)
64477,35.646261,-82.032064,osm_exit,high,node/171985959,I-40 exit 81,2.71,I-40 exit 81: 2 node(s) within 0.5 mi; no fuel station with the name within 1.5 mi
64478,41.269126,-110.941366,osm_fuel,high,way/235560248,Pilot,1.32,name match 0.16 mi from I-80 exit 6 (node/158317552)
64479,42.002921,-92.889680,osm_exit,high,node/351973692,US-30 exit 186,2.33,US-30 exit 186: 2 node(s) within 0.7 mi; no fuel station with the name within 1.5 mi
64481,37.012278,-94.542961,osm_exit,high,node/191986412,I-44/SR-43 exit 4,4.92,I-44 exit 4: 2 node(s) within 0.6 mi; no fuel station with the name within 1.5 mi
64482,32.603815,-90.072448,osm_fuel,high,way/225871274,Love's,2.37,name match 0.26 mi from I-55 exit 119 (node/125798720)
64484,30.652081,-87.761117,osm_exit,high,node/51901849,I-10 exit 44,2.60,I-10 exit 44: 2 node(s) within 0.3 mi; no fuel station with the name within 1.5 mi
64485,32.645642,-96.788626,osm_exit,medium,node/4959211101+node/81661031,I-20 exit 470,10.29,"I-20 exit 470: 2 node(s) within 1.7 mi, midpoint of 2 exit nodes 1.7 mi apart; no fuel station with the name within 1.5 mi; 10 mi from the city"
64486,33.543996,-84.581887,osm_exit,high,node/69137668,I-85 exit 61,0.40,I-85/SR-403 exit 61: 2 node(s) within 0.5 mi; no fuel station with the name within 1.5 mi
64487,39.149194,-88.530599,osm_fuel,high,way/1318432787,Pilot,2.25,name match 0.36 mi from I-57/I-70 exit 162 (node/1194484815)
64488,30.296506,-91.911556,osm_exit,high,node/123755021,I-10 exit 109,0.99,I-10 exit 109: 2 node(s) within 0.6 mi; no fuel station with the name within 1.5 mi
64492,39.804588,-86.054096,osm_exit,high,node/180922347,I-70 exit 89,5.24,I-70 exit 89: 2 node(s) within 1.1 mi; no fuel station with the name within 1.5 mi
64493,38.941743,-94.752455,osm_exit,high,node/4207136028,I-435 exit 1A,3.21,I-435 exit 1A: 3 node(s) within 1.4 mi; no fuel station with the name within 1.5 mi
64494,42.262265,-83.176894,osm_exit,high,node/2416610475,I-75 exit 42,1.33,I-75 exit 42: 2 node(s) within 0.6 mi; no fuel station with the name within 1.5 mi
64495,42.381482,-83.419414,osm_exit,high,node/62553413,I-96 exit 173,2.64,I-96 exit 173: 3 node(s) within 1.3 mi; no fuel station with the name within 1.5 mi
64496,42.241460,-83.332605,osm_exit,medium,node/62572402,I-94 exit 199,2.11,"I-94 exit 199A: 2 node(s) within 0.8 mi, exit letter differs; no fuel station with the name within 1.5 mi"
64500,39.133716,-94.499123,osm_exit,high,node/190945831,I-435 exit 57,2.81,I-435 exit 57: 2 node(s) within 0.4 mi; no fuel station with the name within 1.5 mi
64501,35.276727,-80.809626,osm_exit,high,node/172130330,I-85 exit 40,4.83,I-85 exit 40: 2 node(s) within 0.4 mi; no fuel station with the name within 1.5 mi
64502,39.997513,-83.118172,osm_exit,high,node/229594682,I-270 exit 10,7.07,I-270 exit 10: 2 node(s) within 0.6 mi; no fuel station with the name within 1.5 mi
64503,41.718114,-83.502081,osm_exit,high,node/5677988329,I-75 exit 210,5.56,I-75 exit 210: 2 node(s) within 0.5 mi; no fuel station with the name within 1.5 mi
64509,42.925522,-87.935226,osm_exit,high,node/196620776,I-41/I-94/US-41 exit 319,9.66,I-94 exit 319: 1 node(s) within 0.0 mi; no fuel station with the name within 1.5 mi
64512,43.025048,-88.115426,osm_exit,medium,node/673446567,I-94 exit 301A-B,3.73,"I-94 exit 301: 3 node(s) within 0.7 mi, exit letter differs; no fuel station with the name within 1.5 mi"
64514,31.997132,-106.586203,osm_fuel,high,way/236124449,Pilot,1.02,name match 0.32 mi from I-10 exit 0 (node/3511515287)
64517,44.941280,-92.373964,osm_fuel,high,way/319802431,Kwik Trip,0.89,name match 0.39 mi from I-94 exit 19 (node/597466140)
64519,41.085798,-75.963407,osm_exit,high,node/155220102,I-81 exit 155,4.60,I-81 exit 155: 2 node(s) within 0.5 mi; no fuel station with the name within 1.5 mi
64520,39.871247,-84.932996,osm_fuel,high,way/225345411,Love's,3.51,name match 0.34 mi from I-70/US-35 exit 149B (node/182046797)
64523,35.074264,-107.566322,osm_exit,medium,node/1884089106,I-40 exit 102,12.32,I-40 exit 102: 2 node(s) within 0.6 mi; no fuel station with the name within 1.5 mi; 12 mi from the city
64525,41.128642,-80.770009,osm_fuel,high,way/220782795,Pilot,6.78,name match 0.35 mi from I-80 exit 223 (node/198479281)
64526,35.882195,-87.801010,osm_fuel,high,node/2881918876,Pilot,6.24,name match 0.25 mi from I-40 exit 143 (node/471837550)
64527,38.454480,-85.296608,osm_fuel,high,node/5653515621,Pilot,0.66,name match 0.25 mi from I-71 exit 28 (node/164373697)
64529,35.195585,-101.741072,osm_fuel,high,way/220362347,Pilot,5.04,name match 0.51 mi from I-40 exit 75 (node/9738665954)
64530,33.560772,-83.478382,osm_fuel,high,way/226931347,Pilot,1.27,name match 0.41 mi from I-20 exit 114 (node/71540095)
64532,33.210880,-84.056763,osm_fuel,high,way/219842526,Pilot,7.62,name match 0.39 mi from I-75 exit 201 (node/339926340)
64534,43.484203,-70.496222,osm_exit,high,node/102546246,I-95 exit 32,6.06,I-95 exit 32: 2 node(s) within 0.5 mi; no fuel station with the name within 1.5 mi
64535,34.348002,-83.314593,osm_exit,high,node/69046231,I-85 exit 160,4.97,I-85 exit 160: 2 node(s) within 0.5 mi; no fuel station with the name within 1.5 mi
64536,42.646159,-114.457843,osm_exit,high,node/129482806,I-84 exit 173,5.75,I-84 exit 173: 2 node(s) within 1.4 mi; no fuel station with the name within 1.5 mi
64537,31.507946,-97.145713,osm_fuel,high,way/236134445,Flying J,4.32,name match 0.14 mi from I-35 exit 330B (node/236159791)
64538,41.604737,-87.114721,osm_fuel,high,way/229477116,Pilot,3.10,name match 0.16 mi from I-94 exit 22 (node/410612042)
64546,34.272767,-85.880623,osm_exit,medium,node/55420380,I-59 exit 205,14.52,I-59 exit 205: 2 node(s) within 0.4 mi; no fuel station with the name within 1.5 mi; 15 mi from the city
64558,32.342726,-88.793368,osm_exit,high,node/125597680,I-20/US-80 exit 129,6.71,I-20 exit 129: 2 node(s) within 0.4 mi; no fuel station with the name within 1.5 mi
64569,30.742143,-88.110386,osm_fuel,high,node/12187064869,Love's,5.11,name match 0.26 mi from I-65 exit 8B (node/57679499)
64571,36.279978,-115.032701,osm_exit,medium,node/137183871,I-15/US-93 exit 54,13.28,I-15 exit 54: 2 node(s) within 0.8 mi; no fuel station with the name within 1.5 mi; 13 mi from the city
64592,32.844488,-86.591517,osm_fuel,high,way/220383382,Love's,1.63,name match 0.22 mi from I-65 exit 208 (node/52563592)
64595,30.485130,-84.420750,osm_fuel,high,way/230492900,Pilot,2.66,name match 0.21 mi from I-10 exit 192 (node/298586016)
64599,34.951591,-92.060654,osm_exit,high,node/474729175,I-57/US-167 exit 16,2.45,US-167/US-67 exit 16: 3 node(s) within 0.6 mi; no fuel station with the name within 1.5 mi
64600,35.456837,-93.483979,osm_fuel,medium,way/1350812374,Casey's General Store,0.24,name match 0.19 mi from I-40 exit 57 (node/117401856); nearest of 2 matching sites
64617,35.698926,-90.047974,osm_fuel,high,way/1561409256,Shell,3.40,name match 0.18 mi from I-55 exit 48 (node/117819660)
64654,30.214235,-90.950723,osm_exit,high,node/114666512,I-10 exit 177,9.37,I-10 exit 177: 2 node(s) within 0.6 mi; no fuel station with the name within 1.5 mi
64655,36.061036,-79.661740,osm_fuel,high,node/12094793966,ONE9,2.55,name match 0.45 mi from I-85/I-40 exit 132 (node/171075456)
64664,40.621923,-89.471021,osm_exit,high,node/1728623791,I-74 exit 102,0.61,I-74 exit 102: 2 node(s) within 0.7 mi; no fuel station with the name within 1.5 mi
64671,44.295438,-90.829355,osm_fuel,high,node/597551581,Flying J,0.58,name match 0.25 mi from I-94 exit 116 (node/271545014)
64672,39.851249,-85.412571,osm_fuel,high,node/12163118085,Flying J,0.90,name match 0.17 mi from I-70 exit 123 (node/179823831)
64674,41.664639,-71.913009,osm_fuel,high,node/9241495073,Shell,0.83,name match 0.19 mi from I-395 exit 87 (node/568915111)
64675,38.944356,-91.937016,osm_exit,high,node/189381205,I-70/US-40 exit 148,0.22,I-70/US-40 exit 148: 2 node(s) within 0.5 mi; no fuel station with the name within 1.5 mi
64676,35.460350,-97.682188,osm_exit,high,node/458733753,I-40/US-270 exit 140,9.50,I-40 exit 140: 2 node(s) within 0.7 mi; no fuel station with the name within 1.5 mi
64677,37.345748,-84.308208,osm_exit,high,node/167932642,I-75 exit 59,1.56,I-75 exit 59: 2 node(s) within 0.6 mi; no fuel station with the name within 1.5 mi
64679,34.608366,-92.533716,osm_fuel,high,way/264987548,Pilot,3.08,name match 0.46 mi from I-30 exit 121 (node/452644346)
64681,32.738136,-111.549354,osm_fuel,high,node/4719302865,Pilot,2.60,name match 0.32 mi from I-10 exit 208 (node/175498100)
64682,35.265898,-99.640846,osm_fuel,high,way/235554992,Flying J - Sayre,2.18,name match 0.14 mi from I-40 exit 20 (node/144678962)
64683,33.780619,-84.536936,osm_fuel,high,way/293643826,QuikTrip,6.68,name match 0.94 mi from I-20 exit 49 (node/69136305)
64684,39.697903,-86.179357,osm_exit,high,node/1772959311,I-465/I-69/I-74 exit 4,5.72,I-465 exit 4: 2 node(s) within 1.5 mi; no fuel station with the name within 1.5 mi
64687,34.655596,-84.981018,osm_fuel,high,way/236484271,Pilot,7.77,name match 0.34 mi from I-75 exit 326 (node/2822101097)
64706,31.207078,-87.307441,osm_exit,medium,node/55459829,I-65 exit 69,15.23,I-65 exit 69: 2 node(s) within 0.6 mi; no fuel station with the name within 1.5 mi; 15 mi from the city
64713,32.740889,-86.545658,osm_exit,medium,node/52539116,I-65 exit 200,4.23,"I-65 exit 200: 2 node(s) within 0.6 mi; no fuel station with the name within 1.5 mi; city name ambiguous, exit unique in its area"
64719,32.820150,-85.211012,osm_fuel,high,node/894539573,Circle K,1.91,name match 0.29 mi from I-85 exit 77 (node/52382843)
64721,34.911904,-91.195590,osm_fuel,high,way/1130257130,Phillips 66 (operator Flash Market),1.56,name match 0.28 mi from I-40/US-63 exit 216 (node/117870337)
64755,38.939657,-92.774345,osm_fuel,high,way/554602290,Pilot,2.13,name match 0.31 mi from I-70 exit 101 (node/189933264)
64765,40.618019,-103.182531,osm_fuel,high,node/3780541462,Cenex (operator Eagle),0.55,name match 0.42 mi from I-76 exit 125 (node/382380256)
64779,28.522777,-82.303630,osm_fuel,high,node/2664345630,Speedway (ref 6530),6.15,"store number and name match, 6.1 mi from city center (no exit in address)"
64795,28.509636,-81.415881,osm_exit,high,node/12350432675,I-4 exit 79 (old exit 32),6.34,I-4 exit 79: 2 node(s) within 0.5 mi; no fuel station with the name within 1.5 mi
64803,27.964619,-82.412556,osm_exit,high,node/297120320,I-4 exit 3 (old exit 3),4.11,I-4 exit 3: 2 node(s) within 1.1 mi; no fuel station with the name within 1.5 mi
64819,33.665678,-84.345394,osm_exit,high,node/68150521,I-285 exit 53,1.74,I-285/SR-407 exit 53: 2 node(s) within 1.0 mi; no fuel station with the name within 1.5 mi
64825,32.658119,-84.976734,osm_exit,high,node/70135582,I-185 exit 19,4.21,I-185/SR-411 exit 19: 2 node(s) within 0.7 mi; no fuel station with the name within 1.5 mi
64856,41.357976,-93.779599,osm_exit,high,node/161197521,I-35 exit 56,0.28,I-35 exit 56: 2 node(s) within 0.7 mi; no fuel station with the name within 1.5 mi
64859,41.649382,-93.609191,osm_exit,high,node/160756064,I-35/I-80 exit 136,5.31,I-35/I-80 exit 136: 2 node(s) within 0.9 mi; no fuel station with the name within 1.5 mi
64873,42.022060,-96.128396,osm_exit,high,node/160511166,I-29 exit 112,1.95,I-29 exit 112: 2 node(s) within 0.7 mi; no fuel station with the name within 1.5 mi
64875,41.403496,-92.917199,osm_fuel,high,node/7402759717,Casey's General Store,0.09,name match 0.97 mi from SR-163 exit 42 (node/352907151)
64876,40.693107,-95.785990,osm_exit,high,node/159761647,I-29 exit 10,4.27,I-29 exit 10: 2 node(s) within 0.7 mi; no fuel station with the name within 1.5 mi
64877,41.488818,-91.547237,osm_fuel,medium,node/2826175726,Casey's General Store,1.35,name match 0.30 mi from US-218 exit 80 (node/411888577); nearest of 2 matching sites
64883,41.494269,-95.221741,osm_fuel,high,way/1191325322,Kum & Go (ref 1046),0.35,name match 0.34 mi from I-80 exit 46 (node/160755631); OSM has the store number
64894,40.484676,-89.023026,osm_fuel,medium,way/685352318,Circle K,2.86,name match 0.43 mi from I-55 exit 160B (node/261230528); nearest of 3 matching sites
64902,40.391381,-88.879963,osm_exit,high,node/261227849,I-74 exit 142,0.71,I-74 exit 142: 2 node(s) within 0.5 mi; no fuel station with the name within 1.5 mi
64907,40.621544,-89.270625,osm_exit,high,node/475075003,I-74 exit 112,0.91,I-74 exit 112: 2 node(s) within 0.5 mi; no fuel station with the name within 1.5 mi
64914,39.356817,-87.888079,osm_exit,high,node/234078022,I-70 exit 136,1.33,I-70 exit 136: 2 node(s) within 0.7 mi; no fuel station with the name within 1.5 mi
64920,41.910501,-89.069374,osm_fuel,high,node/13417247207,Kwik Star,0.67,name match 0.81 mi from I-88/SR-110 exit 76 (node/461515402)
64928,41.737233,-87.884361,osm_fuel,high,way/1029292930,Speedway (ref 1432),0.21,name match 1.33 mi from I-294 exit 22 (node/7098674465); OSM has the store number
64929,41.180002,-90.332569,osm_exit,high,node/466936776,I-74/SR-110 exit 32,0.55,I-74 exit 32: 2 node(s) within 0.4 mi; no fuel station with the name within 1.5 mi
64930,41.990110,-88.030901,osm_fuel,high,way/1365376639,Shell,3.04,name match 0.43 mi from I-290 exit 5 (node/237617019)
64946,41.435828,-85.053400,osm_exit,high,node/501480852,I-69 exit 334 (old exit 134),0.14,I-69 exit 334: 2 node(s) within 0.5 mi; no fuel station with the name within 1.5 mi
64984,37.958138,-84.388629,osm_exit,medium,node/163419558,I-75 exit 104,10.70,I-75 exit 104: 2 node(s) within 0.7 mi; no fuel station with the name within 1.5 mi; 11 mi from the city
65000,30.296506,-91.911556,osm_exit,high,node/123755021,I-10 exit 109,0.99,I-10 exit 109: 2 node(s) within 0.6 mi; no fuel station with the name within 1.5 mi
65005,32.519987,-92.335421,osm_exit,high,node/115883704,I-20 exit 103,1.13,I-20 exit 103: 2 node(s) within 0.6 mi; no fuel station with the name within 1.5 mi
65008,29.681834,-90.758641,osm_exit,high,node/124030678,US-90 exit 204,1.49,US-90 exit 204: 2 node(s) within 1.0 mi; no fuel station with the name within 1.5 mi
65023,30.243532,-92.269334,osm_fuel,high,node/2622998444,Shop Rite,0.24,name match 0.65 mi from I-10 exit 87 (node/114665062)
65033,40.833836,-83.965247,osm_fuel,high,way/229320513,Pilot Travel Center #457 (brand Pilot),0.44,name match 0.34 mi from I-75 exit 135 (node/196185682); OSM has the store number
65036,32.432156,-91.424772,osm_exit,high,node/115830742,I-20 exit 157,4.06,I-20 exit 157: 2 node(s) within 0.7 mi; no fuel station with the name within 1.5 mi
65037,32.486786,-92.154738,osm_fuel,high,node/10968172543,Circle K,1.78,name match 1.25 mi from I-20 exit 114 (node/1107905191)
65059,39.287011,-76.546073,osm_fuel,medium,way/1370738575,Royal Farms,3.56,name match 0.20 mi from I-95 exit 57 (node/27033900); nearest of 5 matching sites
65062,39.625547,-78.012496,osm_exit,high,node/103017819,I-70 exit 12,0.20,I-70 exit 12: 2 node(s) within 0.5 mi; no fuel station with the name within 1.5 mi
65064,39.605107,-77.735094,osm_exit,high,node/630600101,I-70 exit 29A,2.36,I-70 exit 29A: 3 node(s) within 0.5 mi; no fuel station with the name within 1.5 mi
65069,44.037905,-70.268698,osm_exit,high,node/84575677,I-95 exit 75,3.36,I-95 exit 75: 2 node(s) within 0.1 mi; no fuel station with the name within 1.5 mi
65074,45.604035,-68.525930,osm_exit,high,node/540245319,I-95 exit 244,0.41,I-95 exit 244: 2 node(s) within 0.6 mi; no fuel station with the name within 1.5 mi
65075,43.677470,-70.326538,osm_exit,high,node/101342512,I-95 exit 48,7.70,I-95 exit 48: 2 node(s) within 0.3 mi; no fuel station with the name within 1.5 mi
65083,42.170805,-83.246134,osm_fuel,medium,node/10767494978,Sunoco,2.45,name match 0.18 mi from I-75 exit 34B (node/62586862); nearest of 2 matching sites
65086,42.812906,-82.624286,osm_fuel,high,node/3635738112,BP,4.81,name match 0.21 mi from I-94 exit 257 (node/185940010)
65091,42.328859,-83.156871,osm_exit,high,node/62562667,I-94 exit 210A,3.00,I-94 exit 210A: 3 node(s) within 0.8 mi; no fuel station with the name within 1.5 mi
65092,42.327345,-83.157245,osm_fuel,medium,node/5575976082,BP,2.94,name match 0.11 mi from I-94/US-12 exit 210 (node/62553843); nearest of 3 matching sites
65094,45.027188,-84.692022,osm_fuel,medium,way/840364500,Marathon,0.78,name match 0.36 mi from I-75/SR-32 exit 282 (node/185695927); nearest of 3 matching sites
65113,43.880927,-85.527726,osm_exit,high,node/456337334,US-131 exit 153,1.18,US-131 exit 153: 2 node(s) within 0.9 mi; no fuel station with the name within 1.5 mi
65121,42.249696,-83.444700,osm_fuel,medium,node/3755129006,BP,3.83,name match 0.48 mi from I-275 exit 20 (node/62563076); nearest of 2 matching sites
65127,42.931556,-85.721950,osm_fuel,high,node/8204016057,Mobil,2.95,name match 0.78 mi from I-196 exit 72 (node/184706426)
65129,45.841759,-95.388820,osm_fuel,high,node/3187970125,"Holiday (cars) (brand Holiday, operator Holiday Stationstore)",2.51,name match 0.26 mi from I-94 exit 103 (node/186790739)
65136,46.751403,-92.142746,osm_exit,high,node/616580684,I-35 exit 253B,1.64,I-35 exit 253B: 4 node(s) within 1.1 mi; no fuel station with the name within 1.5 mi
65142,45.178368,-93.117392,osm_exit,high,node/186181519,I-35W exit 36,2.81,I-35W exit 36: 2 node(s) within 0.5 mi; no fuel station with the name within 1.5 mi
65162,38.767481,-90.206939,osm_exit,high,node/301272330,I-270/US-66 exit 33,9.33,I-270 exit 33: 2 node(s) within 0.4 mi; no fuel station with the name within 1.5 mi
65180,39.969023,-94.972382,osm_fuel,high,node/9948623502,Trex,7.92,name match 0.10 mi from I-29 exit 65 (node/188610140)
65188,34.855867,-89.692653,osm_exit,high,node/277339040,I-22/US-78 exit 14,0.93,US-78 exit 14: 2 node(s) within 0.5 mi; no fuel station with the name within 1.5 mi
65214,32.340802,-89.142348,osm_exit,high,node/344910789,I-20 exit 109,0.80,I-20 exit 109: 2 node(s) within 0.5 mi; no fuel station with the name within 1.5 mi
65221,32.130290,-90.287773,osm_exit,high,node/1825824295,I-55/US-51 exit 81,1.70,I-55/US-51 exit 81: 2 node(s) within 0.3 mi; no fuel station with the name within 1.5 mi
65246,34.623269,-79.047507,osm_fuel,high,node/3023960236,Dobb's Place,1.72,name match 0.07 mi from I-95 exit 17 (node/173025749)
65251,35.147710,-77.106879,osm_fuel,high,node/2819577014,Speedway (ref 8277),4.29,"store number and name match, 4.3 mi from city center (no exit in address)"
65252,35.965231,-77.303892,osm_fuel,high,way/1016972190,Speedway (ref 6964),0.20,"store number and name match, 0.2 mi from city center (no exit in address)"
65268,36.056122,-80.209492,osm_fuel,high,node/5970879413,Speedway (ref 6931),4.32,name match 0.15 mi from I-40 exit 195 (node/170673046); OSM has the store number
65270,46.929517,-104.007203,osm_fuel,high,way/788339074,Cenex,0.75,name match 0.24 mi from I-94 exit 1 (node/75775320)
65273,47.933694,-97.096159,osm_fuel,high,node/11189263081,Simonson Travel Center (ref 10),1.06,name match 0.32 mi from I-29 exit 141 (node/75862717)
65284,40.743113,-99.746964,osm_exit,high,node/133771571,I-80 exit 237,2.37,I-80 exit 237: 2 node(s) within 0.7 mi; no fuel station with the name within 1.5 mi
65287,40.691762,-99.533930,osm_exit,high,node/133749499,I-80 exit 248,3.38,I-80 exit 248: 2 node(s) within 0.7 mi; no fuel station with the name within 1.5 mi
65296,43.177409,-71.532529,osm_exit,high,node/194849463,I-93 exit 12S,3.25,I-93 exit 12S: 4 node(s) within 0.3 mi; no fuel station with the name within 1.5 mi
65320,40.892130,-74.685759,osm_fuel,high,way/267162756,Pilot Dealer #891 (brand Pilot),1.11,name match 0.47 mi from I-80 exit 27B (node/104511837); OSM has the store number
65343,40.551457,-74.409621,osm_exit,high,node/251270031,I-287 exit 4,1.61,I-287 exit 4: 1 node(s) within 0.0 mi; no fuel station with the name within 1.5 mi
65359,34.155141,-106.916959,osm_exit,high,node/144129561,I-25/US-60 exit 156,0.27,I-25 exit 156: 2 node(s) within 0.4 mi; no fuel station with the name within 1.5 mi
65361,35.416395,-106.402102,osm_fuel,high,node/11251543300,Black Mesa Travel Center (operator San Felipe Pueblo),5.82,name match 0.28 mi from I-25 exit 252 (node/469184272)
65373,44.995954,-73.455636,osm_exit,high,node/211848741,I-87 exit 43,1.25,I-87 exit 43: 2 node(s) within 0.1 mi; no fuel station with the name within 1.5 mi
65379,42.186126,-75.633128,osm_exit,high,node/116238223,I-88 exit 6,0.69,SR-79/I-88E exit 6: 2 node(s) within 0.5 mi; no fuel station with the name within 1.5 mi
65381,42.572029,-79.101238,osm_fuel,medium,node/9735903082,Native Pride Too,0.67,name match 1.32 mi from I-90 exit 58 (node/211588467); nearest of 2 matching sites
65383,42.087217,-78.625178,osm_exit,high,node/211486762,I-86/SR-17 exit 23,4.84,I-86/SR-17 exit 23: 2 node(s) within 0.5 mi; no fuel station with the name within 1.5 mi
65386,42.381175,-75.184185,osm_fuel,high,node/8684887617,Mirabito,0.83,name match 0.19 mi from I-88 exit 12 (node/213176628)
65392,42.960487,-76.845654,osm_fuel,high,node/2124257269,Circle K (ref 7622),4.18,name match 0.52 mi from I-90 exit 41 (node/213265786)
65398,41.420279,-81.791752,osm_exit,high,node/31263926,I-480 exit 12,1.85,I-480 exit 12: 3 node(s) within 0.8 mi; no fuel station with the name within 1.5 mi
65406,41.578715,-81.545850,osm_exit,high,node/59946053,I-90/SR-2 exit 182B,9.78,I-90/SR-2 exit 182B: 4 node(s) within 1.2 mi; no fuel station with the name within 1.5 mi
65415,40.747634,-81.516519,osm_fuel,high,node/9588036068,Speedway (ref 9314),2.59,"store number and name match, 2.6 mi from city center (no exit in address)"
65423,41.575654,-83.574520,osm_exit,high,node/13633927628,I-75 exit 195,0.18,I-75 exit 195: 4 node(s) within 1.5 mi; no fuel station with the name within 1.5 mi
65457,33.741063,-97.142998,osm_exit,high,node/146575830,I-35 exit 1,3.22,I-35 exit 1: 2 node(s) within 0.5 mi; no fuel station with the name within 1.5 mi
65490,33.320878,-84.777591,osm_fuel,high,relation/14036453,Pilot,3.80,name match 0.13 mi from I-85 exit 41 (node/67948563)
65494,33.544714,-83.074689,osm_exit,high,node/69692134,I-20 exit 138,5.12,I-20 exit 138: 2 node(s) within 0.6 mi; no fuel station with the name within 1.5 mi
65513,40.053073,-78.511087,osm_fuel,high,way/738867578,GetGo,2.66,name match 0.26 mi from I-76 exit 146 (node/200902183)
65514,40.477144,-76.292212,osm_exit,high,node/27607075,I-78/US-22 exit 13,0.23,I-78 exit 13: 2 node(s) within 0.3 mi; no fuel station with the name within 1.5 mi
65527,39.789492,-77.712512,osm_exit,high,node/4862269275,I-81 exit 5,0.76,I-81 exit 5: 2 node(s) within 0.4 mi; no fuel station with the name within 1.5 mi
65530,40.215311,-76.783764,osm_exit,high,node/1124840188,I-76 exit 247 (Harrisburg East),8.61,I-76 exit 19/247: 2 node(s) within 0.4 mi; no fuel station with the name within 1.5 mi
65532,41.033908,-77.509925,osm_exit,high,node/106447921,I-80/US-220 exit 173,5.05,I-80 exit 173: 2 node(s) within 1.0 mi; no fuel station with the name within 1.5 mi
65538,40.663962,-79.717782,osm_exit,high,node/742222134,SR-28 exit 16,2.82,SR-28 exit 16: 2 node(s) within 0.5 mi; no fuel station with the name within 1.5 mi
65572,33.663298,-81.674729,osm_fuel,high,node/10109748639,Circle K,9.55,name match 0.27 mi from I-20 exit 22 (node/109318845)
65573,33.990311,-79.199570,osm_fuel,high,node/5776031278,Speedway (ref 4587),0.81,"store number and name match, 0.8 mi from city center (no exit in address)"
65588,32.803262,-80.110443,osm_fuel,high,node/1642426546,Speedway (ref 2836),2.42,"store number and name match, 2.4 mi from city center (no exit in address)"
65594,34.919222,-80.979525,osm_exit,high,node/114459206,I-77 exit 77,2.60,I-77 exit 77: 2 node(s) within 0.4 mi; no fuel station with the name within 1.5 mi
65603,43.079891,-96.795926,osm_exit,high,node/382467326,I-29 exit 47,0.79,I-29 exit 47: 2 node(s) within 0.6 mi; no fuel station with the name within 1.5 mi
65608,43.306889,-96.796461,osm_exit,high,node/80231498,I-29 exit 62,5.72,I-29 exit 62: 2 node(s) within 0.7 mi; no fuel station with the name within 1.5 mi
65629,35.872914,-84.466801,osm_exit,high,node/1837194383,I-40/SR-58 exit 355,2.11,I-40 exit 355: 2 node(s) within 0.5 mi; no fuel station with the name within 1.5 mi
65639,35.935088,-86.529770,osm_fuel,high,way/987246463,Speedway,2.35,name match 0.18 mi from I-24 exit 70 (node/1844879381)
65652,32.685710,-97.453194,osm_fuel,high,way/672388360,Circle K,9.01,name match 0.72 mi from I-20 exit 428 (node/82527356)
65666,32.770854,-96.814269,osm_exit,medium,node/81545319,I-30 exit 45B (old exit 45),3.18,I-30 exit 45B: 3 node(s) within 1.6 mi; no fuel station with the name within 1.5 mi
65762,38.967037,-78.191397,osm_fuel,medium,way/389126020,7-Eleven,2.94,name match 0.39 mi from I-66 exit 6 (node/220192321); nearest of 2 matching sites
65770,44.924797,-73.108996,osm_exit,medium,node/204509552,I-89 exit 21,10.12,I-89 exit 21: 2 node(s) within 0.4 mi; no fuel station with the name within 1.5 mi; 10 mi from the city
65771,42.884405,-72.557546,osm_fuel,high,way/697766928,Citgo,1.58,name match 0.17 mi from I-91 exit 3 (node/204965233)
65794,44.465519,-87.946945,osm_fuel,medium,node/657893710,BP,4.34,name match 0.59 mi from I-43 exit 180 (node/230527779); nearest of 2 matching sites
65796,43.363929,-88.294042,osm_exit,high,node/1485430391,I-41/US-41 exit 68,5.09,I-41/US-41 exit 68: 2 node(s) within 0.8 mi; no fuel station with the name within 1.5 mi
65804,44.198978,-88.680557,osm_fuel,high,way/704300179,Kwik Trip (ref 628),2.85,"store number and name match, 2.8 mi from city center (no exit in address)"
65805,43.592107,-88.430867,osm_exit,high,node/230759246,I-41/US-41 exit 85,0.64,I-42/US-41 exit 85: 2 node(s) within 0.7 mi; no fuel station with the name within 1.5 mi
65810,43.884500,-90.150555,osm_exit,high,node/231231210,I-90/I-94 exit 61,0.87,I-90/I-94 exit 61: 2 node(s) within 0.4 mi; no fuel station with the name within 1.5 mi
65813,43.571930,-89.470397,osm_fuel,medium,node/3669287454,Kwik Trip,1.60,name match 0.22 mi from I-39 exit 92 (node/53823722); nearest of 2 matching sites
65818,43.893116,-91.078020,osm_fuel,medium,way/1191798089,Kwik Trip,0.60,name match 0.13 mi from I-90 exit 12 (node/258489755); nearest of 2 matching sites
65820,43.194043,-89.336756,osm_fuel,medium,way/463069377,Kwik Trip,4.52,name match 0.29 mi from I-90/SR-19 exit 131 (node/53292839); nearest of 2 matching sites
65831,42.846795,-106.225781,osm_exit,high,node/1876901844,I-25 exit 182,2.93,I-25/US-87 exit 182: 2 node(s) within 0.9 mi; no fuel station with the name within 1.5 mi
65836,32.957750,-97.306798,osm_fuel,high,way/292983166,Pilot,12.39,name match 0.52 mi from I-35W exit 65 (node/11034760643)
65837,40.370835,-82.830336,osm_fuel,high,way/229321788,Pilot,2.31,name match 0.20 mi from I-71 exit 140 (node/198980959)
65847,40.177185,-88.240093,osm_fuel,high,way/263994196,Road Ranger,4.72,name match 0.45 mi from I-57 exit 240 (node/37964594)
65849,42.291710,-84.960092,osm_exit,high,node/183791458,I-94 exit 110,1.97,I-94 exit 110: 2 node(s) within 0.5 mi; no fuel station with the name within 1.5 mi
65857,32.545004,-93.516519,osm_fuel,high,way/264709078,Pilot,1.40,name match 0.19 mi from I-20 exit 33 (node/114801932)
65858,41.691766,-86.804016,osm_fuel,high,node/9565802915,Speedway (ref 6661),7.24,name match 0.37 mi from I-94 exit 40 (node/27595385); OSM has the store number
65859,41.667648,-85.822316,osm_fuel,high,node/4606449386,Speedway (ref 6662),3.11,"store number and name match, 3.1 mi from city center (no exit in address)"
65860,32.917885,-96.419224,osm_fuel,high,way/225730086,Love's,1.09,name match 0.81 mi from I-30/FM-549 exit 70 (node/4880483599)
65862,38.019887,-79.142849,osm_fuel,high,way/220906168,Pilot,10.51,name match 0.19 mi from I-81 exit 213 (node/207859795)
65866,41.824803,-75.682814,osm_fuel,high,way/220548462,Flying J,4.20,name match 0.14 mi from I-81 exit 219 (node/95242165)
65868,35.845079,-80.859124,osm_exit,high,node/171578409,I-77 exit 54,4.32,I-77 exit 54: 2 node(s) within 0.6 mi; no fuel station with the name within 1.5 mi
65873,36.938618,-80.993024,osm_fuel,high,node/6224489913,Pilot,5.37,name match 0.19 mi from I-81/I-77 exit 77 (node/220598406)
65880,39.180395,-89.677898,osm_exit,high,node/236638469,I-55 exit 52,0.73,I-55 exit 52: 2 node(s) within 0.8 mi; no fuel station with the name within 1.5 mi
65883,38.174915,-87.552543,osm_fuel,high,node/12105236858,Flying J,2.30,name match 0.54 mi from I-64 exit 25 (node/181875837)
65885,33.344729,-96.584173,osm_fuel,high,way/225718668,Love's,1.79,name match 0.19 mi from US-75 exit 48 (node/150157814)
65909,44.000316,-75.922132,osm_exit,medium,node/212428957,I-81 exit 158 (old exit 47),1.96,"I-81 exit 47: 2 node(s) within 0.3 mi, matched on the old exit number (old_ref); no fuel station with the name within 1.5 mi"
65915,46.852361,-96.911887,osm_exit,high,node/75242292,I-94/US-52 exit 346,0.43,I-94/US-52 exit 346: 2 node(s) within 0.5 mi; no fuel station with the name within 1.5 mi
65974,43.291438,-84.580409,osm_fuel,medium,node/2924037058,Beacon & Bridge Market,0.77,name match 0.10 mi from US-127 exit 117 (node/184402615); nearest of 2 matching sites
65983,36.072537,-76.611814,osm_fuel,high,node/9376620267,Speedway (ref 6967),1.20,name match 0.37 mi from US-17 exit 227 (node/170042758); OSM has the store number
65989,35.032001,-107.475857,osm_fuel,high,way/904596024,Dancing Eagle Travel Center,0.97,name match 0.21 mi from I-40 exit 108 (node/616048373)
66015,28.045544,-99.348487,osm_fuel,high,way/225727437,Love's,0.51,name match 0.32 mi from I-35 exit 39 (node/226613286)
66016,38.364832,-82.696623,osm_fuel,high,node/2405613425,Flying J Fuel Center,6.22,name match 0.58 mi from I-64 exit 185 (node/162155838)
66017,29.751939,-81.348302,osm_exit,medium,node/100127362,I-95 exit 305 (old exit 93),10.21,I-95/SR-9 exit 305: 2 node(s) within 0.6 mi; no fuel station with the name within 1.5 mi; 10 mi from the city
66020,39.968571,-81.902935,osm_fuel,high,way/220778962,Love's,5.83,name match 0.17 mi from I-70 exit 160 (node/384927981)
66021,37.979838,-85.694564,osm_fuel,high,way/225808186,Love's,0.42,name match 0.31 mi from I-65 exit 116 (node/162338779)
66022,33.457012,-112.273602,osm_fuel,high,way/131230593,Pilot,10.43,name match 0.49 mi from I-10 exit 133 (node/5132906196)
66023,40.690330,-95.789642,osm_fuel,high,node/12659838889,"Sapp Bros (brand Sapp Bros., operator Sapp Bros.)",4.39,name match 0.27 mi from I-29 exit 10 (node/159761647)
66024,36.951579,-80.882667,osm_fuel,high,node/6224489101,Love's,4.76,name match 0.14 mi from I-81/US-11 exit 84 (node/220393883)
66026,39.133434,-88.566245,osm_fuel,high,way/223479936,Flying J,1.21,name match 0.30 mi from I-70/I-57 exit 160 (node/234328822)
66029,30.247831,-92.190310,osm_exit,high,node/114672342,I-10 exit 92,0.66,I-10 exit 92: 2 node(s) within 0.3 mi; no fuel station with the name within 1.5 mi
66030,41.692223,-93.184354,osm_exit,high,node/160062707,I-80/US-6 exit 159,2.81,I-80 exit 159: 2 node(s) within 0.5 mi; no fuel station with the name within 1.5 mi
66034,39.910111,-88.893861,osm_exit,medium,node/46560329,I-72 exit 144,4.30,"I-72 exit 144S: 2 node(s) within 0.5 mi, exit letter differs; no fuel station with the name within 1.5 mi"
66035,43.003460,-89.206504,osm_exit,high,node/53633290,I-39/I-90 exit 147,6.13,I-90 exit 147: 2 node(s) within 0.7 mi; no fuel station with the name within 1.5 mi
66036,33.562380,-86.831512,osm_fuel,high,way/230483735,Flying J,3.14,name match 0.28 mi from I-65 exit 264 (node/56464242)
66037,33.812074,-93.427362,osm_fuel,high,node/8115126178,Travel Centers of America,2.14,name match 0.25 mi from I-30 exit 44 (node/117936477)
66038,43.439932,-112.115739,osm_fuel,high,way/375323034,Flying J,5.30,name match 0.15 mi from I-15 exit 113 (node/127203509)
66039,32.387915,-91.197337,osm_fuel,high,way/225869988,Love's,1.34,name match 0.18 mi from I-20 exit 171 (node/115804188)
66040,35.199610,-113.903988,osm_fuel,high,way/223539583,Love's Truck Lanes (brand Love's),6.13,name match 0.27 mi from I-40 exit 59 (node/1698679141)
66041,45.669077,-120.835728,osm_fuel,high,way/226329065,Pilot Truck Stop (brand Pilot),8.56,name match 0.19 mi from I-84 exit 104 (node/430620930)
66042,41.170571,-79.094632,osm_exit,high,node/107068639,I-80 exit 78,0.88,I-80 exit 78: 2 node(s) within 0.4 mi; no fuel station with the name within 1.5 mi
66045,39.647452,-83.544199,osm_exit,high,node/1717472846,I-71 exit 69,0.76,I-71 exit 69: 2 node(s) within 0.5 mi; no fuel station with the name within 1.5 mi
66046,41.742516,-84.998430,osm_exit,high,node/305414604,I-69 exit 357 (old exit 157),3.24,I-69 exit 357: 2 node(s) within 0.8 mi; no fuel station with the name within 1.5 mi
66050,41.276110,-81.625959,osm_fuel,high,way/225804450,Pilot,3.11,name match 1.43 mi from I-77 exit 145 (node/230018614)
66051,36.962347,-86.498125,osm_exit,high,node/168630335,I-165 exit 5 (old exit 7),3.70,I-165 exit 5: 2 node(s) within 0.7 mi; no fuel station with the name within 1.5 mi
66054,41.097718,-104.848700,osm_fuel,high,way/225052649,Love's,3.33,name match 0.20 mi from I-25/US-87 exit 7 (node/500964718)
66055,42.465957,-92.767594,osm_fuel,high,node/3384383612,The Mill (brand BP),4.82,name match 0.39 mi from US-20 exit 208 (node/389281750)
66056,35.980847,-85.010475,osm_exit,high,node/202150223,I-40 exit 320,2.32,I-40 exit 320: 2 node(s) within 0.4 mi; no fuel station with the name within 1.5 mi
66057,42.490945,-88.998455,osm_fuel,high,way/230775261,Road Ranger,1.54,name match 0.37 mi from I-90 exit 1 (node/258486761)
66059,35.968610,-83.250484,osm_exit,high,node/1692232319,I-40 exit 432B,2.99,I-40 exit 432B: 3 node(s) within 0.7 mi; no fuel station with the name within 1.5 mi
66061,41.027957,-77.523182,osm_fuel,high,way/220645845,Flying J,5.64,name match 0.26 mi from I-80 exit 173 (node/106447921)
66062,43.603535,-96.767292,osm_fuel,high,node/2449961903,Flying J,4.69,name match 0.21 mi from I-29 exit 83 (node/80640974)
66065,36.977488,-84.116784,osm_fuel,high,way/225807458,Love’s (brand Love's),3.29,name match 0.42 mi from SR-770/I-75 exit 29 (node/165554680)
66072,30.505358,-99.770770,osm_exit,high,node/151643504,I-10/US-83 exit 456,1.02,I-10/US-83 exit 456: 2 node(s) within 0.6 mi; no fuel station with the name within 1.5 mi
66073,37.016256,-88.597327,osm_exit,high,node/166262134,I-24 exit 11,4.58,I-24 exit 11: 2 node(s) within 0.6 mi; no fuel station with the name within 1.5 mi
66075,34.494396,-81.841409,osm_exit,high,node/403496698,I-26 exit 54,1.80,I-26 exit 54: 2 node(s) within 0.4 mi; no fuel station with the name within 1.5 mi
66078,35.814164,-83.142820,osm_exit,high,node/1692231402,I-40 exit 447,0.18,I-40 exit 447: 2 node(s) within 0.4 mi; no fuel station with the name within 1.5 mi
66093,43.877298,-92.489422,osm_fuel,high,node/5631420289,Kwik Trip,1.14,name match 0.47 mi from I-90 exit 209A (node/393100486)
66099,40.732538,-74.124498,osm_exit,medium,node/1050766023,I-95 exit 15E,1.37,I-95 exit 15E: 8 node(s) within 3.2 mi; no fuel station with the name within 1.5 mi
66100,32.858135,-80.030104,osm_fuel,medium,way/1390995793,Circle K,4.60,name match 1.44 mi from I-26 exit 213 (node/318698850); a site held by another OPIS station set aside
66106,38.293309,-112.653347,osm_fuel,high,way/235915022,Flying J,1.46,name match 0.33 mi from I-15 exit 112 (node/286496962)
66109,30.579145,-92.049522,osm_exit,high,node/123744483,I-49/US-167 exit 23,4.21,I-49 exit 23: 2 node(s) within 0.7 mi; no fuel station with the name within 1.5 mi
66110,42.434805,-96.379374,osm_fuel,high,way/225361262,Love's,4.22,name match 0.40 mi from I-29 exit 143 (node/161444485)
66113,40.772329,-74.061283,osm_exit,medium,node/746243097,I-95 exit 16E,4.21,I-95 exit 16E: 3 node(s) within 2.2 mi; no fuel station with the name within 1.5 mi
66114,39.722442,-94.787390,osm_fuel,high,node/12233625789,Love's,3.12,name match 0.10 mi from I-29/US-169 exit 44 (node/189117022)
66115,41.175834,-80.570407,osm_exit,high,node/200036252,I-80 exit 234B,1.26,I-80 exit 234B: 3 node(s) within 0.3 mi; no fuel station with the name within 1.5 mi
66116,41.782667,-75.684096,osm_exit,high,node/356817187,I-81 exit 217,1.14,I-81 exit 217: 2 node(s) within 0.5 mi; no fuel station with the name within 1.5 mi
66119,38.760408,-90.065458,osm_fuel,high,way/223480507,Flying J,3.88,name match 0.22 mi from I-270/SR-11 exit 6 (node/236350194)
66120,36.011988,-83.532306,osm_fuel,high,node/6616599586,Love's (ref 306),5.86,name match 0.40 mi from I-40/SR-66 exit 412 (node/1693316346); OSM has the store number
66121,39.609337,-86.071954,osm_exit,high,node/459665700,I-65 exit 99,1.82,I-65 exit 99: 2 node(s) within 0.7 mi; no fuel station with the name within 1.5 mi
66122,39.792169,-88.268427,osm_fuel,high,way/196181386,Road Ranger,0.46,name match 0.21 mi from I-57 exit 212 (node/295680311)
66123,41.400107,-89.463352,osm_exit,high,node/233904624,I-80 exit 56,1.35,I-80 exit 56: 2 node(s) within 0.6 mi; no fuel station with the name within 1.5 mi
66125,39.962346,-89.550496,osm_exit,high,node/932331240,I-55 exit 109,0.56,I-55 exit 109: 2 node(s) within 0.8 mi; no fuel station with the name within 1.5 mi
66126,32.444424,-93.983583,osm_fuel,high,way/225809913,Love's,1.65,name match 0.25 mi from I-20 exit 3 (node/114875538)
66131,40.530943,-74.325383,osm_fuel,high,node/9239315135,Speedway (ref 3446),4.63,name match 0.45 mi from I-95 exit 10 (node/250882088); OSM has the store number
66133,28.155277,-81.801154,osm_fuel,high,way/224604084,Love's,2.47,name match 0.32 mi from I-4 exit 44 (node/100023402)
66137,30.246001,-89.761212,osm_fuel,high,way/1384204591,Circle K,3.24,name match 0.22 mi from I-10 exit 263 (node/123920022)
66138,33.207982,-84.058242,osm_fuel,high,node/9678370749,Love's,7.83,name match 0.26 mi from I-75 exit 201 (node/339926340)
66139,38.965956,-78.439237,osm_fuel,high,node/11403825514,Love's,1.34,name match 0.22 mi from I-81 exit 291 (node/219053331)
66152,39.549095,-86.036483,osm_fuel,high,node/941981026,Flying J,2.06,name match 0.21 mi from I-65 exit 95 (node/180146208)
66155,30.440390,-97.670006,osm_fuel,medium,way/383182015,7-Eleven,4.08,name match 0.17 mi from I-35 exit 248 (node/152380721); nearest of 3 matching sites
66172,27.617401,-99.491758,osm_exit,high,node/337309106,I-27/I-35/US-83 exit 8,3.94,I-35 exit 8: 3 node(s) within 1.2 mi; no fuel station with the name within 1.5 mi
66173,29.696420,-97.113163,osm_exit,high,node/150650525,I-10 exit 661,0.67,I-10 exit 661: 2 node(s) within 1.0 mi; no fuel station with the name within 1.5 mi
66174,30.505358,-99.770770,osm_exit,high,node/151643504,I-10/US-83 exit 456,1.02,I-10 exit 456: 2 node(s) within 0.6 mi; no fuel station with the name within 1.5 mi
66176,34.988038,-78.131324,osm_exit,high,node/170489428,I-40/SR-24 exit 364,2.33,I-40 exit 364: 2 node(s) within 0.6 mi; no fuel station with the name within 1.5 mi
66177,35.298038,-79.726274,osm_fuel,high,way/1001154270,Pilot,0.37,name match 0.14 mi from I-74/I-73/US-220 exit 44 (node/634261959)
66179,39.618056,-119.266076,osm_fuel,high,node/4354708558,Love's,5.50,name match 0.25 mi from I-80 exit 46 (node/6639421949)
66182,32.553595,-84.947219,osm_fuel,high,way/696548870,Circle K,7.14,name match 0.89 mi from I-185 exit 10 (node/71652938)
66184,43.048416,-77.647766,osm_exit,high,node/257177838,I-390 exit 12,1.94,I-390 exit 12: 5 node(s) within 1.0 mi; no fuel station with the name within 1.5 mi
66185,31.446999,-96.072322,osm_exit,medium,node/473189667,I-45 exit 178,0.90,"I-45 exit 178: 2 node(s) within 1.2 mi; no fuel station with the name within 1.5 mi; city name ambiguous, exit unique in its area"
66195,42.392703,-71.610715,osm_fuel,high,node/11492004000,Mobil,1.56,name match 0.21 mi from I-495 exit 26 (node/71234214)
66196,32.196979,-96.900105,osm_fuel,high,node/7724926643,Exxon,1.11,name match 0.39 mi from I-35 exit 386 (node/82147326)
66198,33.609426,-81.839271,osm_exit,high,node/109361627,I-20 exit 11,3.54,I-20 exit 11: 2 node(s) within 0.7 mi; no fuel station with the name within 1.5 mi
66221,42.790365,-88.389315,osm_fuel,high,way/267159234,Road Ranger,0.48,name match 0.23 mi from I-43 exit 38 (node/232658497)
66224,42.175343,-88.610887,osm_exit,high,node/6872447149,I-90 exit 36,6.77,I-90 exit 36: 2 node(s) within 0.3 mi; no fuel station with the name within 1.5 mi
66225,41.558964,-89.061761,osm_exit,high,node/235212532,I-39/US-51 exit 72,2.01,I-39 exit 72: 2 node(s) within 0.6 mi; no fuel station with the name within 1.5 mi
66227,38.313117,-88.961358,osm_fuel,high,way/229452544,Pilot,2.38,name match 0.50 mi from I-57 exit 95 (node/391305670)
66229,35.658234,-81.963101,osm_fuel,high,way/224604562,Love's,2.46,name match 0.06 mi from I-40 exit 86 (node/539651491)
66230,39.361864,-101.053068,osm_fuel,high,node/10001538995,Petro,1.61,name match 0.24 mi from I-70 exit 53 (node/122999910)
66235,37.842863,-84.324456,osm_fuel,high,way/225808104,Love's,7.98,name match 0.21 mi from I-75 exit 95 (node/166458721)
66236,40.818915,-97.997873,osm_fuel,high,way/225056800,Love's,3.14,name match 0.32 mi from I-80 exit 332 (node/1658633072)
66237,35.029669,-106.948835,osm_fuel,high,way/479169964,Route 66 Travel Center,17.85,name match 0.11 mi from I-40 exit 140 (node/141022518)
66244,28.342114,-98.030198,osm_exit,high,node/226767437,I-37 exit 56,5.42,I-37 exit 56: 2 node(s) within 0.7 mi; no fuel station with the name within 1.5 mi
66250,36.013077,-78.516823,osm_fuel,high,node/9393331159,Speedway (ref 6973),3.42,"store number and name match, 3.4 mi from city center (no exit in address)"
66257,41.675632,-107.982929,osm_fuel,high,node/1038018936,Love's,0.56,name match 0.31 mi from I-80/US-30 exit 173 (node/158234596)
66258,43.617115,-71.644092,osm_exit,high,node/194169797,I-93 exit 23,0.62,I-93 exit 23: 2 node(s) within 0.6 mi; no fuel station with the name within 1.5 mi
66259,31.138631,-97.332030,osm_fuel,high,way/1117063968,CEFCO,4.07,name match 0.84 mi from I-35 exit 304 (node/149229580)
66261,35.270009,-78.614860,osm_fuel,high,node/2442044390,Circle K,2.88,name match 0.31 mi from I-95 exit 71 (node/171120016)
66263,40.485467,-75.839863,osm_fuel,high,way/971353223,Speedway (ref 6753),2.22,"store number and name match, 2.2 mi from city center (I-78 exit 1 not found in OSM within 25 mi)"
66267,41.145253,-87.260178,osm_fuel,high,node/11860872690,TA,5.03,name match 0.35 mi from I-65 exit 230 (node/180025185)
66272,35.920360,-79.939463,osm_exit,medium,node/171085318,I-85 exit 113A (old exit 113),5.71,"I-85 exit 113: 3 node(s) within 1.7 mi, matched on the old exit number (old_ref); no fuel station with the name within 1.5 mi"
66273,33.995083,-86.082736,osm_fuel,high,node/12302815184,Petro,3.90,name match 0.32 mi from I-59 exit 181 (node/55473965)
66274,41.100854,-114.962333,osm_exit,high,node/138355162,I-80 exit 352,0.97,I-80 exit 352: 3 node(s) within 1.0 mi; no fuel station with the name within 1.5 mi
66284,44.798523,-73.067468,osm_exit,high,node/204536573,I-89 exit 19,1.23,I-89 exit 19: 2 node(s) within 0.5 mi; no fuel station with the name within 1.5 mi
66285,33.607379,-84.295362,osm_exit,high,node/1927233780,I-675 exit 5,0.46,I-675 exit 5: 2 node(s) within 0.7 mi; no fuel station with the name within 1.5 mi
66290,44.943749,-90.439751,osm_exit,high,node/147102899,SR-29 exit 127,0.62,SR-29 exit 127: 2 node(s) within 0.6 mi; no fuel station with the name within 1.5 mi
66292,33.691309,-85.190123,osm_fuel,high,way/225051151,Love's,0.75,name match 0.24 mi from I-20 exit 9 (node/70074303)
66293,34.978805,-85.413898,osm_fuel,medium,way/1305275145,ONE9,0.93,"name match 0.21 mi from I-24 exit 169 (node/68094954); city name ambiguous, exit unique in its area"
66294,42.787161,-84.677620,osm_fuel,high,node/8255967372,Flying J,4.15,name match 1.37 mi from I-69 exit 81 (node/184074103)
66295,42.870560,-87.941303,osm_fuel,high,node/11691932934,Love's,2.23,name match 0.29 mi from I-94/I-41 exit 322 (node/262850058)
66300,35.390041,-89.411052,osm_fuel,high,way/291653928,Pilot,4.96,name match 0.22 mi from I-40 exit 42 (node/457621918)
66310,40.170023,-79.732189,osm_fuel,high,way/220626590,Flying J,1.23,name match 0.11 mi from I-70 exit 49 (node/109326374)
66313,36.758313,-89.540695,osm_fuel,high,node/4445874189,Loves Truck stop (brand Love's),1.49,name match 0.21 mi from I-55 exit 58 (node/191915482)
66314,41.962482,-83.672629,osm_exit,high,node/185315496,US-23 exit 17,0.32,US-23 exit 17: 2 node(s) within 0.4 mi; no fuel station with the name within 1.5 mi
66315,41.649678,-86.894613,osm_fuel,high,way/953827008,Speedway (ref 6748),4.33,name match 0.59 mi from I-94 exit 34 (node/27595420); OSM has the store number
66317,35.724045,-86.319098,osm_fuel,high,way/226609376,Love's,5.27,name match 0.20 mi from I-24 exit 89 (node/203453455)
66318,37.832620,-92.101549,osm_exit,high,node/192550856,I-44 exit 163,2.80,I-44 exit 163: 2 node(s) within 0.4 mi; no fuel station with the name within 1.5 mi
66320,43.007307,-83.072036,osm_fuel,medium,node/7053367511,Speedway,0.72,name match 0.61 mi from I-69 exit 168 (node/184884940); nearest of 2 matching sites
66322,38.155157,-88.910879,osm_fuel,high,node/2382882894,Love's,0.52,name match 0.28 mi from I-57 exit 83 (node/234857108)
66323,46.874732,-113.890603,osm_exit,high,node/44705703,I-90/US-12 exit 109,0.48,I-90 exit 109: 2 node(s) within 0.6 mi; no fuel station with the name within 1.5 mi
66328,32.496434,-82.974895,osm_exit,high,node/70840234,I-16 exit 49,3.81,I-16/SR-404 exit 49: 2 node(s) within 0.5 mi; no fuel station with the name within 1.5 mi
66329,35.108103,-81.605484,osm_fuel,high,way/739481530,Circle K,3.97,name match 0.07 mi from I-85 exit 96 (node/1831592748)
66332,32.423070,-96.658770,osm_exit,high,node/82231304,I-45 exit 258,0.91,I-45 exit 258: 2 node(s) within 0.7 mi; no fuel station with the name within 1.5 mi
66334,37.072521,-88.115399,osm_exit,high,node/166185053,I-24/I-69 exit 40,0.83,I-24/I-69 exit 40: 2 node(s) within 0.7 mi; no fuel station with the name within 1.5 mi
66337,44.350750,-106.685925,osm_exit,high,node/157521744,I-25/US-87 exit 299,1.68,I-25 exit 299: 2 node(s) within 0.5 mi; no fuel station with the name within 1.5 mi
66338,33.164197,-94.996617,osm_fuel,medium,way/546397029,Shell,1.35,name match 0.55 mi from I-30 exit 160 (node/228815051); nearest of 2 matching sites
66342,32.085613,-83.760200,osm_fuel,high,relation/13942553,ONE9,1.64,name match 0.46 mi from I-75 exit 109 (node/68257971)
66346,40.046306,-86.820957,osm_fuel,high,way/267159749,Pilot,4.07,name match 0.37 mi from I-74 exit 39 (node/180620511)
66348,34.928811,-91.112483,osm_exit,high,node/118540400,I-40 exit 221,0.63,I-40 exit 221: 2 node(s) within 0.5 mi; no fuel station with the name within 1.5 mi
66352,44.100361,-88.542282,osm_fuel,high,way/768027037,Kwik Trip (ref 871),5.42,name match 0.17 mi from US-41 exit 124 (node/2031046295); OSM has the store number
66353,37.711973,-89.891586,osm_fuel,high,way/801409407,MotoMart Gas Pumps,1.29,name match 0.17 mi from I-55 exit 129 (node/456994554)
66355,35.139215,-82.104100,osm_fuel,high,way/236633117,Circle K,2.72,name match 0.19 mi from I-26 exit 5 (node/114165857)
66357,41.369766,-89.008951,osm_fuel,high,node/2091337927,Love's,2.02,name match 0.32 mi from I-80 exit 81 (node/860307701)
66362,34.236095,-79.805766,osm_fuel,high,node/11410928766,TA,4.03,name match 0.58 mi from I-95 exit 164 (node/112536096)
66368,42.966660,-76.845074,osm_fuel,high,node/2124257272,Petro (Diesel) (brand Petro),4.35,name match 0.15 mi from I-90 exit 41 (node/213274129)
66369,39.879724,-86.468520,osm_exit,high,node/179811979,I-74 exit 61,0.61,I-74 exit 61: 2 node(s) within 0.4 mi; no fuel station with the name within 1.5 mi
66370,35.695189,-77.939985,osm_fuel,high,node/9389516295,Speedway (ref 6979),2.56,"store number and name match, 2.6 mi from city center (no exit in address)"
66371,31.364080,-92.594459,osm_exit,high,node/533888325,I-49 exit 94,4.82,I-49 exit 94: 2 node(s) within 0.9 mi; no fuel station with the name within 1.5 mi
66372,31.043109,-97.462416,osm_fuel,medium,way/847738806,CEFCO,1.20,name match 0.36 mi from I-35 exit 292 (node/149118864); nearest of 2 matching sites
66377,32.627136,-97.322730,osm_fuel,high,way/504064431,QuikTrip,10.80,name match 0.36 mi from I-35W exit 42 (node/82720823)
66382,40.574464,-93.941767,osm_fuel,high,way/1558883845,Conoco Diesel Pumps (brand Conoco),7.67,name match 0.16 mi from I-35 exit 114 (node/190657150)
66385,32.571824,-93.207571,osm_exit,high,node/124305184,I-20 exit 52,5.01,I-20 exit 52: 2 node(s) within 0.4 mi; no fuel station with the name within 1.5 mi
66386,36.747567,-79.937504,osm_fuel,high,way/982350179,Speedway (ref 4631),2.88,"store number and name match, 2.9 mi from city center (no exit in address)"
66393,40.126526,-87.783419,osm_exit,high,node/962151367,I-74 exit 206,1.18,I-74 exit 206: 2 node(s) within 0.6 mi; no fuel station with the name within 1.5 mi
66396,30.937229,-90.526343,osm_fuel,high,node/12465484801,Circle K,0.70,name match 0.21 mi from I-55 exit 61 (node/1529782368)
66399,33.546434,-86.782962,osm_exit,high,node/56258654,I-20/I-59 exit 128,1.56,I-59/I-20 exit 128: 2 node(s) within 0.5 mi; no fuel station with the name within 1.5 mi
66400,33.623047,-114.437991,osm_exit,high,node/174746294,I-10/US-95 exit 5,2.66,I-10/US-95 exit 5: 2 node(s) within 0.5 mi; no fuel station with the name within 1.5 mi
66404,32.879564,-96.689212,osm_exit,high,node/9789858431,I-635 exit 14,4.01,I-635 exit 14: 2 node(s) within 0.7 mi; no fuel station with the name within 1.5 mi
66405,43.451503,-83.894069,osm_fuel,high,node/8038471969,Flying J,3.84,name match 0.23 mi from I-75 exit 151 (node/185877243)
66406,36.605232,-77.560277,osm_fuel,high,way/224605260,Love's,0.88,name match 0.27 mi from I-95 exit 4 (node/214668461)
66420,47.189967,-114.886804,osm_fuel,high,way/449311908,Exxon (brand Pilot),0.77,name match 0.06 mi from I-90 exit 47 (node/527996327)
66424,33.465664,-112.151326,osm_fuel,medium,way/406556494,Circle K,8.16,name match 0.65 mi from I-10 exit 139 (node/258430029); nearest of 4 matching sites
66425,30.448514,-88.930293,osm_exit,high,node/125107451,I-10 exit 44,1.54,I-10 exit 44: 2 node(s) within 0.4 mi; no fuel station with the name within 1.5 mi
66437,36.109165,-83.338468,osm_fuel,high,way/911947409,Pilot,3.00,name match 0.22 mi from I-81 exit 4 (node/1700711883)
66448,30.500676,-90.503469,osm_exit,medium,node/469233490,I-55 exit 31,2.82,"I-55 exit 31B: 2 node(s) within 0.2 mi, exit letter differs; no fuel station with the name within 1.5 mi"
66449,35.928474,-89.879045,osm_fuel,high,way/1467118264,Citgo,1.51,name match 0.39 mi from I-55 exit 67 (node/117865811)
66465,38.392034,-89.376938,osm_exit,high,node/1436022450,I-64 exit 50,3.37,I-64 exit 50: 2 node(s) within 0.7 mi; no fuel station with the name within 1.5 mi
66470,32.482003,-86.419430,osm_fuel,high,node/11057976634,Circle K,2.97,name match 0.76 mi from I-65 exit 181 (node/55327405)
66472,31.087077,-87.530461,osm_exit,high,node/55465120,I-65 exit 54,5.00,I-65 exit 54: 2 node(s) within 0.7 mi; no fuel station with the name within 1.5 mi
66475,32.685724,-115.379924,osm_fuel,high,node/3766932699,Speedway (ref 4346),6.68,"store number and name match, 6.7 mi from city center (no exit in address)"
66478,39.019141,-95.508418,osm_fuel,high,way/379404861,Love's (ref 175),3.98,"store number and name match, 4.0 mi from city center (I-70 exit 187 not found in OSM within 25 mi)"
66480,37.201840,-85.935407,osm_fuel,high,way/225807863,Love's,2.42,name match 0.33 mi from I-65 exit 58 (node/164276542)
66487,41.802896,-87.825012,osm_fuel,high,way/1055572782,Compass,2.55,name match 0.67 mi from I-55 exit 282 (node/25779254)
66495,30.216045,-93.354394,osm_exit,high,node/114883373,I-10 exit 21,0.96,I-10 exit 21: 2 node(s) within 0.5 mi; no fuel station with the name within 1.5 mi
66496,30.620626,-86.964651,osm_fuel,high,node/2510574993,Exxon,5.20,name match 0.35 mi from I-10/SR-8 exit 31 (node/100474309)
66502,30.246808,-92.659399,osm_exit,high,node/115504806,I-10 exit 64,1.58,I-10 exit 64: 2 node(s) within 0.5 mi; no fuel station with the name within 1.5 mi
66504,29.839693,-94.635844,osm_exit,high,node/223007924,I-10 exit 813,1.39,I-10 exit 813: 1 node(s) within 0.0 mi; no fuel station with the name within 1.5 mi
66509,40.698836,-84.093224,osm_exit,high,node/196086024,I-75 exit 122,3.06,I-75 exit 122: 2 node(s) within 0.4 mi; no fuel station with the name within 1.5 mi
66512,42.007536,-83.317050,osm_fuel,high,node/8421535618,Marathon,0.57,name match 0.20 mi from I-75 exit 21 (node/185326156)
66513,44.247119,-84.232174,osm_exit,high,node/185638290,I-75 exit 212,1.86,I-75 exit 212: 2 node(s) within 0.6 mi; no fuel station with the name within 1.5 mi
66514,30.986137,-83.386058,osm_exit,high,node/6394900298,I-75/SR-7/US-41 exit 29,0.67,I-75 exit 29: 2 node(s) within 0.8 mi; no fuel station with the name within 1.5 mi
66516,31.129919,-83.436560,osm_exit,high,node/1448238601,I-75 exit 39,0.74,I-75 exit 39: 2 node(s) within 0.9 mi; no fuel station with the name within 1.5 mi
66517,46.467253,-84.383418,osm_exit,high,node/184030671,I-75 exit 392,0.87,I-75 exit 392: 2 node(s) within 0.7 mi; no fuel station with the name within 1.5 mi
66523,31.416080,-83.503044,osm_fuel,high,way/225050954,Love's,3.34,name match 0.24 mi from I-75 exit 59 (node/72830146)
66527,40.268474,-103.626790,osm_exit,medium,node/177691294,I-76 exit 90,0.81,"I-76 exit 90A: 2 node(s) within 0.6 mi, exit letter differs; no fuel station with the name within 1.5 mi"
66529,36.117049,-80.814109,osm_exit,medium,node/195966080,I-77 exit 73A,3.26,"I-77 exit 73: 4 node(s) within 0.6 mi, exit letter differs; no fuel station with the name within 1.5 mi"
66531,40.487464,-76.245628,osm_fuel,high,way/1286680730,Exxon,2.35,name match 0.14 mi from I-78 exit 16 (node/473224052)
66532,40.638418,-74.894563,osm_exit,high,node/130138443,I-78/US-22 exit 17,6.10,I-78 exit 17: 2 node(s) within 0.5 mi; no fuel station with the name within 1.5 mi
66534,38.933966,-92.780128,osm_fuel,high,way/554597214,Love's,2.63,name match 0.19 mi from I-70 exit 101 (node/189933264)
66537,41.432503,-90.158638,osm_fuel,high,way/1525697222,BP (operator Becks),1.31,name match 0.10 mi from I-80 exit 19 (node/234802139)
66538,41.438720,-95.612605,osm_fuel,high,node/796574906,Kum & Go,0.97,name match 0.25 mi from I-80 exit 23 (node/160762893)
66547,39.260767,-78.099073,osm_exit,high,node/211093713,I-81 exit 321,0.34,I-81 exit 321: 2 node(s) within 0.6 mi; no fuel station with the name within 1.5 mi
66553,44.778314,-117.809985,osm_exit,high,node/765378912,I-84 exit 304,1.10,I-84 exit 304: 2 node(s) within 0.6 mi; no fuel station with the name within 1.5 mi
66560,34.525738,-82.847003,osm_exit,high,node/109507524,I-85 exit 11,3.93,I-85 exit 11: 2 node(s) within 0.5 mi; no fuel station with the name within 1.5 mi
66562,34.505093,-82.967569,osm_exit,high,node/390997145,I-85 exit 4,1.12,I-85 exit 4: 2 node(s) within 0.4 mi; no fuel station with the name within 1.5 mi
66564,35.920541,-80.000604,osm_fuel,high,node/8917695435,Speedway (ref 6954),4.87,"store number and name match, 4.9 mi from city center (no exit in address)"
66565,42.125097,-79.240136,osm_fuel,high,node/6744903725,Kwik Fill (ref 395),1.91,name match 0.35 mi from I-86 exit 12 (node/211607046); OSM has the store number
66573,37.792598,-97.327866,osm_exit,high,node/122138164,I-135/SR-15/US-81 exit 14,7.11,I-135 exit 14: 2 node(s) within 0.4 mi; no fuel station with the name within 1.5 mi
66579,42.298183,-73.237653,osm_exit,medium,node/488990487,I-90 exit 10 (old exit 2),0.90,"I-90 exit 2: 2 node(s) within 0.4 mi, matched on the old exit number (old_ref); no fuel station with the name within 1.5 mi"
66582,38.953636,-112.347982,osm_exit,high,node/419741751,I-15 exit 163,0.89,I-15 exit 163: 2 node(s) within 0.8 mi; no fuel station with the name within 1.5 mi
66584,36.505363,-114.755876,osm_exit,medium,node/137054181,I-15 exit 75,13.96,I-15 exit 75: 2 node(s) within 0.5 mi; no fuel station with the name within 1.5 mi; 14 mi from the city
66588,43.691691,-98.039722,osm_exit,high,node/79281789,I-90/SR-37 exit 330,2.45,I-90 exit 330: 2 node(s) within 0.7 mi; no fuel station with the name within 1.5 mi
66595,42.131768,-72.053197,osm_exit,medium,node/70960244,I-90 exit 78 (old exit 9),4.27,"I-90 exit 9: 2 node(s) within 0.7 mi, matched on the old exit number (old_ref); no fuel station with the name within 1.5 mi"
66597,32.398260,-82.302742,osm_exit,medium,node/68609930,I-16 exit 90,15.21,I-16 exit 90: 2 node(s) within 0.6 mi; no fuel station with the name within 1.5 mi; 15 mi from the city
66601,40.558202,-85.551111,osm_exit,high,node/179644706,I-69 exit 264 (old exit 64),5.77,I-69 exit 264: 2 node(s) within 0.6 mi; no fuel station with the name within 1.5 mi
66603,43.608666,-96.577022,osm_exit,high,node/462158147,I-90 exit 406,1.14,I-90 exit 406: 2 node(s) within 0.5 mi; no fuel station with the name within 1.5 mi
66606,43.163744,-72.462886,osm_exit,high,node/204957271,I-91 exit 6,2.03,I-91 exit 6: 2 node(s) within 1.0 mi; no fuel station with the name within 1.5 mi
66607,42.911635,-71.367948,osm_exit,high,node/194892196,I-93 exit 5,4.03,I-93 exit 5: 2 node(s) within 0.8 mi; no fuel station with the name within 1.5 mi
66608,45.664872,-94.812795,osm_fuel,medium,way/1132000313,Casey's General Store,0.84,name match 0.27 mi from I-94/US-52 exit 135 (node/527843360); nearest of 2 matching sites
66612,44.388518,-91.005967,osm_exit,high,node/271411993,I-94 exit 105,0.58,I-94 exit 105: 2 node(s) within 0.2 mi; no fuel station with the name within 1.5 mi
66613,30.173003,-93.587719,osm_fuel,high,way/225870549,Love's,1.58,name match 0.22 mi from I-10 exit 7 (node/114877665)
66614,42.336723,-83.123746,osm_fuel,medium,node/7928562129,Marathon,3.38,name match 0.15 mi from I-94 exit 212A (node/2416450500); nearest of 3 matching sites
66615,43.058637,-88.204363,osm_fuel,high,node/13986042788,Kwik Trip,3.99,name match 0.81 mi from I-94 exit 295 (node/232910264)
66622,40.746909,-74.110650,osm_exit,medium,node/103881546+node/1050766023+node/254158328+node/291135305+node/295313000+node/297909641+node/297909668+node/301430917,I-95 exit 15X,3.43,"I-95 exit 15: 8 node(s) within 3.4 mi, midpoint of 8 exit nodes 3.6 mi apart, exit letter differs; no fuel station with the name within 1.5 mi"
66628,32.274072,-81.079780,osm_exit,high,node/1687908557,I-95 exit 5,2.70,I-95 exit 5: 2 node(s) within 0.1 mi; no fuel station with the name within 1.5 mi
66643,36.088083,-89.797724,osm_exit,high,node/192143636,I-55 exit 8,3.62,I-55 exit 8: 2 node(s) within 0.4 mi; no fuel station with the name within 1.5 mi
66645,32.469743,-99.991068,osm_exit,high,node/57654436,I-20/US-84 exit 270,1.17,I-20/US-84 exit 270: 2 node(s) within 0.7 mi; no fuel station with the name within 1.5 mi
66648,33.423906,-86.957787,osm_exit,high,node/968282255,I-20/I-59 exit 113,3.75,I-20 exit 113: 2 node(s) within 0.5 mi; no fuel station with the name within 1.5 mi
66664,42.246811,-91.889613,osm_fuel,medium,node/1781215475,Casey's General Store,1.19,name match 0.31 mi from I-380/SR-27 exit 43 (node/159030546); nearest of 2 matching sites
66670,35.413208,-78.807686,osm_fuel,high,node/6386087748,Speedway (ref 7930),0.23,"store number and name match, 0.2 mi from city center (no exit in address)"
66678,35.508486,-108.828280,osm_exit,high,node/610488018,I-40 exit 16,4.77,I-40 exit 16: 2 node(s) within 0.6 mi; no fuel station with the name within 1.5 mi
66680,32.432156,-91.424772,osm_exit,high,node/115830742,I-20 exit 157,4.06,I-20 exit 157: 2 node(s) within 0.7 mi; no fuel station with the name within 1.5 mi
66689,32.431740,-100.550150,osm_exit,high,node/387222544,I-20 exit 235,1.26,I-20 exit 235: 2 node(s) within 0.6 mi; no fuel station with the name within 1.5 mi
66693,35.111876,-103.336473,osm_exit,high,node/616388717,I-40 exit 356,0.04,I-40 exit 356: 2 node(s) within 0.7 mi; no fuel station with the name within 1.5 mi
66705,33.909154,-98.501813,osm_exit,medium,node/452344090,I-44/US-277/US-281/US-287 exit 1,1.39,I-44 exit 1: 7 node(s) within 1.8 mi; no fuel station with the name within 1.5 mi
66709,34.974314,-85.419289,osm_exit,medium,node/68094954,I-24 exit 169,0.52,"I-24 exit 169: 2 node(s) within 0.2 mi; no fuel station with the name within 1.5 mi; city name ambiguous, exit unique in its area"
66715,40.160163,-104.981594,osm_fuel,high,node/7523861805,7-Eleven,6.30,name match 0.26 mi from I-25/US-87 exit 240 (node/55739414)
66717,42.068277,-104.965528,osm_exit,high,node/482776253,I-25/US-87 exit 80,1.19,I-25/US-87 exit 80: 2 node(s) within 0.8 mi; no fuel station with the name within 1.5 mi
66718,40.660768,-89.649223,osm_exit,high,node/1152322773,I-474 exit 6,6.50,I-474 exit 6: 3 node(s) within 0.7 mi; no fuel station with the name within 1.5 mi
66720,35.398249,-82.504716,osm_exit,medium,node/171704029,I-26/US-25/US-74 exit 44 (old exit 13),5.79,"I-26 exit 13: 2 node(s) within 0.4 mi, matched on the old exit number (old_ref); no fuel station with the name within 1.5 mi"
66721,30.421396,-92.055376,osm_exit,high,node/123731094,I-49/US-167 exit 11,0.69,I-49/US-167 exit 11: 2 node(s) within 0.7 mi; no fuel station with the name within 1.5 mi
66725,38.192930,-85.751251,osm_fuel,high,node/9370970632,Speedway (ref 9662),2.27,"store number and name match, 2.3 mi from city center (no exit in address)"
66728,36.947658,-81.056839,osm_fuel,high,node/7538217608,Circle K,1.79,name match 0.87 mi from I-81/US-52 exit 72 (node/220560998)
66734,33.630248,-84.300706,osm_exit,high,node/67424178,I-675 exit 7,1.57,I-675 exit 7: 2 node(s) within 0.6 mi; no fuel station with the name within 1.5 mi
66742,39.685238,-75.478766,osm_exit,high,node/105208727,I-295 exit 2C,2.98,I-295 exit 2C: 4 node(s) within 0.5 mi; no fuel station with the name within 1.5 mi
66746,34.616553,-92.498815,osm_fuel,high,node/833346145,Casey's (brand Casey's General Store),0.44,name match 0.35 mi from I-30 exit 123 (node/259485041)
66747,42.455585,-88.998114,osm_fuel,high,way/225052242,Love's,2.15,name match 0.31 mi from I-90 exit 3 (node/837270024)
66749,29.970336,-90.325924,osm_exit,medium,node/123693608,I-310 exit 2B-A,1.18,"I-310 exit 2: 2 node(s) within 1.0 mi, exit letter differs; no fuel station with the name within 1.5 mi"
66756,41.027170,-93.789941,osm_fuel,high,way/404804277,Casey's General Store,0.57,name match 0.25 mi from I-35 exit 33 (node/159361794)
66760,33.458372,-80.735532,osm_fuel,high,node/11687451782,Love's,7.95,name match 0.21 mi from I-26 exit 154A (node/413751700)
66761,33.818278,-79.023675,osm_fuel,high,node/2724814156,Speedway (ref 4589),1.84,"store number and name match, 1.8 mi from city center (no exit in address)"
66763,34.966061,-80.061988,osm_fuel,high,node/9408882326,Speedway (ref 7998),0.74,"store number and name match, 0.7 mi from city center (no exit in address)"
66767,34.287662,-88.683242,osm_exit,high,node/276924305,I-22/US-78 exit 87,3.05,I-22/US-78 exit 87: 2 node(s) within 0.6 mi; no fuel station with the name within 1.5 mi
66769,30.793896,-81.666438,osm_fuel,high,node/11332080373,Petro (ref 344),8.22,name match 0.39 mi from I-95 exit 3 (node/706868645); OSM has the store number
66771,26.336091,-98.143015,osm_fuel,high,way/236128108,Flying J,1.39,name match 0.29 mi from I-69C/US-281 exit 8 (node/151240227)
66774,41.591890,-84.043359,osm_exit,high,node/42113663,I-80/I-90 exit 39,1.45,I-80/I-90 exit 39: 2 node(s) within 0.6 mi; no fuel station with the name within 1.5 mi
66778,35.751796,-96.689916,osm_fuel,high,way/159180850,Love's,2.53,name match 1.23 mi from I-44 exit 179 (node/146482645)
66780,31.420688,-87.004662,osm_exit,high,node/54046573,I-65 exit 93,1.89,I-65 exit 93: 2 node(s) within 0.3 mi; no fuel station with the name within 1.5 mi
66786,34.803851,-91.892571,osm_exit,high,node/117599919,I-40 exit 175,1.25,I-40 exit 175: 2 node(s) within 0.5 mi; no fuel station with the name within 1.5 mi
66787,31.360083,-89.349034,osm_fuel,high,way/546213665,Texaco (operator Dandy Dan's),4.10,name match 0.27 mi from I-59 exit 67B (node/300739332)
66788,35.601306,-84.526562,osm_fuel,high,way/1162704436,Circle K,2.99,name match 0.59 mi from I-75 exit 60 (node/203143455)
66793,32.903142,-79.985517,osm_fuel,medium,node/1191274623,Kangaroo Express (brand Circle K),5.24,name match 0.62 mi from I-526 exit 19 (node/411289085); nearest of 2 matching sites
66795,43.665206,-97.594391,osm_exit,high,node/484795142,I-90 exit 353,4.31,I-90 exit 353: 2 node(s) within 0.6 mi; no fuel station with the name within 1.5 mi
66799,30.449143,-82.933499,osm_exit,high,node/444985318,I-75 exit 451 (old exit 85),0.47,I-75/SR-93 exit 451: 2 node(s) within 0.1 mi; no fuel station with the name within 1.5 mi
66801,30.519852,-83.061384,osm_exit,high,node/444985264,I-75 exit 460 (old exit 86),5.97,I-75 exit 460: 2 node(s) within 0.5 mi; no fuel station with the name within 1.5 mi
66804,41.607890,-109.228792,osm_exit,high,node/158162343,I-80/US-191/US-30 exit 104,1.00,I-80 exit 104: 2 node(s) within 0.3 mi; no fuel station with the name within 1.5 mi
66807,32.857052,-96.888477,osm_exit,high,node/3654890702,I-35E exit 436A,8.34,I-35E exit 436A: 4 node(s) within 1.2 mi; no fuel station with the name within 1.5 mi
66812,40.770065,-87.122526,osm_exit,high,node/180022414,I-65 exit 201,0.38,I-65 exit 201: 2 node(s) within 0.6 mi; no fuel station with the name within 1.5 mi
66813,40.485413,-85.549235,osm_exit,high,node/179644552,I-69 exit 259 (old exit 59),2.38,I-69 exit 259: 2 node(s) within 0.7 mi; no fuel station with the name within 1.5 mi
66816,44.597002,-69.613063,osm_exit,high,node/102310622,I-95 exit 132,0.60,I-95 exit 132: 2 node(s) within 0.4 mi; no fuel station with the name within 1.5 mi
66819,41.822720,-89.475531,osm_fuel,high,way/771586679,Road Ranger,1.43,name match 0.32 mi from I-88 exit 54 (node/459409980)
66820,30.296506,-91.911556,osm_exit,high,node/123755021,I-10 exit 109,0.99,I-10 exit 109: 2 node(s) within 0.6 mi; no fuel station with the name within 1.5 mi
66834,40.912933,-89.052977,osm_fuel,high,way/264007968,Road Ranger,0.79,name match 0.28 mi from I-39/US-51 exit 27 (node/658551691)
66843,31.661748,-106.242183,osm_exit,medium,node/1588414592+node/179613010,I-10 exit 37,16.98,"I-10 exit 37: 2 node(s) within 1.6 mi, midpoint of 2 exit nodes 1.6 mi apart; no fuel station with the name within 1.5 mi; 17 mi from the city"
66847,33.605051,-85.835538,osm_exit,high,node/52348395,I-20 exit 185,1.97,I-20 exit 185: 2 node(s) within 0.5 mi; no fuel station with the name within 1.5 mi
66848,34.620355,-89.953405,osm_fuel,high,way/236752246,Circle K,1.76,name match 0.18 mi from I-55 exit 265 (node/282395287)
66854,40.563415,-84.170166,osm_exit,high,node/196372284,I-75 exit 111,1.09,I-75 exit 111: 2 node(s) within 0.3 mi; no fuel station with the name within 1.5 mi
66856,45.368213,-93.978924,osm_exit,high,node/492168441,I-94 exit 183,4.29,I-94 exit 183: 2 node(s) within 0.5 mi; no fuel station with the name within 1.5 mi
66858,33.280250,-111.962264,osm_fuel,high,node/4854438923,Love's,6.38,name match 0.38 mi from I-10 exit 162 (node/317497634)
66862,36.137061,-85.632338,osm_exit,high,node/1118314091,I-40/SR-56 exit 280,1.16,I-40 exit 280: 2 node(s) within 0.4 mi; no fuel station with the name within 1.5 mi
66863,35.753903,-88.516706,osm_exit,medium,node/471722225,I-40 exit 101,6.21,"I-40 exit 101: 2 node(s) within 0.4 mi; no fuel station with the name within 1.5 mi; city name ambiguous, exit unique in its area"
66867,42.044966,-90.666061,osm_exit,high,node/605214926,US-61 exit 156,1.08,US-61 exit 156: 2 node(s) within 0.5 mi; no fuel station with the name within 1.5 mi
66870,41.417564,-84.104936,osm_fuel,high,way/220265880,Petro,1.71,name match 0.30 mi from US-24/US-6/CR-3 exit 41 (node/63105977)
66874,33.593024,-101.841616,osm_fuel,high,way/236129763,Flying J,3.47,name match 0.35 mi from I-27 exit 4 (node/226799772)
66878,45.812488,-108.415795,osm_fuel,high,node/8317060529,Pilot,6.79,name match 0.17 mi from I-90 exit 455 (node/419210551)
66879,35.221618,-92.825933,osm_fuel,high,way/1330230242,TA,7.11,name match 0.32 mi from I-40 exit 101 (node/116720848)
66880,41.022720,-76.315042,osm_exit,high,node/32846638,I-80 exit 242,0.84,I-80 exit 242: 2 node(s) within 0.4 mi; no fuel station with the name within 1.5 mi
66888,42.568702,-113.734011,osm_exit,high,node/130854272,I-84 exit 211,1.55,I-84 exit 211: 2 node(s) within 0.2 mi; no fuel station with the name within 1.5 mi
66892,42.280191,-84.930575,osm_fuel,high,way/224604417,Love's,2.46,name match 0.23 mi from I-94 exit 112 (node/183803086)
66897,32.194688,-86.419639,osm_fuel,high,way/202953953,Flying J Conoco,6.35,name match 0.13 mi from I-65 exit 158 (node/56981577)
66898,37.310675,-77.391841,osm_fuel,high,way/220909444,Pilot,3.40,name match 0.27 mi from I-95 exit 58 (node/209488940)
66899,35.000765,-80.977488,osm_fuel,high,way/225349684,Love's,2.15,name match 0.22 mi from I-77 exit 83 (node/114444992)
66900,34.051062,-86.872140,osm_fuel,high,node/12323068362,Petro,6.23,name match 0.33 mi from I-65 exit 299 (node/55012755)
66906,32.631324,-96.698905,osm_exit,high,node/4375383904,I-45 exit 272,1.05,I-45 exit 272: 2 node(s) within 1.1 mi; no fuel station with the name within 1.5 mi
66908,36.935996,-80.994709,osm_fuel,high,node/6224489917,Circle K,5.31,name match 0.16 mi from I-81 exit 77 (node/220598406)
66911,32.411329,-88.505367,osm_fuel,high,way/225873120,Love's,1.31,name match 0.20 mi from I-20/I-59 exit 165 (node/343967761)
66912,37.725775,-113.051955,osm_fuel,high,way/225054742,Love's Truck Lanes (brand Love's),3.75,name match 0.22 mi from I-15 exit 62 (node/340326432)
66914,35.574678,-78.145927,osm_fuel,high,node/5486357422,Flying J,2.07,name match 0.29 mi from I-95 exit 106 (node/413758474)
66915,36.949779,-80.883999,osm_exit,high,node/220393883,I-81/US-11 exit 84,4.74,I-81 exit 84: 2 node(s) within 0.3 mi; no fuel station with the name within 1.5 mi
66918,41.033663,-89.056538,osm_exit,high,node/528518818,I-39/US-51 exit 35,1.06,I-39 exit 35: 2 node(s) within 0.8 mi; no fuel station with the name within 1.5 mi
66920,35.229919,-80.925235,osm_fuel,high,node/7125266757,7-Eleven,5.51,name match 0.96 mi from I-85 exit 32 (node/172147216)
66921,31.957748,-81.331226,osm_exit,high,node/1685417798,I-95 exit 90 (Old Clyde Road),4.17,I-95/SR-405 exit 90: 2 node(s) within 0.4 mi; no fuel station with the name within 1.5 mi
66922,31.816938,-102.380688,osm_fuel,high,way/211532667,Love's,4.86,name match 0.38 mi from I-20 exit 115 (node/6603859235)
66923,34.227170,-83.499827,osm_fuel,high,node/11684386991,Love's,1.64,name match 0.19 mi from I-85 exit 147 (node/457717826)
66925,34.855984,-81.005682,osm_fuel,high,node/12196955564,Flying J,5.73,name match 0.37 mi from I-77 exit 73 (node/114450280)
66927,38.087354,-83.906506,osm_exit,high,node/167210112,I-64 exit 113,2.75,I-64 exit 113: 2 node(s) within 0.8 mi; no fuel station with the name within 1.5 mi
66928,27.685833,-99.465611,osm_fuel,high,way/229304828,Flying J,8.79,name match 0.47 mi from I-35/US-83 exit 13 (node/344993316)
66929,38.586174,-90.102170,osm_exit,medium,node/237006417,I-255/US-50 exit 17B,2.59,"I-255 exit 17: 4 node(s) within 0.8 mi, exit letter differs; no fuel station with the name within 1.5 mi"
66931,42.173369,-91.778039,osm_fuel,medium,way/1135573374,Casey's General Store,0.73,name match 0.36 mi from I-380 exit 35 (node/160282975); nearest of 2 matching sites
66937,37.981861,-91.718958,osm_fuel,high,way/677336597,Love's,3.38,name match 0.22 mi from I-44 exit 189 (node/192197522)
66941,33.043748,-96.177447,osm_fuel,high,way/268165555,Pilot,3.57,name match 1.04 mi from I-30 exit 87 (node/13895052114)
66942,41.485830,-112.056804,osm_fuel,high,node/8901552985,Maverik,1.41,name match 0.34 mi from I-15 exit 362 (node/433563296)
66944,29.339429,-81.134943,osm_fuel,high,way/224604392,Love's,3.77,name match 0.23 mi from I-95 exit 273 (node/101036728)
66945,37.500132,-77.089756,osm_fuel,high,node/5224067414,Pilot (operator Pilot Travel Center),4.76,name match 0.36 mi from I-64 exit 211 (node/448150229)
66953,38.490571,-85.769942,osm_fuel,high,way/225342534,Love's,0.33,name match 0.23 mi from I-65 exit 16 (node/178995515)
66954,35.082550,-89.948088,osm_exit,high,node/282390066,I-240 exit 21,2.17,I-240 exit 21: 2 node(s) within 0.8 mi; no fuel station with the name within 1.5 mi
66955,32.685846,-114.582802,osm_fuel,high,node/12263053681,Love's,3.65,name match 0.37 mi from I-8 exit 3 (node/320728806)
66957,35.643637,-86.891396,osm_fuel,high,way/226610044,Love's,8.67,name match 0.20 mi from I-65 exit 46 (node/203121414)
66959,32.346112,-88.727800,osm_fuel,high,way/236749236,Pilot,3.45,name match 0.25 mi from I-20/I-59 exit 151 (node/343514261)
66961,28.080050,-81.976978,osm_exit,high,node/359231705,I-4 exit 32 (old exit 18),2.17,I-4 exit 32: 2 node(s) within 0.9 mi; no fuel station with the name within 1.5 mi
66962,39.583911,-85.818321,osm_fuel,high,way/267162879,Pilot,3.40,name match 0.13 mi from I-74 exit 109 (node/181639269)
66963,43.938767,-90.768336,osm_exit,high,node/258489509,I-90 exit 28,2.21,I-90 exit 28: 2 node(s) within 0.6 mi; no fuel station with the name within 1.5 mi
66966,39.621102,-83.613286,osm_fuel,high,way/225055314,Love's,3.53,name match 0.28 mi from I-71 exit 65 (node/197357389)
66972,47.590230,-117.560161,osm_fuel,high,way/218186572,Petro,7.94,name match 0.30 mi from I-90 exit 272 (node/50912300)
66987,33.514160,-82.504103,osm_fuel,high,way/225050855,Love's,3.14,name match 0.28 mi from US-78/I-20 exit 172 (node/71188370)
66995,42.376403,-77.358680,osm_exit,high,node/120106797,I-86 exit 37,3.51,I-86 exit 37: 2 node(s) within 0.5 mi; no fuel station with the name within 1.5 mi
66997,32.582123,-93.249362,osm_fuel,high,way/225869960,Love's Diesel Station (brand Love's),2.90,name match 0.14 mi from I-20 exit 49 (node/124265240)
67008,38.733356,-89.909379,osm_fuel,high,node/2380499668,TA,0.99,name match 0.26 mi from I-55 exit 18 (node/236325809)
67009,43.145176,-93.358920,osm_fuel,high,node/2392294122,Pilot,1.02,name match 0.26 mi from I-35 exit 194 (node/392922625)
67030,43.659781,-93.315315,osm_fuel,high,node/7633978704,Love's,2.47,name match 0.35 mi from I-90/I-35 exit 11 (node/186923010)
67034,41.173340,-83.651876,osm_fuel,high,node/11113139587,Love's,0.98,name match 0.27 mi from I-75 exit 167 (node/454157350)
67037,40.996546,-81.994378,osm_fuel,high,way/225055027,Love's (ref 332),0.71,name match 0.13 mi from I-71 exit 204 (node/198629811); OSM has the store number
67039,38.543317,-90.440590,osm_fuel,high,node/12287648799,Road Ranger,1.16,name match 0.82 mi from I-44 exit 275 (node/9089758432)
67041,44.601790,-69.599148,osm_exit,medium,node/102317537,I-95 exit 133,13.39,I-95 exit 133: 2 node(s) within 0.0 mi; no fuel station with the name within 1.5 mi; 13 mi from the city
67044,33.633759,-113.768818,osm_fuel,high,node/2381608313,Pilot,13.66,name match 0.27 mi from I-10 exit 45 (node/174836552)
67047,43.693661,-98.014827,osm_fuel,high,node/12361099471,Circle K (operator Pilot I-90 Travel Center),2.68,name match 0.20 mi from I-90 exit 332 (node/79281584)
67051,38.484992,-90.756038,osm_exit,high,node/190415674,I-44/US-50 exit 257,0.51,I-44 exit 257: 1 node(s) within 0.0 mi; no fuel station with the name within 1.5 mi
67053,27.690277,-99.459813,osm_exit,high,node/344993316,I-27/I-35/US-83 exit 13,9.15,I-35/US-83 exit 13: 1 node(s) within 0.0 mi; no fuel station with the name within 1.5 mi
67054,40.769855,-111.940788,osm_fuel,high,way/225054893,Love's,0.71,name match 0.41 mi from I-80 exit 118 (node/360516067)
67057,42.497624,-73.674739,osm_fuel,high,node/10170632752,Pilot,4.60,name match 0.53 mi from I-90 exit 12 (node/41751165)
67058,39.910111,-88.893861,osm_exit,high,node/46560329,I-72 exit 144,4.30,I-72 exit 144: 2 node(s) within 0.5 mi; no fuel station with the name within 1.5 mi
67060,46.954162,-122.935328,osm_fuel,high,node/2100738508,Pilot,6.27,name match 0.28 mi from I-5 exit 99 (node/51341043)
67063,29.677176,-98.150733,osm_exit,high,node/150131277,I-35 exit 184,2.63,I-35 exit 184: 2 node(s) within 0.8 mi; no fuel station with the name within 1.5 mi
67064,35.526273,-98.351995,osm_fuel,high,way/226291693,Love's,2.29,name match 0.22 mi from I-40 exit 101 (node/144794136)
67065,32.446083,-93.948764,osm_fuel,high,way/896341241,TA,1.20,name match 0.25 mi from I-20 exit 5 (node/114862074)
67066,41.680425,-92.997572,osm_fuel,high,node/947850836,Love's,2.47,name match 0.29 mi from I-80 exit 168 (node/160063593)
67067,40.077867,-104.648352,osm_fuel,high,node/4182375319,"Love's (Trucks) (brand Love's, operator Love's)",3.04,name match 0.25 mi from I-76/US-6 exit 31 (node/55730131)
67069,39.275407,-103.709749,osm_fuel,high,node/5325322135,Flying J,1.46,name match 0.23 mi from I-70 exit 359 (node/177451684)
67070,36.172049,-86.865291,osm_fuel,high,node/9789250017,Casey's (brand Casey's General Store),4.53,name match 0.21 mi from SR-155N exit 26A (node/202200988)
67071,38.766220,-90.118339,osm_exit,high,node/236322315,I-270/US-66 exit 3 (old exit 3B),3.53,I-270 exit 3: 3 node(s) within 0.6 mi; no fuel station with the name within 1.5 mi
67073,40.964433,-80.139977,osm_fuel,high,way/220625680,Pilot,2.79,name match 0.29 mi from I-79 exit 99 (node/721676271)
67081,33.159849,-84.871287,osm_fuel,high,way/225050448,Love's (ref 376),1.89,name match 0.31 mi from I-85/SR-403 exit 28 (node/73000752); OSM has the store number
67082,39.629092,-77.783880,osm_fuel,high,way/220739418,pilot (brand Pilot),3.28,name match 0.49 mi from I-81 exit 5B (node/616938680)
67085,41.092223,-74.155822,osm_fuel,high,relation/9107525,Pilot (ref 210),0.67,name match 0.94 mi from I-287 exit 66 (node/65643178); OSM has the store number
67086,34.697262,-77.139585,osm_fuel,high,node/9373095979,Speedway (ref 7945),0.39,"store number and name match, 0.4 mi from city center (no exit in address)"
67087,34.439121,-77.880176,osm_fuel,high,way/1015999585,Speedway (ref 8189),0.70,name match 0.44 mi from I-40 exit 408 (node/445994196); OSM has the store number
67088,34.240674,-81.460028,osm_fuel,high,way/1111675875,Pilot,4.34,name match 0.28 mi from I-26 exit 82 (node/113633302)
67091,34.988754,-79.251094,osm_fuel,high,node/9402544206,Speedway (ref 7903),1.32,"store number and name match, 1.3 mi from city center (no exit in address)"
67092,35.834789,-76.765180,osm_fuel,high,way/275611912,Speedway (ref 8288),1.90,"store number and name match, 1.9 mi from city center (no exit in address)"
67095,35.519062,-77.092062,osm_fuel,high,node/2817088468,Speedway (ref 8297),0.61,"store number and name match, 0.6 mi from city center (no exit in address)"
67096,35.018040,-78.903128,osm_fuel,high,way/1019262326,Speedway (ref 6997),5.99,"store number and name match, 6.0 mi from city center (no exit in address)"
67097,35.244057,-77.616783,osm_fuel,high,node/9388525113,Speedway (ref 8298),2.52,"store number and name match, 2.5 mi from city center (no exit in address)"
67101,35.251192,-80.501591,osm_fuel,high,node/9409019420,Speedway (ref 7974),1.61,"store number and name match, 1.6 mi from city center (no exit in address)"
67103,35.846189,-77.050748,osm_fuel,high,node/9380267828,Speedway (ref 8225),0.86,"store number and name match, 0.9 mi from city center (no exit in address)"
67106,37.184855,-77.317840,osm_fuel,high,node/12165022612,Pilot,6.65,name match 0.75 mi from I-295 exit 3A (node/218056691)
67107,33.808091,-79.019072,osm_fuel,high,node/2709715116,Speedway (ref 4595),2.51,"store number and name match, 2.5 mi from city center (no exit in address)"
67108,33.854881,-78.815287,osm_fuel,high,node/2783581861,Speedway (ref 4594),7.46,"store number and name match, 7.5 mi from city center (no exit in address)"
67109,36.689427,-76.608858,osm_fuel,high,node/9275174397,Speedway (ref 4676),1.53,"store number and name match, 1.5 mi from city center (no exit in address)"
67113,43.351372,-89.037740,osm_fuel,high,node/567704701,Columbus West Travel Center,1.08,name match 0.41 mi from US-151 exit 118 (node/53842188)
67114,41.078730,-87.868367,osm_fuel,high,way/251859826,Speedway (ref 1415),1.60,"store number and name match, 1.6 mi from city center (I-57 exit 306 not found in OSM within 25 mi)"
67115,35.048648,-85.626294,osm_exit,high,node/203088926,I-24 exit 155,1.39,I-24/SR-27 exit 155: 2 node(s) within 0.5 mi; no fuel station with the name within 1.5 mi
67120,30.376699,-83.298246,osm_fuel,high,way/224604104,Love's,2.54,name match 0.36 mi from I-10/CR-255 exit 262 (node/298770939)
67121,42.385194,-75.180473,osm_exit,high,node/213176628,I-88 exit 12,0.53,I-88 exit 12: 2 node(s) within 0.5 mi; no fuel station with the name within 1.5 mi
67125,41.173198,-80.569315,osm_fuel,high,way/220784541,Unleaded & Diesel (brand Love's),1.07,name match 0.19 mi from I-80 exit 234 (node/200039834)
67126,35.677861,-88.787586,osm_exit,high,node/203018757,I-40/US-412 exit 85,3.10,I-40 exit 85: 2 node(s) within 0.9 mi; no fuel station with the name within 1.5 mi
67127,34.366841,-86.893529,osm_fuel,high,way/220388750,Love's,1.15,name match 0.30 mi from I-65 exit 322 (node/1714708795)
67129,39.364604,-101.032902,osm_fuel,high,node/1022121200,Pilot,1.51,name match 0.13 mi from I-70 exit 54 (node/122997104)
67130,41.457600,-88.192501,osm_fuel,high,way/144058519,Pilot Travel Center (brand Pilot),4.37,name match 0.22 mi from I-55 exit 248 (node/29411390)
67133,41.099072,-114.960735,osm_fuel,high,way/220070309,Love's,1.04,name match 0.15 mi from I-80 exit 352 (node/138355162)
67137,40.931320,-117.804829,osm_fuel,high,way/1161850961,Pilot Flying J,4.77,name match 0.17 mi from I-80 exit 173 (node/137813586)
67139,38.693682,-84.933622,osm_exit,high,node/163698998,I-71 exit 55,1.49,I-71 exit 55: 2 node(s) within 0.7 mi; no fuel station with the name within 1.5 mi
67140,42.306058,-93.569411,osm_exit,high,node/159786897,I-35 exit 133,0.70,I-35 exit 133: 2 node(s) within 0.6 mi; no fuel station with the name within 1.5 mi
67141,41.696049,-92.721588,osm_exit,high,node/160778526,I-80 exit 182,2.71,I-80 exit 182: 2 node(s) within 0.6 mi; no fuel station with the name within 1.5 mi
67150,42.006098,-93.592385,osm_exit,high,node/161106204,US-30 exit 150,2.04,US-30 exit 150: 2 node(s) within 0.5 mi; no fuel station with the name within 1.5 mi
67151,41.517557,-93.102492,osm_fuel,high,way/491480732,Casey's General Store,0.12,name match 0.50 mi from SR-163 exit 29 (node/160014657)
67155,38.970569,-89.136441,osm_fuel,high,node/4743143943,Pilot,1.41,name match 0.18 mi from I-70 exit 61 (node/234396649)
67158,39.566374,-119.491626,osm_exit,medium,node/384248410,I-80 exit 32,11.92,I-80 exit 32: 2 node(s) within 0.5 mi; no fuel station with the name within 1.5 mi; 12 mi from the city
67160,38.760443,-81.696384,osm_exit,high,node/944765405,I-77 exit 132,4.28,I-77 exit 132: 2 node(s) within 0.5 mi; no fuel station with the name within 1.5 mi
67162,41.698423,-92.358965,osm_fuel,high,node/2689261965,pilot (brand Pilot),4.99,name match 0.22 mi from I-80 exit 201 (node/160770035)
67163,40.517475,-76.111503,osm_fuel,high,way/645515149,Love's,7.29,name match 0.19 mi from I-78 exit 23 (node/473220737)
67164,39.255665,-112.116115,osm_fuel,high,way/235915986,Eagles Landing Flying J Diesel Lanes (brand Flying J),0.77,name match 0.37 mi from I-15 exit 188 (node/419798254)
67165,40.020984,-79.082493,osm_exit,high,node/148780506,I-70/I-76 exit 110 (Somerset),1.13,I-76 exit 110: 2 node(s) within 0.1 mi; no fuel station with the name within 1.5 mi
67167,44.044595,-116.975973,osm_fuel,high,way/1317725115,Love's RV (brand Love's),1.33,name match 0.26 mi from I-84 exit 374 (node/766013002)
67168,38.947993,-99.560852,osm_fuel,high,node/12251002348,Love's,0.95,name match 0.23 mi from I-70 exit 145 (node/120025619)
67170,30.396246,-83.361322,osm_exit,high,node/298801838,I-10 exit 258 (old exit 37),6.06,I-10 exit 258: 2 node(s) within 0.6 mi; no fuel station with the name within 1.5 mi
67174,43.038558,-92.679638,osm_exit,high,node/159649888,SR-27/US-18/US-218 exit 218,1.83,US-218 exit 218: 2 node(s) within 0.8 mi; no fuel station with the name within 1.5 mi
67220,42.971449,-89.513428,osm_fuel,medium,way/675830432,Kwik Trip,1.89,name match 0.42 mi from US-18 exit 79 (node/53334675); nearest of 2 matching sites
67221,43.989421,-88.585747,osm_fuel,medium,way/899058639,Kwik Trip,2.61,name match 0.24 mi from I-41/US-41 exit 116 (node/472637075); a site of another store set aside
67223,45.473976,-91.754292,osm_fuel,medium,node/6010008672,Kwik Trip,0.69,name match 0.40 mi from US-53 exit 140 (node/269946645); nearest of 2 matching sites
67226,43.922963,-91.245242,osm_fuel,high,node/7178523488,Kwik Trip (ref 494),3.07,"store number and name match, 3.1 mi from city center (no exit in address)"
67242,36.279440,-80.825646,osm_fuel,high,node/9414286332,Speedway (ref 6940),1.63,name match 0.24 mi from I-77 exit 85 (node/173424051); OSM has the store number
67243,34.724744,-114.315537,osm_fuel,high,way/264993831,Love's RV Lanes (brand Love's),15.54,name match 0.41 mi from I-40 exit 9 (node/174731851)
67245,33.843459,-79.087234,osm_fuel,high,node/2738902947,Speedway (ref 4582),2.27,"store number and name match, 2.3 mi from city center (no exit in address)"
67246,34.762752,-77.486381,osm_fuel,high,node/9375053780,Speedway (ref 7941),5.74,"store number and name match, 5.7 mi from city center (no exit in address)"
67248,35.725873,-78.581499,osm_fuel,high,way/676930047,Speedway (ref 6962),3.13,name match 0.35 mi from I-40 exit 303 (node/195401765); OSM has the store number
67255,31.190446,-90.485819,osm_fuel,high,way/225872641,Love's,3.83,name match 0.14 mi from I-55 exit 13 (node/1531350915)
67262,33.591431,-86.157969,osm_exit,high,node/63879824,I-20 exit 165,1.90,I-20 exit 165: 2 node(s) within 0.5 mi; no fuel station with the name within 1.5 mi
67269,41.228282,-75.492205,osm_exit,high,node/162097043,I-380 exit 13,2.89,I-380 exit 13: 2 node(s) within 0.6 mi; no fuel station with the name within 1.5 mi
67273,34.295924,-81.549995,osm_exit,high,node/403387899,I-26 exit 76,3.08,I-26 exit 76: 2 node(s) within 0.6 mi; no fuel station with the name within 1.5 mi
67274,42.483322,-91.470206,osm_fuel,high,node/8206019385,Kwik Star,0.73,name match 1.24 mi from US-20 exit 275 (node/1772806629)
67279,39.452928,-85.628958,osm_exit,high,node/179154612,I-74/US-421 exit 123,1.71,I-74 exit 123: 2 node(s) within 0.1 mi; no fuel station with the name within 1.5 mi
67282,39.913784,-77.669391,osm_fuel,high,way/473674111,"Rutters (brand Rutter's, ref 65)",1.42,name match 1.13 mi from I-81 exit 14 (node/1593692023); OSM has the store number
67283,36.177245,-85.949032,osm_fuel,high,way/1155116129,Pilot,1.15,name match 0.18 mi from I-40 exit 258 (node/203630592)
67284,41.102925,-100.723378,osm_fuel,high,way/225057381,Love's,2.07,name match 0.23 mi from I-80 exit 179 (node/135022969)
67285,42.668918,-93.458779,osm_exit,high,node/159667121,I-35 exit 159,2.32,I-35 exit 159: 2 node(s) within 0.7 mi; no fuel station with the name within 1.5 mi
67292,33.933838,-86.190764,osm_fuel,high,node/12262904376,Love's,0.53,name match 0.12 mi from I-59 exit 174 (node/61388126)
67294,44.984961,-73.457972,osm_exit,high,node/211838215,I-87 exit 42,1.27,I-87 exit 42: 2 node(s) within 0.5 mi; no fuel station with the name within 1.5 mi
67296,36.381106,-114.896476,osm_fuel,high,way/225364820,Love's Truck Lanes (brand Love's),22.87,name match 0.30 mi from I-15 exit 64 (node/137059279)
67297,32.516334,-98.362993,osm_exit,high,node/236045096,I-20 exit 370,2.03,I-20 exit 370: 2 node(s) within 0.6 mi; no fuel station with the name within 1.5 mi
67298,39.949911,-83.382811,osm_fuel,high,way/221788337,Speedway (ref 5360),4.94,"store number and name match, 4.9 mi from city center (no exit in address)"
67302,43.661813,-94.732409,osm_fuel,high,node/1345343848,Kum & Go,0.54,name match 0.21 mi from I-90 exit 87 (node/187440358)
67303,42.669527,-96.664712,osm_fuel,high,way/779259350,Kum & Go,1.14,name match 0.18 mi from I-29 exit 15 (node/380545523)
67304,43.403160,-95.717067,osm_exit,high,node/442752221,SR-60 exit 51,1.31,SR-60 exit 51: 2 node(s) within 0.5 mi; no fuel station with the name within 1.5 mi
67305,32.447946,-93.984784,osm_exit,high,node/114877221,I-20 exit 3,6.17,I-20 exit 3: 2 node(s) within 0.5 mi; no fuel station with the name within 1.5 mi
67307,43.031756,-83.354678,osm_exit,high,node/184879355,I-69 exit 153,1.69,I-69 exit 153: 2 node(s) within 0.7 mi; no fuel station with the name within 1.5 mi
67312,37.240897,-89.563143,osm_fuel,high,way/511344581,Rhodes Travel Center,1.80,name match 0.27 mi from I-55 exit 91 (node/193183322)
67321,34.352127,-89.915698,osm_fuel,high,way/225871186,Love's,2.21,name match 0.24 mi from I-55 exit 246 (node/282396349)
67322,34.315984,-88.791113,osm_fuel,high,way/225873290,Love's,4.59,name match 0.15 mi from US-78 exit 81 (node/276927532)
67325,31.420688,-87.004662,osm_exit,high,node/54046573,I-65 exit 93,1.89,I-65 exit 93: 2 node(s) within 0.3 mi; no fuel station with the name within 1.5 mi
67329,34.504705,-82.960751,osm_fuel,high,node/10842785603,Love's,1.50,name match 0.17 mi from I-85 exit 4 (node/390997145)
67331,33.278764,-87.099515,osm_fuel,high,way/218492796,Love's,4.53,name match 0.17 mi from I-20/I-59 exit 100 (node/64211234)
67335,35.486530,-86.071056,osm_exit,high,node/202098406,I-24 exit 111,1.55,I-24 exit 111: 3 node(s) within 0.6 mi; no fuel station with the name within 1.5 mi
67336,28.519294,-98.179079,osm_exit,high,node/310825704,I-37 exit 72,3.62,I-37 exit 72: 2 node(s) within 0.9 mi; no fuel station with the name within 1.5 mi
67337,42.871484,-87.933042,osm_fuel,medium,way/437700457,Kwik Trip,1.81,name match 0.34 mi from I-94 exit 322 (node/262850058); nearest of 2 matching sites
67340,40.076591,-86.901212,osm_fuel,high,node/13931218800,McClure Oil,2.46,name match 0.34 mi from I-74 exit 34 (node/1901795023)
67341,42.070739,-91.326420,osm_exit,high,node/160158488,US-151 exit 49,3.72,US-151 exit 49: 2 node(s) within 0.6 mi; no fuel station with the name within 1.5 mi
67342,37.234588,-80.236646,osm_exit,high,node/613340502,I-81 exit 128,1.40,I-81 exit 128: 2 node(s) within 0.3 mi; no fuel station with the name within 1.5 mi
67344,34.051891,-86.869051,osm_fuel,high,node/2503437280,Shell,6.05,name match 0.18 mi from I-65 exit 299 (node/55012755)
67345,33.935460,-86.191460,osm_exit,high,node/61388126,I-59 exit 174,0.41,I-59 exit 174: 2 node(s) within 0.4 mi; no fuel station with the name within 1.5 mi
67348,41.914390,-80.570368,osm_fuel,high,node/14017725770,Love's,0.90,name match 0.31 mi from I-90 exit 241 (node/196225961)
67356,42.137869,-72.625483,osm_fuel,high,node/2569267368,Pride,4.65,name match 1.37 mi from I-91 exit 8 (node/70172648)
67357,46.832077,-96.844879,osm_fuel,high,way/225056492,Love's (ref 353),2.37,name match 0.22 mi from I-29 exit 62 (node/75125922); OSM has the store number
67359,43.155838,-112.388930,osm_exit,high,node/126725075,I-15 exit 89,3.42,I-15 exit 89: 2 node(s) within 0.4 mi; no fuel station with the name within 1.5 mi
67360,31.391016,-81.449984,osm_exit,high,node/71244641,I-95 exit 49 (Darien),3.62,I-95/SR-405 exit 49: 2 node(s) within 0.8 mi; no fuel station with the name within 1.5 mi
67362,35.175229,-103.103942,osm_fuel,high,node/13401860214,TA,13.85,name match 0.35 mi from I-40 exit 369 (node/471571347)
67364,43.058637,-88.204363,osm_fuel,high,node/13986042788,Kwik Trip,3.99,name match 0.81 mi from I-94 exit 295 (node/232910264)
67366,42.944627,-88.110935,osm_fuel,high,way/1039575835,Kwik Trip,2.10,name match 0.34 mi from I-43 exit 57 (node/232917568)
67368,43.529156,-89.490357,osm_exit,high,node/53837526,I-39 exit 87,1.84,I-39 exit 87: 2 node(s) within 0.6 mi; no fuel station with the name within 1.5 mi
67369,42.610619,-87.952044,osm_exit,high,node/231277322,I-41/I-94/US-41 exit 340,4.00,I-94 exit 340: 2 node(s) within 0.6 mi; no fuel station with the name within 1.5 mi
67371,33.828354,-93.398748,osm_exit,high,node/117936932,I-30 exit 46,1.72,I-30 exit 46: 2 node(s) within 0.6 mi; no fuel station with the name within 1.5 mi
67380,40.738829,-114.039627,osm_exit,high,node/1468911485,I-80 exit 1,1.27,I-80 exit 1: 1 node(s) within 0.0 mi; no fuel station with the name within 1.5 mi
67391,40.812811,-96.788831,osm_fuel,high,way/210507025,Shoemakers Truck Station (brand Shell),5.96,name match 0.50 mi from I-80 exit 395 (node/135069256)
67393,33.431113,-112.592198,osm_fuel,high,way/223537901,Love's,2.85,name match 0.38 mi from I-10 exit 114 (node/312681892)
67395,41.647691,-91.115055,osm_fuel,high,way/1002861972,Kum & Go,8.49,name match 0.21 mi from I-80 exit 267 (node/159285455)
67397,41.376794,-88.784183,osm_exit,high,node/940882819,I-80 exit 93,2.57,I-80 exit 93: 2 node(s) within 0.6 mi; no fuel station with the name within 1.5 mi
67401,32.631606,-96.701987,osm_fuel,high,way/401053411,QuikTrip,0.93,name match 0.18 mi from I-45 exit 272 (node/4375383904)
67405,41.157335,-104.356357,osm_exit,high,node/477226034,I-80/US-30 exit 386,2.32,I-80 exit 386: 2 node(s) within 0.7 mi; no fuel station with the name within 1.5 mi
67406,40.364218,-78.434060,osm_exit,high,node/479696029,I-99/US-220 exit 23,0.65,I-99 exit 23: 2 node(s) within 0.9 mi; no fuel station with the name within 1.5 mi
67411,38.342320,-104.623454,osm_fuel,high,way/224603773,Love's,5.10,name match 0.32 mi from I-25 exit 104 (node/5499204041)
67414,45.860901,-95.423425,osm_fuel,high,way/265726035,Shell (operator Pilot Flying J),2.50,name match 0.38 mi from I-94 exit 100 (node/501218060)
67417,33.461393,-112.167502,osm_fuel,high,way/239915920,QuikTrip,8.86,name match 0.33 mi from I-10 exit 139 (node/258430029)
67418,41.482268,-91.550847,osm_exit,high,node/411888577,SR-27/US-218 exit 80,1.11,US-218/SR-27 exit 80: 2 node(s) within 0.6 mi; no fuel station with the name within 1.5 mi
67419,34.118855,-84.742622,osm_fuel,high,way/756613780,Love's,4.63,name match 0.35 mi from I-75 exit 283 (node/330753361)
67420,35.991892,-87.488674,osm_fuel,high,node/12167312036,Love's,8.32,name match 0.22 mi from I-40 exit 163 (node/471844962)
67422,41.694046,-91.657827,osm_exit,high,node/160088441,I-80 exit 237,0.80,I-80 exit 237: 2 node(s) within 0.8 mi; no fuel station with the name within 1.5 mi
67423,35.376555,-97.048363,osm_exit,high,node/1743359365,I-40/SR-3/US-270 exit 178,5.20,I-40 exit 178: 2 node(s) within 0.7 mi; no fuel station with the name within 1.5 mi
67424,26.088311,-80.209827,osm_exit,medium,node/3396998041+node/3396998064+node/3396998071+node/495307323+node/528606213+node/528821108,I-595 exit 8;9A;9B (old exit 8),5.36,"I-595/SR-84 exit 9: 6 node(s) within 2.0 mi, midpoint of 6 exit nodes 2.0 mi apart, exit letter differs; no fuel station with the name within 1.5 mi"
67428,40.591814,-74.235720,osm_exit,high,node/288985413,I-95 exit 12,0.70,I-95 exit 12: 4 node(s) within 0.6 mi; no fuel station with the name within 1.5 mi
67434,39.751841,-94.214973,osm_fuel,high,way/412173099,Shell,1.07,name match 0.28 mi from I-35 exit 54 (node/190191064)
67436,40.058077,-77.480912,osm_exit,high,node/111300296,I-81 exit 29,2.33,I-81 exit 29: 2 node(s) within 0.3 mi; no fuel station with the name within 1.5 mi
67437,43.039021,-71.302186,osm_exit,high,node/4309177060,SR-101 exit 3,2.98,SR-101 exit 3: 2 node(s) within 0.8 mi; no fuel station with the name within 1.5 mi
67438,29.268297,-82.197974,osm_fuel,high,way/1033376811,Love's,6.88,name match 0.38 mi from I-75 exit 358 (node/447888634)
67440,39.540432,-79.988221,osm_exit,high,node/703646039,I-79 exit 146,7.06,I-79 exit 146: 2 node(s) within 0.6 mi; no fuel station with the name within 1.5 mi
67442,35.544613,-84.565659,osm_fuel,high,node/10147552810,Pilot (operator Pilot Flying J),2.09,name match 0.23 mi from I-75 exit 56 (node/202959041)
67443,35.232954,-85.826188,osm_fuel,high,node/11211834817,Pilot,1.37,name match 0.23 mi from I-24 exit 135 (node/509896602)
67613,42.470139,-92.447122,osm_fuel,high,node/3951969431,Kwik Star (ref 490),3.40,name match 0.42 mi from US-20 exit 225 (node/389308878); OSM has the store number
67616,44.288848,-88.477281,osm_fuel,high,way/642410177,Kwik Trip (ref 887),4.46,name match 0.64 mi from US-41 exit 139 (node/231773487); OSM has the store number
67617,36.346009,-86.927108,osm_exit,high,node/303454672,I-24 exit 31,4.12,I-24 exit 31: 2 node(s) within 0.6 mi; no fuel station with the name within 1.5 mi
67620,34.708184,-97.242022,osm_fuel,high,way/319313635,Love's,1.03,name match 0.31 mi from I-35 exit 70 (node/1022880756)
67621,47.475348,-111.356583,osm_exit,high,node/314363329,I-15 exit 277,3.24,I-15 exit 277: 2 node(s) within 0.5 mi; no fuel station with the name within 1.5 mi
67622,46.604230,-122.907754,osm_fuel,high,way/705008098,Love's (ref 454),4.96,name match 0.21 mi from I-5/US-12 exit 72 (node/48828504); OSM has the store number
67623,47.710864,-117.003932,osm_fuel,high,way/223313114,Love's,2.96,name match 0.31 mi from I-90 exit 2 (node/129647187)
67624,39.740724,-104.434336,osm_fuel,high,way/224603696,Love's,0.31,name match 0.27 mi from I-70 exit 304 (node/175854006)
67625,30.749489,-85.382180,osm_fuel,high,node/12262894838,Love's Gas (Trucks),2.94,name match 0.24 mi from I-10 exit 130 (node/446143790)
67627,28.874081,-82.090307,osm_fuel,high,way/787215718,Pilot,6.89,name match 0.42 mi from I-75 exit 329 (node/7061416624)
67628,41.143846,-87.260876,osm_fuel,high,way/225342474,Love's,5.12,name match 0.34 mi from I-65 exit 230 (node/180025185)
67629,45.217695,-93.597848,osm_fuel,high,way/757330285,Kwik Trip,4.64,name match 0.10 mi from I-94 exit 205 (node/489794720)
67635,41.537470,-83.465944,osm_fuel,high,way/223010495,Love's,9.22,name match 0.24 mi from I-280 exit 1B (node/200585174)
67636,38.572803,-95.265010,osm_fuel,high,node/2341493516,Love's,1.76,name match 0.34 mi from I-35 exit 183 (node/514079890)
67643,36.241876,-80.818712,osm_exit,high,node/195910758,I-77 exit 82,0.95,I-77 exit 82: 2 node(s) within 0.4 mi; no fuel station with the name within 1.5 mi
67652,39.054715,-94.790654,osm_exit,medium,node/5460378351,I-435 exit 8B,5.37,"I-435 exit 8: 4 node(s) within 1.2 mi, exit letter differs; no fuel station with the name within 1.5 mi"
67655,30.230818,-89.805898,osm_fuel,high,node/9590278727,Circle K,4.24,name match 1.42 mi from I-10 exit 261 (node/123855695)
67658,42.747524,-76.135290,osm_fuel,high,node/3622770297,Mirabito,3.72,name match 0.13 mi from I-81 exit 13 (node/212014362)
67666,35.590359,-97.435517,osm_exit,high,node/147496185,I-35/I-44/SR-66 exit 137,9.58,I-44 exit 137: 2 node(s) within 0.2 mi; no fuel station with the name within 1.5 mi
67676,34.265373,-92.105223,osm_exit,high,node/117395169,I-530/US-65 exit 34,0.73,I-530/US-65 exit 34: 2 node(s) within 0.5 mi; no fuel station with the name within 1.5 mi
67683,40.848423,-99.984919,osm_fuel,high,node/8805633254,Casey's General Store,0.89,name match 0.36 mi from I-80 exit 222 (node/133865628)
67684,42.183745,-93.570575,osm_exit,high,node/161092021,I-35 exit 124,0.85,I-35 exit 124: 2 node(s) within 0.6 mi; no fuel station with the name within 1.5 mi
67685,41.888214,-91.675008,osm_fuel,high,way/744225584,Casey's General Store (operator Casey's),5.25,name match 0.29 mi from I-380/US-218 exit 13 (node/160292637)
67686,38.145307,-97.421219,osm_fuel,medium,way/657908311,Casey's General Store,0.48,name match 0.16 mi from I-315/US-81 exit 40 (node/120518330); nearest of 2 matching sites
67695,38.184276,-83.549501,osm_exit,high,node/168073334,I-64 exit 133,5.47,I-64 exit 133: 2 node(s) within 0.8 mi; no fuel station with the name within 1.5 mi
67697,34.071685,-79.947069,osm_exit,high,node/1808382563,I-95 exit 150,4.26,I-95 exit 150: 2 node(s) within 0.6 mi; no fuel station with the name within 1.5 mi
67699,32.563929,-92.913020,osm_exit,high,node/470378766,I-20 exit 69,1.03,I-20 exit 69: 2 node(s) within 0.4 mi; no fuel station with the name within 1.5 mi
67701,46.875981,-97.209425,osm_fuel,high,way/125941467,Marathon,1.42,name match 0.23 mi from I-94 exit 331 (node/75139047)
67702,28.320989,-82.502671,osm_fuel,high,way/427643373,Speedway (ref 6539),8.52,"store number and name match, 8.5 mi from city center (no exit in address)"
67703,27.886067,-82.700723,osm_fuel,high,node/2606139608,Speedway (ref 6880),7.76,"store number and name match, 7.8 mi from city center (no exit in address)"
67706,40.674625,-74.198938,osm_fuel,high,node/9241674442,Speedway (ref 3495),0.64,"store number and name match, 0.6 mi from city center (no exit in address)"
67707,40.632419,-74.238312,osm_fuel,high,node/9239349490,Speedway (ref 3503),0.37,name match 1.30 mi from I-95 exit 13 (node/1032740641); OSM has the store number
67715,35.387432,-99.405648,osm_exit,medium,node/144678246,I-40/SR-34 exit 38,1.31,I-40 exit 38: 2 node(s) within 0.5 mi; the fuel station with the name there is held by another OPIS station
67720,34.194265,-80.279721,osm_exit,high,node/113399237,I-20 exit 116,2.57,I-20 exit 116: 2 node(s) within 0.1 mi; no fuel station with the name within 1.5 mi
67724,37.276106,-93.111821,osm_fuel,high,node/12260528167,Love's,0.61,name match 0.27 mi from I-44 exit 88 (node/190574426)
67726,35.606871,-77.429974,osm_fuel,high,way/631721386,Speedway (ref 7909),3.16,name match 0.47 mi from US-264 exit 73 (node/7003631832); OSM has the store number
67727,35.626286,-77.328273,osm_fuel,high,node/9384576209,Speedway (ref 7907),3.35,"store number and name match, 3.3 mi from city center (no exit in address)"
67728,35.311528,-77.159973,osm_fuel,high,node/9377524507,Speedway (ref 7905),0.61,"store number and name match, 0.6 mi from city center (no exit in address)"
67729,35.978247,-77.789926,osm_fuel,high,node/9391943837,Speedway (ref 6981),1.23,"store number and name match, 1.2 mi from city center (no exit in address)"
67736,31.518389,-106.132264,osm_fuel,high,way/1199663149,Speedway,0.82,name match 0.18 mi from I-10 exit 49 (node/179614287)
67742,31.984995,-102.035740,osm_exit,high,node/227154271,I-20 exit 138,5.31,I-20 exit 138: 1 node(s) within 0.0 mi; no fuel station with the name within 1.5 mi
67745,26.212292,-98.345003,osm_exit,high,node/315010315,I-2/US-83 exit 134,1.35,I-2 exit 134: 2 node(s) within 1.3 mi; no fuel station with the name within 1.5 mi
67748,31.820305,-102.375467,osm_exit,high,node/6603859235,I-20 exit 115,4.52,I-20 exit 115: 2 node(s) within 0.8 mi; no fuel station with the name within 1.5 mi
67749,31.966525,-102.099459,osm_exit,high,node/923952274,I-20/SR-158/SR-349 exit 134,4.10,I-20 exit 134: 2 node(s) within 0.7 mi; no fuel station with the name within 1.5 mi
67755,32.894996,-79.923827,osm_fuel,high,way/1419246749,Blue Water,5.43,name match 1.13 mi from I-526 exit 23 (node/921240681)
67757,32.394695,-88.582852,osm_exit,high,node/125585263,I-20/I-59 exit 160,6.26,I-59/I-20 exit 160: 2 node(s) within 0.4 mi; no fuel station with the name within 1.5 mi
67772,31.602836,-90.462657,osm_fuel,medium,node/6557769586,Shell Truck Stop (brand Shell),1.91,name match 0.23 mi from I-55 exit 42 (node/280667337); nearest of 2 matching sites
67777,30.408866,-81.657296,osm_exit,high,node/96570576,I-95 exit 358B (old exit 124B),4.98,I-95 exit 358B: 4 node(s) within 0.3 mi; no fuel station with the name within 1.5 mi
67782,35.568756,-82.955134,osm_exit,high,node/276830830,I-40 exit 24,6.25,I-40 exit 24: 2 node(s) within 0.4 mi; no fuel station with the name within 1.5 mi
67787,31.909420,-102.219277,osm_exit,medium,node/227128153,I-20 exit 126,10.09,I-20 exit 126: 1 node(s) within 0.0 mi; no fuel station with the name within 1.5 mi; 10 mi from the city
67791,36.505922,-82.436202,osm_exit,high,node/1705569345,I-81 exit 63,6.02,I-81 exit 63: 2 node(s) within 0.5 mi; no fuel station with the name within 1.5 mi
67793,41.041654,-93.790605,osm_exit,high,node/159362797,I-35 exit 34,0.51,I-35 exit 34: 2 node(s) within 0.5 mi; no fuel station with the name within 1.5 mi
67794,39.718427,-89.644063,osm_exit,high,node/989510084,I-55/US-66 exit 90,5.02,I-55 exit 90: 2 node(s) within 0.6 mi; no fuel station with the name within 1.5 mi
67795,41.378987,-88.776399,osm_fuel,high,node/9849198661,Road Ranger,2.99,name match 0.29 mi from I-80 exit 93 (node/940882819)
67801,39.302754,-84.485135,osm_fuel,medium,way/204077975,Sunoco,11.29,name match 0.85 mi from I-275 exit 42 (node/248111538); nearest of 2 matching sites
67813,40.336254,-88.759601,osm_exit,high,node/261229333,I-74 exit 149,0.23,I-74 exit 149: 2 node(s) within 0.7 mi; no fuel station with the name within 1.5 mi
67815,39.616040,-86.477995,osm_fuel,high,way/229464672,Love's,5.89,name match 0.22 mi from I-70 exit 59 (node/179819703)
67818,34.656920,-92.413553,osm_fuel,high,way/893136393,Love's,5.67,name match 0.33 mi from I-30/US-67/US-70 exit 128 (node/118906784)
67823,35.673579,-90.552605,osm_exit,high,node/476606602,I-555 exit 29,1.51,I-555/US-63 exit 29: 2 node(s) within 0.6 mi; no fuel station with the name within 1.5 mi
67842,44.037044,-75.910988,osm_fuel,high,node/3741240143,Circle K,4.41,name match 0.22 mi from I-81 exit 48 (node/212401304)
67847,42.465528,-91.473494,osm_exit,high,node/1772806629,US-20 exit 275,1.63,US-20 exit 275: 2 node(s) within 0.7 mi; no fuel station with the name within 1.5 mi
67848,32.980242,-86.685295,osm_fuel,high,way/1527998490,Exxon,2.85,name match 0.22 mi from I-65 exit 219 (node/52548764)
67850,37.933965,-79.226877,osm_exit,high,node/218752483,I-64/I-81 exit 205,0.40,I-64/I-81 exit 205: 2 node(s) within 0.4 mi; no fuel station with the name within 1.5 mi
67855,38.009979,-84.204541,osm_exit,high,node/162987239,I-64 exit 94,0.92,I-64 exit 94: 2 node(s) within 0.5 mi; no fuel station with the name within 1.5 mi
67860,34.075312,-89.895753,osm_fuel,high,node/7785905831,Shell,1.58,name match 0.18 mi from I-55 exit 227 (node/282630687)
67862,39.848054,-85.419591,osm_fuel,high,node/3303530065,Sunoco,0.48,name match 0.37 mi from I-70 exit 123 (node/179823831)
67865,25.922238,-80.210381,osm_exit,medium,node/470508316,I-95 exit 12B (old exit 17),3.18,I-95 exit 12B: 4 node(s) within 2.9 mi; no fuel station with the name within 1.5 mi
67866,32.581069,-93.251393,osm_exit,high,node/124265240,I-20 exit 49,2.91,I-20 exit 49: 2 node(s) within 0.4 mi; no fuel station with the name within 1.5 mi
67874,40.207005,-76.874321,osm_fuel,high,way/1222322988,Rutter's Farm Store #56 (brand Rutter's),1.52,name match 0.05 mi from I-83 exit 39A (node/32963465); OSM has the store number
67875,35.068703,-91.912331,osm_fuel,high,node/11118415793,Exxon,0.69,name match 0.16 mi from US-67/US-167 exit 28 (node/474747937)
67877,35.932147,-86.534214,osm_fuel,high,way/684814997,Circle K,2.57,name match 0.28 mi from I-24 exit 70 (node/1844879381)
67892,35.369339,-90.279752,osm_exit,high,node/116842121,I-55/US-78 exit 21,0.64,I-55 exit 21: 2 node(s) within 0.4 mi; no fuel station with the name within 1.5 mi
67908,37.960548,-104.797113,osm_exit,high,node/457019036,I-25 exit 74,2.90,I-25 exit 74: 2 node(s) within 0.4 mi; no fuel station with the name within 1.5 mi
67917,30.899785,-102.912509,osm_exit,high,node/870444471,I-10/US-67 exit 256,1.75,I-10 exit 256: 2 node(s) within 0.8 mi; no fuel station with the name within 1.5 mi
67918,40.927487,-75.084313,osm_exit,high,node/162005618,I-80 exit 4A-B-C,2.52,I-80 exit 4C: 4 node(s) within 0.9 mi; no fuel station with the name within 1.5 mi
67922,32.591504,-93.333073,osm_exit,high,node/124285458,I-20/US-371 exit 44,4.00,I-20 exit 44: 2 node(s) within 0.4 mi; no fuel station with the name within 1.5 mi
67923,42.101231,-89.018559,osm_fuel,high,way/772606071,BP,1.24,name match 0.21 mi from I-39 exit 111 (node/236760694)
67924,43.641195,-95.934245,osm_fuel,high,way/242173247,Kum & Go,0.53,name match 0.25 mi from I-90 exit 26 (node/187577429)
67935,30.573382,-87.027137,osm_exit,high,node/100470706,I-10 exit 26 (old exit 8),4.15,I-10 exit 26: 2 node(s) within 0.7 mi; no fuel station with the name within 1.5 mi
67938,41.682615,-112.139820,osm_fuel,high,node/12646003013,Texaco,3.48,name match 0.32 mi from I-84 exit 376 (node/429235163)
67939,41.022720,-76.315042,osm_exit,high,node/32846638,I-80 exit 242,0.84,I-80 exit 242: 2 node(s) within 0.4 mi; no fuel station with the name within 1.5 mi
67941,35.477986,-95.302021,osm_exit,high,node/147139599,I-40 exit 278,1.02,I-40 exit 278: 2 node(s) within 0.6 mi; no fuel station with the name within 1.5 mi
67943,39.979126,-86.395323,osm_fuel,high,way/225347312,Love's (ref 459),1.35,name match 0.22 mi from I-65 exit 133 (node/922123377); OSM has the store number
67949,34.676606,-82.532989,osm_exit,high,node/109512811,I-85 exit 32,4.74,I-85 exit 32: 2 node(s) within 0.5 mi; no fuel station with the name within 1.5 mi
67952,26.934811,-82.017209,osm_exit,high,node/96107538,I-75 exit 164 (old exit 29),3.94,I-75 exit 164: 2 node(s) within 0.4 mi; no fuel station with the name within 1.5 mi
67965,31.207078,-87.307441,osm_exit,medium,node/55459829,I-65 exit 69,15.23,I-65 exit 69: 2 node(s) within 0.6 mi; no fuel station with the name within 1.5 mi; 15 mi from the city
67974,30.215998,-93.329998,osm_exit,high,node/114868452,I-10 exit 23,1.84,I-10 exit 23: 2 node(s) within 0.6 mi; no fuel station with the name within 1.5 mi
67976,44.887545,-88.045478,osm_fuel,high,node/11168310864,Kwik Trip (ref 587),4.53,"store number and name match, 4.5 mi from city center (no exit in address)"
67977,42.228042,-96.236393,osm_fuel,high,way/611231184,Kum & Go,0.69,name match 0.45 mi from I-29 exit 127 (node/161545820)
67997,32.657083,-83.747478,osm_fuel,medium,node/12361462526,Circle K,0.52,name match 0.20 mi from I-75/SR-401 exit 149 (node/71881318); nearest of 2 matching sites
68005,41.551934,-73.044132,osm_exit,high,node/178518099,I-84 exit 22,0.59,I-84 exit 22: 2 node(s) within 0.9 mi; no fuel station with the name within 1.5 mi
68009,34.482092,-93.113905,osm_exit,high,node/453537537,US-270 exit 2,3.66,US-270 exit 2: 2 node(s) within 0.5 mi; no fuel station with the name within 1.5 mi
68016,33.465586,-112.168636,osm_fuel,medium,way/253131420,Chevron,8.64,name match 0.43 mi from I-10 exit 139 (node/258430029); nearest of 3 matching sites
68020,30.258993,-82.123076,osm_exit,high,node/299277449,I-10 exit 335 (old exit 48),1.51,I-10 exit 335: 2 node(s) within 0.0 mi; no fuel station with the name within 1.5 mi
68026,41.113915,-87.835367,osm_exit,high,node/235091514,I-57 exit 312,1.70,I-57 exit 312: 2 node(s) within 0.6 mi; no fuel station with the name within 1.5 mi
68030,33.451331,-81.924764,osm_fuel,high,node/13398056089,Five Star Express,3.19,name match 0.60 mi from I-520/SR-415 exit 16 (node/554854835)
68033,33.402808,-81.998899,osm_exit,high,node/72225340,I-520 exit 9,4.91,I-520/SR-415 exit 9: 2 node(s) within 1.0 mi; no fuel station with the name within 1.5 mi
68053,43.524539,-112.027986,osm_exit,high,node/127284465,US-20 exit 310,2.44,US-20 exit 310: 2 node(s) within 0.6 mi; no fuel station with the name within 1.5 mi
68076,30.243746,-92.635071,osm_exit,high,node/1920392439,I-10 exit 65,1.95,I-10 exit 65: 2 node(s) within 0.4 mi; no fuel station with the name within 1.5 mi
68080,30.947016,-92.271772,osm_exit,high,node/674847828,I-49 exit 53,4.98,I-49 exit 53: 2 node(s) within 0.8 mi; no fuel station with the name within 1.5 mi
68095,42.811131,-83.568357,osm_exit,high,node/61881589,I-75 exit 101,2.90,I-75 exit 101: 2 node(s) within 0.6 mi; no fuel station with the name within 1.5 mi
68100,42.996311,-85.675950,osm_exit,medium,node/184756340,US-131 exit 88,2.64,US-131 exit 88: 5 node(s) within 1.8 mi; no fuel station with the name within 1.5 mi
68107,45.845877,-92.972425,osm_fuel,high,node/11465995369,Speedway,0.44,name match 0.32 mi from I-35 exit 171 (node/810907381)
68112,44.851967,-93.150382,osm_exit,high,node/186715754,I-35E exit 98,7.07,I-35 exit 98: 2 node(s) within 0.6 mi; no fuel station with the name within 1.5 mi
68116,45.008190,-93.203729,osm_exit,medium,node/187882386,I-35W exit 22B,4.42,"I-35 exit 22: 5 node(s) within 0.9 mi, exit letter differs; no fuel station with the name within 1.5 mi"
68129,39.710768,-94.788560,osm_exit,high,node/5302793556,I-29/US-71 exit 43,3.78,US-59/I-29 exit 43: 2 node(s) within 0.5 mi; no fuel station with the name within 1.5 mi
68140,36.881289,-104.432457,osm_exit,high,node/626308684,I-25 exit 451,0.47,I-25/US-85 exit 451: 2 node(s) within 0.5 mi; no fuel station with the name within 1.5 mi
68154,41.072793,-87.866766,osm_fuel,high,way/225052008,Love's,2.00,name match 0.28 mi from I-57 exit 308 (node/443816506)
68155,40.956171,-77.767399,osm_exit,high,node/105978285,I-80 exit 158,2.90,I-80 exit 158: 2 node(s) within 0.6 mi; no fuel station with the name within 1.5 mi
68156,39.995452,-75.084610,osm_exit,medium,node/787090453+node/787101145,I-95 exit 26,2.75,"I-95 exit 26: 2 node(s) within 1.7 mi, midpoint of 2 exit nodes 1.7 mi apart; no fuel station with the name within 1.5 mi"
68158,40.555531,-76.001781,osm_exit,medium,node/471575120,I-78/US-22 exit 29 (old exit 9A),4.20,"I-78 exit 29A: 2 node(s) within 0.4 mi, exit letter differs; no fuel station with the name within 1.5 mi"
68169,39.595614,-119.832483,osm_exit,high,node/140103153,US-395 exit 73,3.35,US-395 exit 73: 2 node(s) within 0.7 mi; no fuel station with the name within 1.5 mi
68174,42.231239,-75.914277,osm_exit,medium,node/116222563,I-81 exit 21 (old exit 7),0.32,"I-81 exit 7: 2 node(s) within 0.3 mi, matched on the old exit number (old_ref); no fuel station with the name within 1.5 mi"
68177,41.022720,-76.315042,osm_exit,high,node/32846638,I-80 exit 242,0.84,I-80 exit 242: 2 node(s) within 0.4 mi; no fuel station with the name within 1.5 mi
68178,32.266525,-90.130104,osm_exit,high,node/340103868,I-20 exit 48,2.27,I-20 exit 48: 2 node(s) within 0.5 mi; no fuel station with the name within 1.5 mi
68180,40.939654,-76.023172,osm_exit,high,node/155290343,I-81 exit 143,2.75,I-81 exit 143: 2 node(s) within 0.5 mi; no fuel station with the name within 1.5 mi
68188,41.823533,-75.680658,osm_exit,high,node/95242165,I-81 exit 219,4.34,I-81 exit 219: 2 node(s) within 0.3 mi; no fuel station with the name within 1.5 mi
68191,40.592335,-78.315889,osm_exit,high,node/473365834,I-99/US-220 exit 41,7.34,SR-865/I-99 exit 41: 2 node(s) within 0.9 mi; no fuel station with the name within 1.5 mi
68211,35.192072,-101.777955,osm_fuel,high,way/1420109331,CEFCO,3.00,name match 0.22 mi from I-40 exit 73 (node/227805525)
68212,35.001644,-82.007110,osm_fuel,high,way/1087113863,Circle K,6.01,name match 1.08 mi from I-26 exit 16 (node/114172892)
68213,33.045981,-96.174556,osm_exit,medium,node/13879555486+node/13895052114,I-30/US-67 exit 87,3.62,"I-30/US-67 exit 87: 2 node(s) within 2.5 mi, midpoint of 2 exit nodes 2.5 mi apart; no fuel station with the name within 1.5 mi"
68215,29.875548,-94.337252,osm_exit,high,node/225927368,I-10 exit 833,1.74,I-10 exit 833: 1 node(s) within 0.0 mi; no fuel station with the name within 1.5 mi
68227,36.768172,-76.361943,osm_exit,high,node/220715445,I-64 exit 297,6.98,I-64 exit 297: 2 node(s) within 0.8 mi; no fuel station with the name within 1.5 mi
68235,44.955665,-72.149835,osm_exit,high,node/204721723,I-91 exit 28,0.71,I-91 exit 28: 2 node(s) within 0.4 mi; no fuel station with the name within 1.5 mi
68236,28.661371,-99.181760,osm_exit,high,node/224324800,I-35 exit 84,0.53,I-35 exit 84: 2 node(s) within 0.8 mi; no fuel station with the name within 1.5 mi
68243,47.242023,-122.412019,osm_fuel,high,way/1033370988,Pilot Express (brand Pilot),2.35,name match 0.22 mi from I-5 exit 135 (node/9888872995)
68253,31.576421,-102.887131,osm_exit,high,node/317717243,I-20 exit 80,1.28,CR-18/I-20 exit 80: 2 node(s) within 0.6 mi; no fuel station with the name within 1.5 mi
68256,33.475468,-94.283458,osm_exit,high,node/222248780,I-30 exit 208,0.37,I-30 exit 208: 2 node(s) within 0.8 mi; no fuel station with the name within 1.5 mi
68257,41.114036,-88.415109,osm_fuel,high,way/887545188,Love's,1.12,name match 0.30 mi from I-55 exit 220 (node/481303348)
68260,32.408550,-97.225604,osm_exit,high,node/82277374,I-35W exit 26A,0.87,I-35W exit 26A: 3 node(s) within 0.9 mi; no fuel station with the name within 1.5 mi
68266,40.755562,-88.006795,osm_exit,high,node/234818507,I-57 exit 283,0.60,I-57 exit 283: 2 node(s) within 0.6 mi; no fuel station with the name within 1.5 mi
68268,33.430898,-112.598790,osm_exit,high,node/312681892,I-10 exit 114,2.47,I-10 exit 114: 2 node(s) within 1.0 mi; no fuel station with the name within 1.5 mi
68276,43.067339,-92.328266,osm_fuel,medium,node/3048023544,Kwik Star,1.03,name match 0.47 mi from US-18/US-63 exit 204 (node/159317710); nearest of 2 matching sites
68294,40.919280,-90.295161,osm_fuel,high,node/10734818677,BP,4.76,name match 0.28 mi from I-74 exit 51 (node/235160698)
68298,41.569967,-87.397721,osm_exit,high,node/761880817,I-80/I-94/US-6 exit 6,2.98,I-80 exit 6: 2 node(s) within 0.7 mi; no fuel station with the name within 1.5 mi
68301,29.562305,-98.034906,osm_fuel,high,way/1012538957,Love's,4.43,name match 0.36 mi from I-10 exit 604 (node/151120380)
68302,33.195554,-80.605095,osm_exit,high,node/112067772,I-95 exit 77,1.62,I-95 exit 77: 2 node(s) within 0.2 mi; no fuel station with the name within 1.5 mi
68307,43.638967,-96.218725,osm_exit,high,node/187963311,I-90 exit 12,1.03,I-90 exit 12: 2 node(s) within 0.6 mi; no fuel station with the name within 1.5 mi
68308,43.086041,-88.772957,osm_exit,high,node/231193636,I-94 exit 267,0.49,I-94 exit 267: 2 node(s) within 0.9 mi; no fuel station with the name within 1.5 mi
68315,35.383746,-96.666196,osm_exit,medium,node/443691485,I-40 exit 200,10.34,I-40 exit 200: 2 node(s) within 0.6 mi; no fuel station with the name within 1.5 mi; 10 mi from the city
68316,34.894383,-85.078611,osm_exit,high,node/66929093,I-75 exit 345,2.76,I-75 exit 345: 2 node(s) within 0.5 mi; no fuel station with the name within 1.5 mi
68318,30.446451,-91.238341,osm_exit,high,node/480398641,I-10 exit 151,1.85,I-10 exit 151: 2 node(s) within 0.7 mi; no fuel station with the name within 1.5 mi
68323,29.496497,-98.198435,osm_exit,high,node/149496869,I-10/SR-130/US-90 exit 593,6.23,I-10 exit 593: 1 node(s) within 0.0 mi; no fuel station with the name within 1.5 mi
68328,36.692664,-97.345731,osm_exit,high,node/964046457,I-35 exit 214,2.28,I-35 exit 214: 2 node(s) within 0.4 mi; no fuel station with the name within 1.5 mi
68330,47.082882,-119.859964,osm_fuel,high,way/454803600,Shree's Truck Stop,0.08,name match 0.22 mi from I-90 exit 149 (node/428643281)
68332,36.090724,-79.996700,osm_fuel,high,node/3297169178,Circle K,1.81,name match 0.27 mi from I-40 exit 208 (node/171091103)
68335,35.153146,-84.952998,osm_fuel,high,way/268168665,Pilot,3.57,name match 0.23 mi from I-75 exit 20 (node/201762877)
68337,41.470360,-87.259451,osm_fuel,high,way/1037871381,Speedway (ref 1426),3.04,"store number and name match, 3.0 mi from city center (no exit in address)"
68339,29.982090,-98.902982,osm_fuel,high,way/798305127,Love's,0.68,name match 0.29 mi from I-10 exit 523 (node/1082993852)
68343,35.404939,-99.385827,osm_exit,medium,node/144678320,I-40/SR-34 exit 40,2.64,I-40 exit 40: 2 node(s) within 0.7 mi; the fuel station with the name there is held by another OPIS station
68347,38.670187,-90.202251,osm_exit,high,node/318892618,I-70 exit 247,3.30,I-70 exit 247: 2 node(s) within 0.4 mi; no fuel station with the name within 1.5 mi
68348,35.025441,-81.880549,osm_exit,high,node/441940702,I-85 exit 80,6.08,I-85 exit 80: 2 node(s) within 0.7 mi; no fuel station with the name within 1.5 mi
68349,42.769555,-96.209434,osm_exit,high,node/405114181,US-75 exit 116,2.01,US-75 exit 116: 2 node(s) within 0.8 mi; no fuel station with the name within 1.5 mi
68364,44.798523,-73.067468,osm_exit,high,node/204536573,I-89 exit 19,1.23,I-89 exit 19: 2 node(s) within 0.5 mi; no fuel station with the name within 1.5 mi
68367,31.999012,-106.581151,osm_fuel,high,way/225718777,Love's,1.33,name match 0.16 mi from I-10 exit 0 (node/3511515287)
68368,40.822046,-97.457962,osm_exit,high,node/1658633074,I-80 exit 360,5.18,I-80 exit 360: 2 node(s) within 0.6 mi; no fuel station with the name within 1.5 mi
68369,35.523430,-93.864034,osm_fuel,high,way/1469588768,Phillips 66 (operator Workman's Travel Center),1.73,name match 0.26 mi from I-40 exit 35 (node/116997474)
68370,41.805638,-71.490952,osm_fuel,high,way/1233813328,Gulf,1.38,name match 1.25 mi from I-295 exit 4 (node/201184486)
68372,40.419420,-86.126856,osm_fuel,high,node/9584191563,Speedway (ref 8062),3.17,"store number and name match, 3.2 mi from city center (no exit in address)"
68375,38.480159,-78.818433,osm_fuel,high,way/1147235921,"Pilot Travel Center (brand Pilot, operator Pilot)",4.24,name match 0.48 mi from I-81 exit 251 (node/218587264)
68377,33.604336,-81.840933,osm_fuel,high,node/10109748474,Pilot,3.29,name match 0.36 mi from I-20 exit 11 (node/109361627)
68378,42.976648,-82.542564,osm_fuel,high,node/7047814400,Pilot,5.33,name match 0.40 mi from I-69 exit 196 (node/185939366)
68394,41.244932,-112.010040,osm_fuel,medium,way/46414384,Top Stop C-12 (brand Chevron),2.46,name match 0.77 mi from I-84 exit 343 (node/303688541); nearest of 3 matching sites
68405,31.448713,-96.079596,osm_fuel,medium,way/346232664,Pilot,1.06,"name match 0.44 mi from I-45 exit 178 (node/473189667); city name ambiguous, exit unique in its area"
68417,32.459227,-94.672414,osm_exit,high,node/225073761,I-20 exit 599,6.67,I-20 exit 599: 2 node(s) within 0.5 mi; no fuel station with the name within 1.5 mi
68419,29.056809,-99.007803,osm_exit,medium,node/224285466+node/224356996,I-35 exit 114,0.14,"I-35 exit 114: 2 node(s) within 1.5 mi, midpoint of 2 exit nodes 1.5 mi apart; no fuel station with the name within 1.5 mi"
68423,40.174715,-118.473883,osm_exit,high,node/139872653,I-80/US-95 exit 106,0.34,I-80 exit 106: 2 node(s) within 0.6 mi; no fuel station with the name within 1.5 mi
68424,32.606090,-98.115666,osm_exit,high,node/236353169,I-20 exit 386,5.71,I-20 exit 386: 2 node(s) within 0.8 mi; no fuel station with the name within 1.5 mi
68434,34.395048,-92.830594,osm_exit,medium,node/453205796,I-30 exit 98A,1.58,"I-30 exit 98: 4 node(s) within 0.5 mi, exit letter differs; no fuel station with the name within 1.5 mi"
68440,35.186328,-90.017198,osm_exit,high,node/630087418,I-40 exit 2A,6.00,I-40 exit 2A: 4 node(s) within 1.2 mi; no fuel station with the name within 1.5 mi
68458,43.058062,-85.957394,osm_fuel,high,node/6816256099,Speedway,1.30,name match 0.15 mi from I-96 exit 16 (node/185744223)
68465,30.449143,-82.933499,osm_exit,high,node/444985318,I-75 exit 451 (old exit 85),0.47,I-75 exit 451: 2 node(s) within 0.1 mi; no fuel station with the name within 1.5 mi
68469,35.095062,-92.426392,osm_exit,high,node/841811140,I-40/US-65 exit 127,2.70,US-64/I-40 exit 127: 2 node(s) within 0.6 mi; no fuel station with the name within 1.5 mi
68476,31.087000,-87.538132,osm_fuel,high,way/1415691610,Creek Travel Plaza,5.40,name match 0.44 mi from I-65 exit 54 (node/55465120)
68493,30.474611,-83.884140,osm_exit,high,node/298720570,I-10 exit 225 (old exit 33),7.80,I-10 exit 225: 2 node(s) within 0.7 mi; no fuel station with the name within 1.5 mi
68494,36.748467,-78.098953,osm_fuel,high,node/6594802098,Love's,2.29,name match 0.17 mi from I-85 exit 15 (node/216270815)
68497,42.912924,-112.462193,osm_exit,high,node/126385668,I-86 exit 61,2.87,I-86 exit 61: 2 node(s) within 0.4 mi; no fuel station with the name within 1.5 mi
68511,32.129587,-106.641492,osm_exit,high,node/446860191,I-10 exit 155,0.92,I-10/US-85/US-180 exit 155: 2 node(s) within 0.6 mi; no fuel station with the name within 1.5 mi
68522,40.629967,-89.606032,osm_exit,high,node/1402926918,I-474 exit 9,4.33,I-474 exit 9: 2 node(s) within 0.6 mi; no fuel station with the name within 1.5 mi
68531,42.227115,-91.869999,osm_fuel,medium,way/707534594,Casey's General Store,0.82,name match 0.35 mi from SR-150/I-380 exit 41 (node/159001997); nearest of 2 matching sites
68559,40.265573,-94.015282,osm_fuel,high,way/1001314365,Kum & Go,0.79,name match 0.23 mi from I-35 exit 92 (node/190656159)
68581,46.348967,-120.182573,osm_exit,high,node/51664469,I-82/US-12 exit 58,0.54,I-82 exit 58: 2 node(s) within 0.6 mi; no fuel station with the name within 1.5 mi
68588,42.557807,-72.285927,osm_fuel,high,way/214933166,Shell,3.31,name match 0.11 mi from US-202 exit 16 (node/69963604)
68593,32.606090,-98.115666,osm_exit,high,node/236353169,I-20 exit 386,5.71,I-20 exit 386: 2 node(s) within 0.8 mi; no fuel station with the name within 1.5 mi
68602,36.129976,-77.793685,osm_exit,high,node/172372129,I-95 exit 150,4.81,I-95 exit 150: 2 node(s) within 0.4 mi; no fuel station with the name within 1.5 mi
68621,36.670232,-80.708580,osm_exit,high,node/209056903,I-77 exit 8,0.42,I-77 exit 8: 2 node(s) within 0.5 mi; no fuel station with the name within 1.5 mi
68622,38.704933,-80.663606,osm_fuel,high,way/689772833,Pilot,3.72,name match 0.21 mi from I-79 exit 67 (node/705819387)
68623,41.059697,-84.980309,osm_fuel,high,way/1307140713,Flying J,1.96,name match 0.54 mi from I-469 exit 19 (node/1623135524)
68624,30.438422,-88.528436,osm_fuel,high,node/5104264387,Pilot,0.90,name match 0.28 mi from I-10 exit 69 (node/125328705)
68625,44.962974,-92.561102,osm_fuel,high,node/12244394866,Flying J,0.89,name match 0.32 mi from I-94 exit 10 (node/597473312)
68642,36.095419,-79.996559,osm_fuel,high,node/9416856543,Exxon,1.55,name match 0.29 mi from I-40/US-421 exit 208 (node/171091103)
68643,35.122284,-78.749941,osm_fuel,high,way/624780439,Shell,2.90,name match 0.28 mi from I-95 exit 58 (node/170223028)
68650,39.181780,-84.484720,osm_exit,high,node/385017433,I-75 exit 8,3.09,I-75 exit 8: 1 node(s) within 0.0 mi; no fuel station with the name within 1.5 mi
68653,43.790474,-87.762072,osm_fuel,high,node/4760745942,Kwik Trip,3.89,name match 0.10 mi from I-43 exit 128 (node/476034744)
68659,44.028921,-92.478484,osm_fuel,medium,node/1067888551,Kwik Trip,1.01,name match 0.48 mi from US-52 exit 56 (node/393105372); nearest of 5 matching sites
68665,44.221937,-103.374476,osm_exit,high,node/80480855,I-90/SR-79/US-14 exit 46,0.18,I-90 exit 46: 2 node(s) within 0.4 mi; no fuel station with the name within 1.5 mi
68684,29.682094,-90.818215,osm_exit,high,node/124048970,US-90 exit 200,3.38,US-90 exit 200: 2 node(s) within 0.5 mi; no fuel station with the name within 1.5 mi
68689,30.250576,-92.741128,osm_fuel,high,node/10951337179,Chevron,1.12,name match 0.25 mi from I-10 exit 59 (node/115505862)
68691,43.554140,-76.112575,osm_fuel,high,node/10750255996,Byrne Dairy,1.03,name match 0.13 mi from I-81 exit 36 (node/213042572)
68697,27.617401,-99.491758,osm_exit,high,node/337309106,I-27/I-35/US-83 exit 8,3.94,I-35 exit 8: 3 node(s) within 1.2 mi; no fuel station with the name within 1.5 mi
68698,41.543869,-87.831879,osm_fuel,high,way/437708668,Gas N' Wash,2.56,name match 0.98 mi from I-80 exit 145 (node/940942309)
68701,41.483710,-87.874813,osm_fuel,high,way/951482292,Speedway (ref 1421),1.62,"store number and name match, 1.6 mi from city center (no exit in address)"
68702,35.079231,-81.705004,osm_fuel,high,way/723898351,QuikTrip,2.49,name match 0.25 mi from I-85 exit 90 (node/1831592579)
68708,41.604251,-90.622890,osm_fuel,high,way/700945335,Love's,3.42,name match 0.32 mi from I-80 exit 292 (node/160941168)
68716,41.249641,-73.004199,osm_exit,high,node/178510408,I-95 exit 41,3.61,I-95 exit 41: 2 node(s) within 0.7 mi; no fuel station with the name within 1.5 mi
68734,43.436718,-112.120578,osm_fuel,high,way/1119091060,Love's,5.62,name match 0.20 mi from I-15 exit 113 (node/127203509)
68737,44.534383,-89.575898,osm_fuel,high,relation/12894255,Kwik Trip (ref 691),1.40,name match 1.02 mi from I-39 exit 161 (node/4150224651); OSM has the store number
68796,39.853386,-85.420445,osm_exit,high,node/179823831,I-70 exit 123,0.76,I-70 exit 123: 2 node(s) within 0.5 mi; no fuel station with the name within 1.5 mi
68797,41.530972,-87.791076,osm_fuel,high,node/9495041417,Speedway (ref 1412),4.45,"store number and name match, 4.5 mi from city center (no exit in address)"
68799,32.308401,-89.667858,osm_fuel,high,node/5891272266,Shell,2.62,name match 0.31 mi from I-20 exit 77 (node/131922003)
68803,31.092637,-95.963682,osm_fuel,high,way/1228053978,Shell,10.10,name match 0.27 mi from I-45 exit 152 (node/226818062)
68813,42.798684,-84.739857,osm_fuel,high,node/8176517245,Speedway,2.70,name match 0.31 mi from I-96 exit 86 (node/184074551)
68814,34.906701,-110.205577,osm_exit,high,node/1740602914,I-40/US-180 exit 283,2.18,I-40/US-180 exit 283: 2 node(s) within 0.7 mi; no fuel station with the name within 1.5 mi
68815,29.184315,-98.846745,osm_fuel,high,way/708340708,Love's,0.33,name match 0.44 mi from I-35 exit 127 (node/227091738)
68822,38.426878,-95.861341,osm_exit,high,node/119702378,I-35/US-50 exit 148,0.74,I-35/US-50 exit 148: 2 node(s) within 0.4 mi; no fuel station with the name within 1.5 mi
68825,41.234149,-73.031094,osm_exit,high,node/178524464,I-95 exit 40,1.88,I-95 exit 40: 2 node(s) within 0.8 mi; no fuel station with the name within 1.5 mi
68835,34.886552,-77.548834,osm_fuel,high,node/9375062099,Speedway (ref 7954),0.92,"store number and name match, 0.9 mi from city center (no exit in address)"
68840,32.451386,-100.441201,osm_fuel,high,way/965456750,Love's,2.27,name match 0.22 mi from I-20/US-84 exit 242 (node/227445669)
68841,30.761249,-81.649476,osm_fuel,medium,node/10010181377,Pilot,4.23,name match 0.29 mi from I-95 exit 1 (node/66716454); a site of another store set aside
68843,29.220033,-98.415048,osm_fuel,high,way/840617965,Pilot,18.03,name match 0.34 mi from I-37 exit 125 (node/149455098)
68844,30.906930,-102.889306,osm_exit,high,node/299507437,I-10/US-67 exit 259,1.04,I-10 exit 259: 3 node(s) within 1.2 mi; no fuel station with the name within 1.5 mi
68845,36.607334,-77.560715,osm_fuel,high,way/1058576872,Pilot (brand Hess),0.84,name match 0.20 mi from I-95 exit 4 (node/214668461)
68848,31.447632,-97.178643,osm_exit,medium,node/1475052511+node/5110240717,I-35 exit 328,0.90,"I-35 exit 328: 2 node(s) within 3.0 mi, midpoint of 2 exit nodes 3.0 mi apart; no fuel station with the name within 1.5 mi"
68856,35.458001,-95.529162,osm_exit,high,node/146762971,I-40 exit 265,1.73,I-40 exit 265: 2 node(s) within 0.3 mi; no fuel station with the name within 1.5 mi
68860,28.899993,-99.116310,osm_fuel,high,way/253458611,Petro,1.26,name match 0.35 mi from I-35 exit 101 (node/224316876)
68864,39.958013,-84.189313,osm_exit,medium,node/198731059,I-75 exit 68,11.98,I-75 exit 68: 2 node(s) within 0.4 mi; no fuel station with the name within 1.5 mi; 12 mi from the city
68865,39.294632,-84.462566,osm_exit,medium,node/5159275259,I-275 exit 42B,10.92,I-275 exit 42B: 3 node(s) within 0.5 mi; no fuel station with the name within 1.5 mi; 11 mi from the city
68873,41.405072,-75.498444,osm_exit,high,node/207714869,I-84 exit 8,6.88,I-84 exit 8: 2 node(s) within 0.7 mi; no fuel station with the name within 1.5 mi
68874,33.429465,-112.592566,osm_fuel,high,way/314043171,QuikTrip,2.83,name match 0.37 mi from I-10 exit 114 (node/312681892)
68875,36.093796,-80.062239,osm_fuel,high,node/6499043290,Sheetz,1.39,name match 0.54 mi from I-40 exit 203 (node/170671867)
68885,28.453106,-99.238315,osm_fuel,high,way/837508331,Flying J,1.16,name match 0.27 mi from I-35 exit 69 (node/297392461)
68890,34.809027,-92.353853,osm_fuel,medium,way/971713563,Circle K,3.98,name match 0.29 mi from I-430 exit 12 (node/118446109); nearest of 2 matching sites
68891,35.872207,-84.322691,osm_fuel,high,node/11261967725,Love's,4.48,name match 0.12 mi from I-40 exit 364 (node/1837080163)
68893,42.878888,-85.365597,osm_exit,high,node/184740934,I-96 exit 52,3.97,I-96 exit 52: 2 node(s) within 0.6 mi; no fuel station with the name within 1.5 mi
68894,43.117280,-85.611447,osm_fuel,high,node/2941064378,Mobil,3.18,name match 0.38 mi from US-131 exit 97 (node/184749850)
68895,42.850843,-85.853529,osm_exit,high,node/185762397,I-196 exit 62,0.97,I-196 exit 62: 2 node(s) within 0.8 mi; no fuel station with the name within 1.5 mi
68897,36.376708,-84.246500,osm_fuel,high,node/4337130646,Travel Centers of America,4.70,name match 0.14 mi from I-75 exit 141 (node/1843341406)
68901,39.357259,-84.260567,osm_fuel,high,node/6501052470,Speedway (ref 1224),1.90,name match 0.20 mi from SR-741/I-71 exit 25 (node/200284120); OSM has the store number
68907,32.460082,-96.842693,osm_fuel,high,way/543156647,QuikTrip,3.98,name match 0.05 mi from I-35E exit 405 (node/82146370)
68908,40.059327,-82.937750,osm_fuel,high,node/4654635060,Speedway (ref 1804),5.69,"store number and name match, 5.7 mi from city center (I-71 exit 116 ambiguous: matching exits 5.1 mi apart)"
68912,34.736004,-97.260076,osm_exit,high,node/145742086,I-35 exit 72,2.71,SR-19/I-35 exit 72: 2 node(s) within 0.6 mi; no fuel station with the name within 1.5 mi
68913,43.639552,-95.594207,osm_fuel,medium,way/788711788,Casey's General Store (Diesel) (brand Casey's General Store),0.80,name match 0.23 mi from I-90 exit 43 (node/187593279); nearest of 3 matching sites
68915,42.447892,-96.571368,osm_fuel,high,way/598422949,Pump & Pantry (ref 53),0.02,"store number and name match, 0.0 mi from city center (no exit in address)"
68916,32.462133,-99.843844,osm_exit,medium,node/57636804+node/57687820,I-20/US-84 exit 278,1.49,"I-20 exit 278: 2 node(s) within 2.0 mi, midpoint of 2 exit nodes 2.0 mi apart; no fuel station with the name within 1.5 mi"
68924,42.721703,-89.000238,osm_fuel,medium,way/1064128207,Kwik Trip,2.64,name match 0.62 mi from I-90 exit 171 (node/259745504); nearest of 3 matching sites
68925,45.285855,-93.002929,osm_exit,high,node/1445246349,I-35/US-8 exit 132,7.29,I-35 exit 132: 1 node(s) within 0.0 mi; no fuel station with the name within 1.5 mi
68928,35.011191,-106.043868,osm_fuel,high,way/904936667,Pilot Travel Center (brand Pilot),0.54,name match 0.31 mi from I-40 exit 196 (node/470006449)
68929,35.999248,-80.034805,osm_fuel,high,node/6433424585,Speedway (ref 6953),2.42,name match 0.84 mi from I-74/US-311 exit 65 (node/171095223); OSM has the store number
68930,32.268873,-81.081913,osm_fuel,high,way/565043845,Pilot,3.01,name match 0.31 mi from I-95 exit 5 (node/1687908557)
68933,40.043703,-76.422105,osm_fuel,high,node/3694603367,Rutter's (ref 23),0.71,"store number and name match, 0.7 mi from city center (no exit in address)"
68946,39.901686,-84.192384,osm_fuel,high,way/1195987447,Flying J,1.57,name match 0.27 mi from I-75 exit 64 (node/198859313)
68947,32.126017,-110.874469,osm_fuel,high,way/728194668,Pilot,1.88,name match 0.40 mi from I-10 exit 268 (node/3421434562)
68956,43.042748,-89.353212,osm_fuel,high,node/9204424910,Speedway (ref 4533),4.97,"store number and name match, 5.0 mi from city center (US-18/US-12 exit 146 not found in OSM within 25 mi)"
68959,39.930450,-83.612513,osm_fuel,high,node/8927555517,Speedway (ref 5215),0.11,name match 0.26 mi from I-70 exit 66 (node/196778977); OSM has the store number
68960,41.224322,-112.011249,osm_exit,medium,node/303688541,I-15/I-84 exit 343,2.26,I-15 exit 343: 2 node(s) within 0.7 mi; the fuel station with the name there is held by another OPIS station
68969,40.762859,-112.023636,osm_fuel,high,way/1300938501,Maverik,4.94,name match 1.37 mi from I-80 exit 115 (node/83510670)
68971,31.864298,-102.302496,osm_fuel,high,way/415836423,Flying J,2.75,name match 0.37 mi from I-20 exit 121 (node/224075469)
68978,43.604135,-116.553789,osm_fuel,high,way/908968403,Maverik,1.32,name match 0.41 mi from I-84 exit 36 (node/127773831)
68979,34.916455,-110.154206,osm_fuel,high,way/598412265,Maverik,1.10,name match 0.31 mi from I-40 exit 286 (node/273335063)
68985,40.466313,-93.979284,osm_fuel,high,way/959688144,Love's,0.39,name match 0.23 mi from I-35 exit 106 (node/190655065)
68990,35.036418,-85.582853,osm_fuel,high,way/1189064746,Love's,3.09,name match 0.42 mi from I-24 exit 158 (node/203077042)
68991,47.113238,-118.367419,osm_fuel,high,way/722961167,Love's,0.77,name match 0.19 mi from I-90/US-395 exit 221 (node/428213897)
68995,41.071389,-73.482368,osm_exit,high,node/316727062,I-95 exit 10,0.85,I-95 exit 10: 2 node(s) within 0.6 mi; no fuel station with the name within 1.5 mi
68996,43.441475,-112.117819,osm_exit,high,node/127203509,I-15/US-26 exit 113,5.31,I-15 exit 113: 2 node(s) within 0.5 mi; no fuel station with the name within 1.5 mi
69005,40.031027,-81.448870,osm_fuel,high,way/836094225,Speedway (ref 1017),3.36,name match 0.20 mi from I-70 exit 186 (node/428747038); OSM has the store number
69006,40.057927,-81.051283,osm_fuel,high,node/10276959380,Pilot Gas Station (brand Pilot),2.14,name match 0.28 mi from I-70 exit 208 (node/196649976)
69007,36.139211,-86.732207,osm_fuel,high,node/9231013232,Speedway (ref 7136),3.45,"store number and name match, 3.4 mi from city center (no exit in address)"
69008,36.182799,-85.459664,osm_fuel,high,node/9233240849,Speedway (ref 7137),3.86,"store number and name match, 3.9 mi from city center (no exit in address)"
69013,36.174460,-86.301911,osm_fuel,high,node/9231418067,Speedway (ref 7124),2.94,"store number and name match, 2.9 mi from city center (no exit in address)"
69014,43.033403,-87.967226,osm_exit,medium,node/197634206,I-94 exit 308B,2.07,"I-94 exit 308: 6 node(s) within 0.8 mi, exit letter differs; the fuel station with the name there is another store"
69015,35.062942,-85.127971,osm_exit,high,node/459313692,I-75/SR-317/US-11/US-64 exit 7,6.81,I-75 exit 7: 2 node(s) within 0.9 mi; no fuel station with the name within 1.5 mi
69016,36.917955,-84.122064,osm_fuel,high,way/270631256,Speedway,1.51,name match 0.53 mi from I-75 exit 25 (node/168877098)
69028,39.733778,-84.209072,osm_fuel,high,way/298511934,Love's,3.56,name match 0.24 mi from I-75 exit 51 (node/410404095)
69029,38.683793,-90.222730,osm_exit,high,node/318874549,I-70 exit 246A,3.53,I-70 exit 246A: 4 node(s) within 0.9 mi; no fuel station with the name within 1.5 mi
69030,33.923977,-81.291403,osm_fuel,high,node/8196434810,Love's,6.21,name match 0.21 mi from I-20 exit 51 (node/113404718)
69031,31.402397,-103.480295,osm_exit,high,node/317700339,I-20 exit 42,1.61,I-20 exit 42: 2 node(s) within 0.4 mi; no fuel station with the name within 1.5 mi
69043,44.913970,-89.648354,osm_fuel,high,relation/17601448,Kwik Trip,3.30,name match 0.25 mi from US-51 exit 188 (node/147005014)
69045,31.143185,-81.571642,osm_exit,high,node/1596506976,I-95 exit 29 (Brunswick;Waycross;Jekyll Island),6.21,I-95 exit 29: 2 node(s) within 0.8 mi; no fuel station with the name within 1.5 mi
69046,43.128770,-86.154927,osm_fuel,high,node/8011446270,Speedway,8.50,name match 0.56 mi from I-96 exit 4 (node/185446630)
69047,41.661610,-87.719574,osm_fuel,high,way/1029177498,Speedway (ref 7461),1.08,"store number and name match, 1.1 mi from city center (no exit in address)"
69048,39.735043,-86.264711,osm_exit,high,node/180375428,I-465/I-74 exit 11,6.93,I-74 exit 11: 2 node(s) within 0.7 mi; no fuel station with the name within 1.5 mi
69049,34.714022,-92.188530,osm_fuel,high,way/1114752433,Valero (operator Circle K),5.37,name match 1.45 mi from I-440 exit 7 (node/118367988)
69051,38.551028,-89.801367,osm_exit,high,node/237008230,I-64 exit 23,2.27,I-64 exit 23: 2 node(s) within 0.6 mi; no fuel station with the name within 1.5 mi
69059,33.577429,-86.478922,osm_exit,high,node/61371363,I-20 exit 147,1.99,I-20 exit 147: 2 node(s) within 0.4 mi; no fuel station with the name within 1.5 mi
69067,40.688800,-84.121199,osm_exit,high,node/196034502,I-75 exit 120,3.62,I-75 exit 120: 2 node(s) within 0.4 mi; no fuel station with the name within 1.5 mi
69073,40.162973,-111.651855,osm_fuel,high,way/923227496,Love's Diesel Lanes (brand Love's),1.71,name match 0.33 mi from I-15 exit 260 (node/379864607)
69077,28.342114,-98.030198,osm_exit,high,node/226767437,I-37 exit 56,5.42,I-37 exit 56: 2 node(s) within 0.7 mi; no fuel station with the name within 1.5 mi
69078,32.265553,-101.475290,osm_fuel,high,way/908975969,Pilot,1.98,name match 0.28 mi from I-20 exit 178 (node/225595114)
69088,40.531896,-74.291677,osm_fuel,high,node/9239339860,Speedway (ref 3478),1.34,"store number and name match, 1.3 mi from city center (no exit in address)"
69091,39.854766,-85.990825,osm_fuel,high,node/9599307808,Speedway (ref 6670),9.84,"store number and name match, 9.8 mi from city center (no exit in address)"
69096,41.226250,-80.450979,osm_fuel,high,way/667800111,Speedway (ref 2907),0.48,"store number and name match, 0.5 mi from city center (no exit in address)"
69097,32.750053,-96.877306,osm_fuel,high,way/1082502422,Circle K,7.10,name match 1.22 mi from I-30 exit 42B (node/3250883139)
69099,30.251839,-92.194374,osm_fuel,high,node/8451778047,Love's,4.42,name match 0.30 mi from I-10 exit 92 (node/114668349)
69101,33.579343,-86.474623,osm_fuel,high,node/12851988707,Valero,2.00,name match 0.12 mi from I-20 exit 147 (node/61371363)
69102,40.309127,-88.175547,osm_fuel,high,way/564449095,Circle K,1.18,name match 0.53 mi from I-57 exit 250 (node/37950961)
69106,34.750872,-82.289926,osm_fuel,medium,way/740540522,Spinx,2.45,name match 0.21 mi from I-385 exit 30 (node/112686017); nearest of 2 matching sites
69109,40.273214,-78.459781,osm_fuel,high,way/1079832908,Sheetz,1.33,name match 0.68 mi from I-99 exit 15 (node/108786156)
69110,40.443996,-79.230086,osm_fuel,high,node/4340419706,Sheetz (ref 498),1.76,"store number and name match, 1.8 mi from city center (no exit in address)"
69112,41.293718,-89.085939,osm_fuel,high,way/961722167,Love's,0.77,name match 0.29 mi from I-39 exit 54 (node/528519418)
69115,43.611960,-96.950843,osm_fuel,medium,node/1345443310,BP,1.03,name match 0.37 mi from I-90 exit 387 (node/80643250); nearest of 2 matching sites
69117,41.506300,-83.747908,osm_fuel,high,way/698949703,Speedway (ref 6395),0.65,"store number and name match, 0.6 mi from city center (no exit in address)"
69124,27.441889,-80.391412,osm_exit,high,node/503986054,I-95 exit 131 (old exit 66A) (Orange Avenue),3.19,I-95 exit 131: 2 node(s) within 0.9 mi; no fuel station with the name within 1.5 mi
69125,41.698859,-92.445966,osm_fuel,high,way/1085893816,TA,2.25,name match 0.42 mi from I-80 exit 197 (node/160769799)
69127,30.722749,-90.532654,osm_exit,high,node/1530630474,I-55 exit 46,1.43,I-55 exit 46: 2 node(s) within 0.5 mi; no fuel station with the name within 1.5 mi
69128,44.335513,-84.801110,osm_fuel,high,node/5954319007,Beacon & Bridge Market,3.48,name match 0.32 mi from US-127 exit 194 (node/185871829)
69134,35.395518,-97.265887,osm_fuel,high,node/11203967370,Love's Travel Stop,6.19,name match 0.22 mi from I-40/US-270 exit 166 (node/6804428761)
69135,39.851638,-84.424848,osm_fuel,high,way/181713859,Speedway (ref 8013),0.98,name match 0.18 mi from I-70 exit 21 (node/425443410); OSM has the store number
69137,31.604773,-97.106418,osm_exit,medium,node/9888640020,I-35/US-77 exit 338B,5.87,I-35/US-77 exit 338B: 3 node(s) within 1.9 mi; no fuel station with the name within 1.5 mi
69142,39.114167,-108.645332,osm_fuel,high,node/14017650084,Love's,4.52,name match 0.24 mi from I-70 exit 26 (node/176140286)
69145,38.761796,-81.692595,osm_fuel,high,node/9244923663,Speedway (ref 9561),4.23,name match 0.22 mi from I-77 exit 132 (node/944765405); OSM has the store number
69146,41.052195,-75.964344,osm_exit,high,node/145192381,I-80 exit 262,2.84,I-80 exit 262: 2 node(s) within 0.5 mi; no fuel station with the name within 1.5 mi
69149,35.129966,-90.023809,osm_exit,high,node/459036577,I-240 exit 30,3.44,I-240 exit 30: 2 node(s) within 1.2 mi; no fuel station with the name within 1.5 mi
69150,39.670475,-86.364795,osm_exit,high,node/179817142,I-70 exit 66,1.63,I-70 exit 66: 2 node(s) within 0.7 mi; no fuel station with the name within 1.5 mi
69151,39.112583,-108.648072,osm_fuel,high,relation/10717656,Pilot,4.62,name match 0.12 mi from I-70 exit 26 (node/176140286)
69152,35.218820,-91.716987,osm_fuel,high,node/11684379542,Love's,1.85,name match 0.19 mi from US-64 exit 44 (node/474789987)
69153,34.117112,-86.864364,osm_fuel,high,way/1314211601,Pilot,4.35,name match 0.14 mi from I-65 exit 304 (node/55014607)
69155,36.696534,-97.349246,osm_fuel,high,node/11328479147,Pilot,2.61,name match 0.21 mi from I-35 exit 214 (node/964046457)
69156,35.061438,-90.020003,osm_exit,high,node/203626032,I-55 exit 5A,4.40,I-55 exit 5A: 3 node(s) within 0.4 mi; no fuel station with the name within 1.5 mi
69163,43.581528,-96.693146,osm_exit,high,node/80641222,I-229 exit 9,3.43,I-229 exit 9: 2 node(s) within 0.8 mi; no fuel station with the name within 1.5 mi
69168,32.376408,-99.100452,osm_exit,high,node/390894788,I-20 exit 324,6.96,I-20 exit 324: 2 node(s) within 0.4 mi; no fuel station with the name within 1.5 mi
69169,39.792037,-88.264393,osm_exit,high,node/295680311,I-57 exit 212 (Newman - Tuscola),0.65,I-57 exit 212: 2 node(s) within 0.1 mi; no fuel station with the name within 1.5 mi
69170,39.255476,-81.553570,osm_fuel,high,node/3975113031,Speedway (ref 9381),0.68,"store number and name match, 0.7 mi from city center (no exit in address)"
69172,44.833537,-91.448212,osm_fuel,medium,relation/18298062,Kwik Trip,2.51,name match 0.28 mi from US-53 exit 90 (node/270612987); nearest of 3 matching sites
69177,41.496616,-95.452839,osm_fuel,high,node/11739504717,Love's,0.62,name match 0.26 mi from I-80 exit 34 (node/160723589)
69178,26.714334,-81.815021,osm_fuel,high,way/577003309,Love's,1.92,name match 0.28 mi from I-75 exit 143 (node/98015058)
69182,42.901222,-73.784655,osm_exit,high,node/41862865,I-87 exit 10,2.56,I-87 exit 10: 2 node(s) within 0.3 mi; no fuel station with the name within 1.5 mi
69183,39.617329,-83.605345,osm_fuel,high,node/6294591785,Speedway (ref 7611),3.36,name match 0.31 mi from I-71 exit 65 (node/197357389); OSM has the store number
69188,45.776260,-111.198931,osm_exit,high,node/40668064,I-90 exit 298,1.09,I-90 exit 298: 2 node(s) within 1.1 mi; no fuel station with the name within 1.5 mi
69189,30.893921,-102.852487,osm_fuel,high,way/1259614188,Love's,1.88,name match 0.16 mi from I-10 exit 261 (node/870542640)
69190,30.733965,-86.348269,osm_fuel,high,node/11684347254,Love's,13.78,name match 0.18 mi from I-10 exit 70 (node/101075181)
69200,40.160403,-89.417467,osm_exit,high,node/235393094,I-55 exit 126,2.58,I-55 exit 126: 2 node(s) within 0.4 mi; no fuel station with the name within 1.5 mi
69203,41.528937,-87.849546,osm_fuel,high,way/436907363,Speedway (ref 1414),1.46,"store number and name match, 1.5 mi from city center (no exit in address)"
69211,45.396424,-92.997672,osm_fuel,high,way/698140841,Kwik Trip,2.27,name match 0.27 mi from I-35/US-61 exit 139 (node/186538005)
69214,39.522166,-107.778000,osm_fuel,high,way/915140637,"Maverik Rifle #5031 West Pumps (brand Maverik, operator Maverik)",1.14,name match 0.21 mi from I-70 exit 90 (node/177001308); OSM has the store number
69217,41.035783,-81.864719,osm_fuel,high,node/12361547553,Circle K,1.05,name match 0.24 mi from I-76 exit 2 (node/198629504)
69218,42.230906,-77.188622,osm_exit,high,node/120254844,I-86 exit 41,0.39,I-86 exit 41: 2 node(s) within 0.4 mi; no fuel station with the name within 1.5 mi
69220,27.601965,-82.538991,osm_fuel,high,node/11234960900,Circle K,5.75,name match 1.16 mi from I-275 exit 2 (node/98709523)
69221,41.395377,-88.421862,osm_fuel,high,way/1040391975,Pilot,1.05,name match 0.35 mi from I-80 exit 112 (node/234606767)
69228,32.703735,-96.275143,osm_fuel,high,way/582397166,QuikTrip,2.02,name match 0.43 mi from I-20 exit 501 (node/1916619966)
69229,35.676762,-88.745841,osm_fuel,high,node/9225578447,Speedway (ref 7154),5.29,name match 0.28 mi from I-40 exit 87 (node/203028503); OSM has the store number
69236,44.501351,-88.320090,osm_fuel,high,node/11548244123,Kwik Trip (ref 225),0.97,"store number and name match, 1.0 mi from city center (no exit in address)"
69237,42.914837,-88.219747,osm_fuel,high,node/12864184411,Kwik Trip,2.29,name match 0.35 mi from I-43 exit 50 (node/232810578)
69238,43.752618,-88.462947,osm_fuel,medium,way/389811718,Kwik Trip,1.76,name match 0.54 mi from US-41 exit 97 (node/311927674); nearest of 2 matching sites
69239,34.696832,-87.636094,osm_fuel,high,node/5474122686,Love's (ref 580),4.06,"store number and name match, 4.1 mi from city center (no exit in address)"
69245,34.711333,-76.991612,osm_fuel,high,node/2778691758,Speedway (ref 7946),7.59,"store number and name match, 7.6 mi from city center (no exit in address)"
69250,40.703301,-104.999916,osm_fuel,high,way/548578047,Maverik,0.51,name match 0.16 mi from I-25 exit 278 (node/50938179)
69252,36.024890,-78.479113,osm_fuel,high,node/3188581293,Speedway (ref 6977),0.72,"store number and name match, 0.7 mi from city center (no exit in address)"
69258,28.990841,-98.431023,osm_exit,high,node/311547872,I-37 exit 109,4.34,I-37 exit 109: 2 node(s) within 0.6 mi; no fuel station with the name within 1.5 mi
69288,41.826133,-90.551576,osm_fuel,high,node/1783918069,Kwik Star (ref 207),0.72,name match 0.92 mi from US-61 exit 311B (node/159396366); OSM has the store number
69289,46.760788,-92.131756,osm_fuel,medium,node/4923202455,Kwik Trip,0.95,name match 0.23 mi from I-35 exit 254 (node/8988065833); nearest of 2 matching sites
69290,43.749017,-88.465393,osm_fuel,high,node/4108451495,Love's,2.03,name match 0.62 mi from I-41/US-45 exit 97 (node/311927674)
69291,38.931968,-111.853897,osm_fuel,high,way/494917451,Love's,0.77,name match 0.38 mi from I-70 exit 56 (node/292057382)
69294,43.940237,-90.786299,osm_fuel,high,node/3103386667,Kwik Trip (ref 317),1.32,name match 0.90 mi from I-90 exit 28 (node/258489509); OSM has the store number
69296,46.701791,-92.424520,osm_fuel,medium,relation/17801275,Kwik Trip,3.98,name match 0.18 mi from I-35 exit 239 (node/810265411); nearest of 2 matching sites
69297,45.178982,-89.652570,osm_fuel,medium,node/3666443171,Kwik Trip,2.33,name match 0.35 mi from US-51 exit 208 (node/231470417); nearest of 2 matching sites
69299,36.150453,-81.198533,osm_fuel,high,node/9412575976,Speedway (ref 7912),1.32,"store number and name match, 1.3 mi from city center (no exit in address)"
69300,35.140356,-76.841632,osm_fuel,high,node/8270190910,Speedway (ref 8262),0.36,"store number and name match, 0.4 mi from city center (no exit in address)"
69301,35.547772,-76.632749,osm_fuel,high,node/9377095342,Speedway (ref 6969),0.64,"store number and name match, 0.6 mi from city center (no exit in address)"
69305,38.234259,-88.002565,osm_exit,high,node/237397278,I-64 exit 130,1.47,I-64 exit 130: 2 node(s) within 0.4 mi; no fuel station with the name within 1.5 mi
69306,30.515996,-83.058403,osm_fuel,high,way/693784136,Pilot,8.48,name match 0.20 mi from I-75 exit 460 (node/444985272)
69307,38.890521,-89.834532,osm_fuel,high,way/1324624103,Love's,0.26,name match 0.16 mi from I-55 exit 30 (node/236338336); OSM has the store number
69309,40.959034,-91.519232,osm_exit,high,node/624518198,SR-27/US-218 exit 42B,1.47,US-218 exit 42B: 3 node(s) within 0.3 mi; no fuel station with the name within 1.5 mi
69310,30.505516,-99.776925,osm_fuel,high,way/995768100,Pilot,1.04,name match 0.35 mi from I-10 exit 456 (node/151643504)
69313,47.486531,-122.267180,osm_exit,high,node/255012464,I-5 exit 156,9.98,I-5 exit 156: 2 node(s) within 0.6 mi; no fuel station with the name within 1.5 mi
69314,41.796443,-87.808569,osm_exit,high,node/271576879,I-55 exit 283,3.88,I-55 exit 283: 2 node(s) within 0.8 mi; no fuel station with the name within 1.5 mi
69315,39.424191,-87.691844,osm_fuel,high,way/1181350088,Road Ranger,1.70,name match 0.31 mi from I-70 exit 147 (node/234078605)
69319,35.363400,-78.011167,osm_fuel,high,node/9389029856,Speedway (ref 8190),2.44,"store number and name match, 2.4 mi from city center (no exit in address)"
69322,29.827212,-94.396192,osm_exit,high,node/223019836,I-10 exit 828,1.18,I-10 exit 828: 1 node(s) within 0.0 mi; no fuel station with the name within 1.5 mi
69324,46.138139,-67.845445,osm_exit,high,node/393298785,I-95 exit 302 (old exit 62),1.32,I-95 exit 302: 2 node(s) within 0.6 mi; no fuel station with the name within 1.5 mi
69330,44.485338,-87.918374,osm_fuel,high,way/46504898,Kwik Trip,4.19,name match 1.13 mi from I-43 exit 183 (node/230525801)
69333,42.674725,-85.657707,osm_fuel,high,node/8239192713,Speedway,0.82,name match 0.24 mi from US-131 exit 64 (node/183452555)
69336,36.192216,-86.411692,osm_fuel,high,node/9231429418,Speedway (ref 7148),3.77,name match 0.57 mi from I-40 exit 232 (node/204115369); OSM has the store number
69338,41.205603,-85.706764,osm_fuel,high,relation/14479364,Speedway (ref 6139),0.48,"store number and name match, 0.5 mi from city center (no exit in address)"
69339,39.441002,-84.341581,osm_fuel,high,way/543300577,Speedway (ref 9383),1.34,name match 0.41 mi from I-75 exit 29 (node/200306029); OSM has the store number
69341,29.326921,-98.421384,osm_exit,medium,node/149488686,I-410/SR-130/US-281 exit 41,11.26,I-410/US-281 exit 41: 2 node(s) within 0.8 mi; no fuel station with the name within 1.5 mi; 11 mi from the city
69342,41.661123,-87.517705,osm_exit,high,node/27731081,I-90/SR-912 exit 3,3.16,I-90 exit 3: 1 node(s) within 0.0 mi; no fuel station with the name within 1.5 mi
69345,40.215311,-76.783764,osm_exit,medium,node/1124840188,I-76 exit 247 (Harrisburg East),3.05,"I-76 exit 247: 6 node(s) within 0.7 mi; no fuel station with the name within 1.5 mi; city name ambiguous, exit unique in its area"
69353,40.373990,-80.104216,osm_exit,high,node/716313823,I-79 exit 55,8.15,I-79 exit 55: 2 node(s) within 0.2 mi; no fuel station with the name within 1.5 mi
69369,40.626135,-80.229659,osm_fuel,high,node/9328769306,Speedway (ref 2912),1.01,"store number and name match, 1.0 mi from city center (no exit in address)"
69384,44.297216,-88.271197,osm_fuel,high,way/659395818,Kwik Trip (ref 209),1.43,name match 0.25 mi from US-41 exit 148 (node/232003525); OSM has the store number
69390,40.755562,-88.006795,osm_exit,high,node/234818507,I-57 exit 283,0.60,I-57 exit 283: 2 node(s) within 0.6 mi; no fuel station with the name within 1.5 mi
69392,39.992472,-85.843925,osm_fuel,high,node/6308702367,Love's,4.54,name match 0.23 mi from I-69 exit 214 (node/180346435)
69394,40.022838,-84.238995,osm_fuel,high,node/1856816619,Speedway (ref 3424),1.53,name match 0.46 mi from I-75 exit 73 (node/430023289); OSM has the store number
69396,35.980847,-85.010475,osm_exit,high,node/202150223,I-40 exit 320,2.32,I-40 exit 320: 2 node(s) within 0.4 mi; no fuel station with the name within 1.5 mi
69397,35.684189,-88.777968,osm_fuel,high,node/8157971414,Speedway (ref 7163),3.78,name match 0.39 mi from I-40/US-412 exit 85 (node/203018757); OSM has the store number
69398,35.029685,-85.187541,osm_fuel,high,node/9233639695,Speedway (ref 7114),4.26,name match 0.40 mi from SR-153 exit 1 (node/1829986729); OSM has the store number
69399,35.469142,-84.653207,osm_fuel,high,node/9233595403,Speedway (ref 7147),2.87,name match 0.41 mi from I-75 exit 49 (node/202926501); OSM has the store number
69401,41.227853,-95.853105,osm_fuel,medium,way/698747746,Casey's General Store,0.60,name match 1.17 mi from I-29 exit 47 (node/160759408); nearest of 2 matching sites
69402,40.497932,-82.720845,osm_fuel,high,way/482092801,Shell,6.83,name match 0.27 mi from I-71 exit 151 (node/198967420)
69405,32.374774,-98.999105,osm_exit,high,node/390910637,I-20 exit 330,1.33,I-20 exit 330: 2 node(s) within 0.7 mi; no fuel station with the name within 1.5 mi
69410,44.117790,-103.049883,osm_exit,high,node/80831235,I-90/US-14 exit 67B,1.62,I-90 exit 67B: 3 node(s) within 0.4 mi; no fuel station with the name within 1.5 mi
69413,35.500280,-98.969135,osm_exit,high,node/145300194,I-40 exit 66,0.48,I-40 exit 66: 2 node(s) within 0.5 mi; no fuel station with the name within 1.5 mi
69414,36.918064,-86.427895,osm_exit,high,node/168868983,I-65 exit 20,4.07,I-65 exit 20: 2 node(s) within 1.2 mi; no fuel station with the name within 1.5 mi
69421,31.775666,-106.473879,osm_fuel,high,node/14160652339,Circle K,5.58,name match 0.85 mi from I-10 exit 19B (node/179221490)
69425,32.271106,-107.753984,osm_exit,high,node/447140964,I-10 exit 82A,0.56,I-10/US-180 exit 82A: 4 node(s) within 0.7 mi; no fuel station with the name within 1.5 mi
69426,35.256169,-112.198454,osm_exit,high,node/1698541676,I-40 exit 163,1.08,I-40 exit 163: 2 node(s) within 0.8 mi; no fuel station with the name within 1.5 mi
69438,36.877068,-94.431019,osm_exit,high,node/191941332,I-49/US-71 exit 27,3.72,I-49/US-71 exit 27: 2 node(s) within 0.5 mi; no fuel station with the name within 1.5 mi
69439,38.370127,-97.615768,osm_fuel,high,node/11691875860,Love's,2.64,name match 0.30 mi from I-135 exit 60 (node/121182425)
69441,32.403068,-99.383843,osm_fuel,high,way/1125955119,Love's,0.86,name match 0.28 mi from I-20 exit 307 (node/222810731)
69448,33.556197,-101.844847,osm_exit,medium,node/344672196,I-27/US-87 exit 532 (old exit 2),2.57,"I-27/US-87 exit 2: 2 node(s) within 1.0 mi, matched on the old exit number (old_ref); no fuel station with the name within 1.5 mi"
69451,30.513142,-81.634494,osm_exit,medium,node/96569667,I-95 exit 366 (old exit 128),12.29,I-95 exit 366: 2 node(s) within 0.6 mi; no fuel station with the name within 1.5 mi; 12 mi from the city
69454,39.299166,-85.958545,osm_fuel,high,relation/17699585,Speedway (ref 6092),0.48,name match 0.42 mi from I-65 exit 76A (node/178842277); OSM has the store number
69455,43.117482,-88.059834,osm_fuel,high,node/9206578232,Speedway (ref 4214),6.01,"store number and name match, 6.0 mi from city center (I-45 exit 46 not found in OSM within 25 mi)"
69458,42.440851,-90.843344,osm_exit,high,node/392015055,US-20/US-52 exit 308,0.45,US-20 exit 308: 2 node(s) within 0.7 mi; no fuel station with the name within 1.5 mi
69459,38.534053,-89.732170,osm_fuel,high,way/1016988911,Love's,1.36,name match 0.38 mi from I-64 exit 27 (node/237000596)
69462,30.846692,-89.497807,osm_fuel,high,way/1040078566,Love's,1.98,name match 0.16 mi from I-59 exit 29 (node/126078643)
69469,34.889609,-82.157382,osm_fuel,high,way/524541596,QuikTrip,5.00,name match 0.45 mi from I-85 exit 60 (node/114445536)
69471,27.803541,-97.449050,osm_exit,high,node/227459369,I-37 exit 3A,3.23,I-37 exit 3A: 3 node(s) within 0.6 mi; no fuel station with the name within 1.5 mi
69474,32.404628,-85.956179,osm_fuel,high,node/894539514,Loves,1.08,name match 0.31 mi from I-85 exit 22 (node/57025097)
69475,35.606771,-97.426575,osm_exit,medium,node/297805431,I-35/SR-66 exit 138C,18.66,I-35 exit 138C: 7 node(s) within 0.6 mi; no fuel station with the name within 1.5 mi; 19 mi from the city
69487,29.601954,-98.274406,osm_exit,high,node/151137035,I-35 exit 176,3.02,I-35 exit 176: 2 node(s) within 1.0 mi; no fuel station with the name within 1.5 mi
69496,39.843279,-85.557363,osm_fuel,high,node/9588805132,Love's (ref 601),3.59,name match 0.26 mi from I-70 exit 115 (node/179831528); OSM has the store number
69497,39.319083,-87.990232,osm_exit,high,node/234070765,I-70 exit 129,0.98,I-70 exit 129: 2 node(s) within 0.7 mi; no fuel station with the name within 1.5 mi
69500,31.788194,-102.478623,osm_fuel,high,node/11203970627,Road Ranger,10.09,name match 0.37 mi from I-20 exit 108 (node/224066526)
69505,42.855332,-88.316480,osm_exit,high,node/232814316,I-43 exit 43,0.27,I-43 exit 43: 2 node(s) within 0.6 mi; no fuel station with the name within 1.5 mi
69506,42.902183,-87.926776,osm_fuel,high,way/899339913,Kwik Trip,2.16,name match 0.57 mi from I-94/US-41 exit 321 (node/373477917)
69512,33.641880,-101.837463,osm_fuel,high,way/472419729,Love's,6.27,name match 0.31 mi from I-27/US-87 exit 8 (node/226711440)
69513,44.928883,-90.312678,osm_fuel,high,node/6384655674,Kwik Trip,1.03,name match 0.30 mi from SR-29 exit 132 (node/147180868)
69514,31.984995,-102.035740,osm_exit,high,node/227154271,I-20 exit 138,5.31,I-20 exit 138: 1 node(s) within 0.0 mi; no fuel station with the name within 1.5 mi
69520,40.085718,-79.761022,osm_fuel,high,node/4762948563,Speedway (ref 2908),0.45,"store number and name match, 0.5 mi from city center (no exit in address)"
69521,42.022475,-93.444110,osm_fuel,high,node/1292413108,Casey's General Store,1.36,name match 1.10 mi from US-30 exit 158 (node/161061826)
69522,38.618614,-95.232198,osm_exit,high,node/120236635,I-35/US-50/US-59 exit 187,2.17,I-35 exit 187: 2 node(s) within 0.6 mi; no fuel station with the name within 1.5 mi
69524,43.292271,-71.573131,osm_exit,high,node/194857752,I-93/US-4 exit 17,4.17,I-93 exit 17: 3 node(s) within 0.2 mi; no fuel station with the name within 1.5 mi
69525,28.676633,-99.182905,osm_exit,high,node/224310646,I-35 exit 85,0.74,I-35 exit 85: 2 node(s) within 0.7 mi; no fuel station with the name within 1.5 mi
69527,42.646565,-84.072861,osm_exit,high,node/61546742,I-96 exit 129,0.89,I-96 exit 129: 2 node(s) within 0.0 mi; no fuel station with the name within 1.5 mi
69528,41.891959,-91.673671,osm_fuel,high,way/744224828,Kwik Star,5.00,name match 0.27 mi from I-380/US-218/SR-27 exit 13 (node/160292637)
69530,29.443026,-98.435943,osm_exit,high,node/149521595,I-35 exit 160,5.51,I-35 exit 160: 2 node(s) within 0.7 mi; no fuel station with the name within 1.5 mi
69531,43.146028,-93.348983,osm_fuel,high,way/964387989,Kwik Star,1.46,name match 0.43 mi from I-35 exit 194 (node/392922625)
69532,43.677179,-116.686970,osm_exit,high,node/127748126,I-84/US-20/US-26/US-30 exit 27,2.57,I-84 exit 27: 2 node(s) within 0.5 mi; no fuel station with the name within 1.5 mi
69542,41.667302,-87.662861,osm_exit,high,node/938138760,I-57 exit 353,3.84,I-57 exit 353: 2 node(s) within 0.6 mi; no fuel station with the name within 1.5 mi
69545,32.193458,-96.898708,osm_fuel,high,node/7724941762,Love's,0.90,name match 0.21 mi from I-35E exit 386 (node/82147326)
69546,46.009689,-92.926251,osm_fuel,high,way/1203414739,Kwik Trip,0.69,name match 0.33 mi from I-35 exit 183 (node/810792892)
69547,44.229247,-88.422973,osm_fuel,high,way/633149443,Kwik Trip (ref 297),1.19,"store number and name match, 1.2 mi from city center (no exit in address)"
69549,44.876022,-93.031139,osm_exit,high,node/186723431,I-494 exit 64B,0.95,I-494 exit 64B: 4 node(s) within 0.8 mi; no fuel station with the name within 1.5 mi
69550,46.730812,-92.179968,osm_fuel,medium,way/1111531834,Kwik Trip,3.72,name match 0.55 mi from I-35 exit 251B (node/601112290); nearest of 3 matching sites
69553,41.696244,-88.261415,osm_fuel,high,node/9483352143,Speedway (ref 2120),4.10,"store number and name match, 4.1 mi from city center (no exit in address)"
69554,39.826422,-85.770864,osm_fuel,high,way/545190457,Speedway (ref 8047),2.29,name match 0.50 mi from I-70 exit 104 (node/179741712); OSM has the store number
69559,43.874187,-93.277161,osm_exit,high,node/188217424,I-35 exit 26,1.11,I-35 exit 26: 2 node(s) within 0.6 mi; no fuel station with the name within 1.5 mi
69560,35.064068,-106.784470,osm_fuel,high,way/894444117,Love's,8.28,name match 0.25 mi from I-40 exit 149 (node/141064819)
69561,35.909312,-84.150227,osm_fuel,high,node/13031232891,Speedway,12.01,name match 0.31 mi from I-40 exit 374 (node/472254459)
69562,42.682549,-84.512778,osm_fuel,high,node/8287318818,Speedway (ref 8796),3.29,name match 0.70 mi from I-496 exit 11 (node/184519081); OSM has the store number
69563,37.963784,-84.391866,osm_fuel,high,node/3238427982,Speedway (ref 9651),4.98,name match 0.33 mi from I-75 exit 104 (node/163416725); OSM has the store number
69564,36.139291,-85.628384,osm_fuel,high,node/11247877713,Speedway,1.06,name match 0.22 mi from I-40 exit 280 (node/1118314091)
69565,42.740906,-86.069517,osm_fuel,high,node/4350335864,Pilot,2.33,name match 0.41 mi from I-196 exit 49 (node/3690481056)
69566,41.511734,-88.081558,osm_exit,high,node/385095251,I-80 exit 132B,3.45,I-80 exit 132B: 3 node(s) within 0.3 mi; no fuel station with the name within 1.5 mi
69567,46.433589,-92.755654,osm_fuel,high,node/6357081521,"Kwik Trip Diesel Pumps (brand Kwik Trip, operator Kwik Trip)",1.18,name match 0.39 mi from I-35 exit 214 (node/186409530)
69572,39.663442,-77.739853,osm_exit,high,node/616841191,I-81 exit 7B,1.97,I-81 exit 7B: 4 node(s) within 0.2 mi; no fuel station with the name within 1.5 mi
69573,39.577398,-77.881153,osm_exit,high,node/693965352,I-81 exit 23,1.00,I-81 exit 23: 2 node(s) within 0.7 mi; no fuel station with the name within 1.5 mi
69574,44.904888,-91.860906,osm_exit,high,node/230842009,I-94 exit 45,2.62,I-94 exit 45: 2 node(s) within 0.6 mi; no fuel station with the name within 1.5 mi
69575,39.671905,-78.716941,osm_fuel,high,way/659637039,Love's,2.59,name match 0.42 mi from I-68 exit 46 (node/182199850)
69581,42.893860,-76.113915,osm_fuel,high,node/4453540795,Byrne Dairy,0.45,name match 0.18 mi from I-81 exit 15 (node/212727068)
69585,38.380278,-84.572811,osm_fuel,high,way/793382632,Love’s,1.27,name match 0.28 mi from I-75 exit 136 (node/168176972)
69587,39.479719,-88.321523,osm_exit,high,node/298788390,I-57 exit 190A,2.17,I-57 exit 190A: 4 node(s) within 0.6 mi; no fuel station with the name within 1.5 mi
69588,32.797582,-96.685024,osm_exit,high,node/81552023,I-30/US-67 exit 52B,6.42,I-30 exit 52B: 4 node(s) within 1.1 mi; no fuel station with the name within 1.5 mi
69589,35.879502,-97.392081,osm_fuel,high,way/604785797,Love's,0.95,name match 0.21 mi from I-35 exit 157 (node/146483803)
69591,26.336713,-81.751441,osm_exit,high,node/98021805,I-75 exit 116 (old exit 18),2.39,I-75 exit 116: 2 node(s) within 0.7 mi; no fuel station with the name within 1.5 mi
69592,39.734647,-86.064244,osm_fuel,high,node/9612010688,Speedway (ref 6131),5.22,name match 1.11 mi from I-465 exit 49 (node/180874253); OSM has the store number
69594,41.593671,-88.186300,osm_fuel,high,way/991156290,Speedway (ref 8480),2.76,"store number and name match, 2.8 mi from city center (no exit in address)"
69595,35.650843,-87.011849,osm_fuel,high,node/9049467391,Speedway (ref 7176),2.52,"store number and name match, 2.5 mi from city center (no exit in address)"
69596,42.008861,-87.900906,osm_fuel,high,way/1027578860,Speedway (ref 4250),1.76,"store number and name match, 1.8 mi from city center (no exit in address)"
69597,39.941536,-79.659099,osm_fuel,high,node/9329496344,Speedway (ref 2918),4.53,"store number and name match, 4.5 mi from city center (no exit in address)"
69598,41.389104,-81.852275,osm_fuel,high,node/9690732664,Speedway (ref 8133),1.37,"store number and name match, 1.4 mi from city center (no exit in address)"
69599,40.398674,-79.769922,osm_fuel,high,node/9329722022,Speedway (ref 2917),1.96,"store number and name match, 2.0 mi from city center (no exit in address)"
69612,28.047392,-99.348606,osm_fuel,high,way/525507183,Road Ranger,0.60,name match 0.33 mi from I-35 exit 39 (node/226613286)
69616,39.412518,-84.156831,osm_exit,high,node/200294557,I-71 exit 32,3.14,I-71 exit 32: 2 node(s) within 0.4 mi; no fuel station with the name within 1.5 mi
69625,40.084272,-76.218827,osm_fuel,high,way/556611634,Rutter's (ref 34),1.69,"store number and name match, 1.7 mi from city center (no exit in address)"
69629,44.922037,-73.110093,osm_fuel,high,node/1655454640,Mobil,0.48,name match 0.20 mi from I-89 exit 21 (node/204509552)
69633,31.604401,-106.197114,osm_exit,high,node/179286170,I-10 exit 42,2.10,I-10 exit 42: 2 node(s) within 0.7 mi; no fuel station with the name within 1.5 mi
69636,41.344991,-88.197277,osm_fuel,high,node/11453061898,Petro,2.61,name match 0.37 mi from I-55 exit 240 (node/481285263)
69646,33.664586,-114.206032,osm_exit,high,node/174868921,I-10 exit 19,0.66,I-10 exit 19: 2 node(s) within 0.7 mi; no fuel station with the name within 1.5 mi
69647,41.854490,-88.278202,osm_fuel,high,way/990302624,Speedway (ref 6207),1.75,"store number and name match, 1.8 mi from city center (no exit in address)"
69648,40.996192,-81.997246,osm_fuel,high,way/1274253287,BP (Diesel) (brand BP),0.70,name match 0.19 mi from I-71 exit 204 (node/198629811)
69649,41.203344,-79.975336,osm_fuel,high,way/552621764,Speedway (ref 2921),4.98,name match 0.29 mi from I-80 exit 29 (node/795341478); OSM has the store number
69653,39.294348,-102.274271,osm_exit,high,node/177294183,I-70 exit 437 (South Lincoln Street),0.70,I-70 exit 437: 2 node(s) within 0.5 mi; no fuel station with the name within 1.5 mi
69658,41.555134,-95.917479,osm_exit,high,node/159832207,I-29 exit 75,0.82,I-29 exit 75: 2 node(s) within 0.6 mi; no fuel station with the name within 1.5 mi
69659,34.913475,-80.978160,osm_fuel,high,node/9087731394,QuikTrip,2.88,name match 0.24 mi from I-77 exit 77 (node/114459206)
69668,36.872490,-89.533196,osm_exit,high,node/193178484,I-55 exit 66A,3.08,I-55 exit 66A: 4 node(s) within 0.5 mi; no fuel station with the name within 1.5 mi
69669,31.946999,-102.141000,osm_fuel,high,way/970498213,Love's,5.60,name match 0.30 mi from I-20/SR-349 exit 131 (node/227135532)
69674,36.163935,-84.078709,osm_exit,high,node/1843340902,I-75 exit 122,5.39,I-75 exit 122: 2 node(s) within 0.5 mi; no fuel station with the name within 1.5 mi
69676,34.123494,-84.224322,osm_fuel,high,node/8987843635,Speedway (ref 8495),4.57,name match 0.45 mi from US-19/SR-400 exit 12 (node/315530885); OSM has the store number
69680,41.796443,-87.808569,osm_exit,high,node/271576879,I-55 exit 283,3.88,I-55 exit 283: 2 node(s) within 0.8 mi; no fuel station with the name within 1.5 mi
69681,33.591149,-86.127767,osm_exit,high,node/63924025,I-20 exit 168,0.76,I-20 exit 168: 2 node(s) within 0.4 mi; no fuel station with the name within 1.5 mi
69682,36.379652,-84.247456,osm_exit,high,node/1843341406,I-75 exit 141,4.54,I-75 exit 141: 2 node(s) within 0.3 mi; no fuel station with the name within 1.5 mi
69683,41.801144,-87.794275,osm_exit,high,node/271576551,I-55 exit 283,6.15,I-55 exit 283: 2 node(s) within 0.8 mi; no fuel station with the name within 1.5 mi
69684,44.900485,-89.528037,osm_fuel,high,node/8313401454,Kwik Trip,4.66,name match 1.29 mi from SR-29 exit 177 (node/147008952)
69693,41.127271,-111.911419,osm_fuel,high,way/530431473,Maverik (operator Maverick Inc),7.58,name match 0.27 mi from US-89 exit 405 (node/82961497)
69695,40.481551,-111.898883,osm_fuel,medium,way/1177607342,Maverik Truck and RV (brand Maverik),2.10,name match 0.25 mi from I-15/US-89 exit 288 (node/357733056); nearest of 2 matching sites
69702,36.010935,-83.532551,osm_fuel,high,node/6616579582,Speedway (ref 7159),5.89,name match 0.36 mi from I-40/SR-66 exit 412 (node/1693316346); OSM has the store number
69703,27.602502,-99.495754,osm_exit,high,node/9888804745,I-27/I-35/US-83 exit 8B,2.94,I-35 exit 8B: 3 node(s) within 1.1 mi; no fuel station with the name within 1.5 mi
69707,32.947514,-93.898782,osm_exit,high,node/1839509587,I-49 exit 241,3.55,I-49 exit 241: 2 node(s) within 0.6 mi; no fuel station with the name within 1.5 mi
69710,41.108931,-102.951161,osm_fuel,high,way/1255423749,Love's,1.96,name match 0.36 mi from I-80 exit 59 (node/133434871)
69711,30.371117,-81.763342,osm_fuel,high,node/5486357424,Pilot Truck Stop (brand Pilot),6.51,name match 0.30 mi from I-295 exit 25 (node/96564613)
69712,45.825304,-119.798037,osm_fuel,high,way/550546860,Love's,5.13,name match 0.32 mi from I-84/US-30 exit 159 (node/673773856)
69713,31.601447,-96.155589,osm_exit,high,node/473331082,I-45 exit 189,7.62,I-45 exit 189: 2 node(s) within 0.6 mi; no fuel station with the name within 1.5 mi
69719,40.599982,-78.321409,osm_fuel,high,way/1318569349,Sheetz,7.61,name match 0.60 mi from I-99/US-220 exit 41 (node/473365834)
69723,42.147672,-88.510301,osm_fuel,high,node/4583823789,Speedway (ref 5036),2.16,"store number and name match, 2.2 mi from city center (no exit in address)"
69731,37.845251,-94.334609,osm_exit,high,node/193788929,I-49/US-71 exit 102 A,0.86,I-49 exit 102A: 3 node(s) within 0.8 mi; no fuel station with the name within 1.5 mi
69740,36.756506,-81.856006,osm_fuel,high,node/11712125861,Love's,1.60,name match 0.22 mi from I-81 exit 24 (node/154299203)
69741,33.458312,-112.239852,osm_fuel,high,way/1004594293,Love's,1.16,name match 1.10 mi from I-10 exit 133B (node/322888618)
69745,34.946767,-104.650832,osm_fuel,high,way/784612776,Pilot,1.56,name match 0.32 mi from I-40/US-54 exit 277 (node/142120287)
69746,41.541026,-94.006360,osm_exit,high,node/31535474,I-80 exit 110,0.29,I-80 exit 110: 2 node(s) within 0.6 mi; no fuel station with the name within 1.5 mi
69750,29.680709,-98.142245,osm_fuel,high,way/1082653348,Circle K,2.07,name match 1.37 mi from I-35 exit 183 (node/150138210)
69755,32.894356,-79.987640,osm_exit,high,node/411289085,I-526 exit 19,4.66,I-526 exit 19: 2 node(s) within 0.3 mi; no fuel station with the name within 1.5 mi
69758,40.741343,-111.947127,osm_fuel,medium,way/726174448,Maverik,2.60,name match 0.30 mi from I-215 exit 21 (node/5793152138); nearest of 4 matching sites; a site of another store set aside
69766,40.394594,-84.158881,osm_fuel,high,node/11829393605,Marathon,0.88,name match 0.25 mi from I-75 exit 99 (node/454082552)
69770,42.087217,-78.625178,osm_exit,high,node/211486762,I-86/SR-17 exit 23,4.84,I-86 exit 23: 2 node(s) within 0.5 mi; no fuel station with the name within 1.5 mi
69772,29.335738,-98.622686,osm_exit,medium,node/149509725,I-410/SR-16 exit 2,10.58,I-410 exit 2: 1 node(s) within 0.0 mi; no fuel station with the name within 1.5 mi; 11 mi from the city
69780,41.703604,-88.032341,osm_exit,medium,node/373848791+node/374092585,I-55 exit 269,3.97,"I-55 exit 269: 2 node(s) within 1.6 mi, midpoint of 2 exit nodes 1.6 mi apart; no fuel station with the name within 1.5 mi"
69783,40.475420,-76.293789,osm_fuel,high,way/552675822,Sheetz,0.31,name match 0.15 mi from I-78/US-22 exit 13 (node/27607075)
69786,35.884876,-89.917871,osm_fuel,high,way/1324847197,Love's,3.47,name match 0.29 mi from I-55 exit 63 (node/117807927)
69787,38.638979,-94.356167,osm_exit,high,node/5408529596,I-49/SR-2/SR-7/US-71 exit 158,0.83,I-49 exit 158: 2 node(s) within 0.3 mi; no fuel station with the name within 1.5 mi
69788,38.794132,-90.449166,osm_fuel,high,way/598192767,Love's,2.25,name match 0.19 mi from SR-370 exit 9 (node/1190084470)
69790,36.070714,-89.394627,osm_fuel,high,way/965096282,Love's,1.90,name match 0.27 mi from I-155/US-412 exit 13 (node/954614235)
69792,37.215458,-93.382158,osm_exit,high,node/190579380,I-44 exit 72,5.14,I-44 exit 72: 2 node(s) within 0.5 mi; no fuel station with the name within 1.5 mi
69799,35.041037,-110.696230,osm_fuel,high,way/1065955699,Maverik,1.38,name match 0.32 mi from I-40 exit 253 (node/1740917355)
69801,39.189599,-119.751711,osm_fuel,high,way/692913775,"Maverik (operator FJ Management, ref 409)",1.97,name match 0.25 mi from I-580 exit 41 (node/263539357); OSM has the store number
69803,41.454681,-88.198995,osm_fuel,high,node/4448683337,Thornton's (brand Thorntons),3.98,name match 0.18 mi from I-55 exit 248 (node/29411390)
69804,43.048136,-88.258170,osm_fuel,medium,node/7338817970,Kwik Trip,1.42,name match 0.22 mi from I-94 exit 293 (node/232825417); nearest of 2 matching sites
69809,45.244444,-93.673071,osm_exit,high,node/12569868088,I-94 exit 201;202,7.97,I-94 exit 202: 1 node(s) within 0.0 mi; no fuel station with the name within 1.5 mi
69813,40.012702,-77.534747,osm_fuel,high,way/960827958,Sheetz,2.56,name match 0.19 mi from I-81 exit 24 (node/1370601631)
69815,46.391604,-105.823633,osm_fuel,high,way/1420853762,Cenex,1.22,name match 0.26 mi from I-94/US-12 exit 138 (node/40517239)
69816,33.525783,-101.844253,osm_exit,medium,node/226731759,I-27/US-87 exit 530 (old exit 1),3.58,"I-27 exit 1: 6 node(s) within 2.1 mi, matched on the old exit number (old_ref); no fuel station with the name within 1.5 mi"
69817,32.322101,-89.343471,osm_fuel,high,node/9392696127,Love's,1.79,name match 0.20 mi from I-20 exit 96 (node/1911599641)
69821,32.763243,-97.317674,osm_exit,high,node/82405058,I-35W/US-287/US-377 exit 52B,4.63,I-35W exit 52B: 8 node(s) within 0.6 mi; no fuel station with the name within 1.5 mi
69826,36.472984,-86.680757,osm_exit,high,node/203406691,I-65 exit 108,0.88,I-65 exit 108: 2 node(s) within 0.6 mi; no fuel station with the name within 1.5 mi
69827,44.880743,-91.905036,osm_fuel,high,node/6835215490,Kwik Trip (ref 164),0.63,"store number and name match, 0.6 mi from city center (no exit in address)"
69830,40.549147,-75.986795,osm_fuel,high,way/996684170,Rutters,0.54,name match 0.76 mi from I-78/US-22 exit 29 (node/27607155)
69832,30.419083,-89.190480,osm_fuel,high,node/10816216823,Love's,7.24,name match 0.23 mi from I-10 exit 28 (node/125103771)
69837,41.600172,-87.579777,osm_fuel,high,way/1259728858,Love's,1.19,name match 0.20 mi from I-94 exit 73B (node/766963056)
69840,41.146071,-96.162007,osm_fuel,high,way/603161711,Kum & Go,2.21,name match 0.32 mi from I-80 exit 439 (node/135787675)
69842,36.009980,-96.117203,osm_exit,high,node/145412026,I-44 exit 215,0.52,I-44 exit 215: 2 node(s) within 0.2 mi; no fuel station with the name within 1.5 mi
69850,41.649617,-93.611301,osm_exit,high,node/160723392,I-35/I-80 exit 135,5.32,I-80/SR-415 exit 135: 2 node(s) within 0.8 mi; no fuel station with the name within 1.5 mi
69851,42.239983,-88.832682,osm_fuel,high,way/682577325,Speedway (ref 3995),3.32,"store number and name match, 3.3 mi from city center (no exit in address)"
69854,43.389168,-89.469540,osm_fuel,high,way/1058435666,Love's,3.26,name match 0.21 mi from I-39 exit 115 (node/53842588)
69856,33.949369,-80.995025,osm_exit,high,node/395286850,I-77 exit 5,2.57,I-77 exit 5: 2 node(s) within 0.5 mi; no fuel station with the name within 1.5 mi
69859,30.474418,-90.743520,osm_exit,high,node/415331114,I-12 exit 22,1.45,I-12 exit 22: 2 node(s) within 0.5 mi; no fuel station with the name within 1.5 mi
69861,37.741992,-88.964603,osm_fuel,high,way/227888561,"Huck's Fuel (brand Huck's Food & Fuel, operator Huck's)",1.38,name match 0.57 mi from I-57 exit 53 (node/237428955)
69863,41.098441,-114.952074,osm_exit,high,node/137899126,I-80 exit 352A,1.02,I-80 exit 352A: 3 node(s) within 0.6 mi; no fuel station with the name within 1.5 mi
69870,41.636062,-83.489954,osm_fuel,high,relation/12613781,Circle K,3.00,name match 0.42 mi from I-280 exit 7 (node/63158111)
69874,39.689554,-90.230858,osm_fuel,high,node/11297337653,Love's,2.74,name match 0.32 mi from I-72 exit 64 (node/928664916)
69876,42.306058,-93.569411,osm_exit,high,node/159786897,I-35 exit 133,0.70,I-35 exit 133: 2 node(s) within 0.6 mi; no fuel station with the name within 1.5 mi
69878,41.960572,-87.957828,osm_fuel,high,way/1028225242,Speedway (ref 7412),0.74,"store number and name match, 0.7 mi from city center (no exit in address)"
69879,39.750314,-86.224504,osm_fuel,high,node/9609145797,Speedway (ref 3700),4.55,name match 0.28 mi from I-70 exit 77 (node/180385563); OSM has the store number
69880,41.909217,-87.929479,osm_exit,high,node/237613867,I-290/US-20 exit 13A,3.18,I-290 exit 13A: 3 node(s) within 0.7 mi; no fuel station with the name within 1.5 mi
69882,35.261968,-87.324218,osm_fuel,high,node/9228882763,Speedway (ref 7103),0.97,"store number and name match, 1.0 mi from city center (no exit in address)"
69884,34.968950,-104.788020,osm_exit,high,node/142138495,I-40/US-66 exit 267,6.79,I-40 exit 267: 2 node(s) within 0.4 mi; no fuel station with the name within 1.5 mi
69895,41.464041,-88.272338,osm_fuel,high,way/846903319,Shell,0.99,name match 0.35 mi from I-80 exit 122 (node/234608493)
69900,39.893882,-83.722253,osm_fuel,high,node/5827482088,Love's (ref 605),4.52,name match 0.20 mi from I-70 exit 59 (node/196789112); OSM has the store number
69902,46.260802,-119.180529,osm_fuel,medium,way/775455664,Maverik,2.85,name match 0.29 mi from I-182/US-12 exit 9 (node/47801366); nearest of 2 matching sites
69905,44.386495,-88.167042,osm_fuel,high,way/692294563,Kwik Trip,5.29,name match 0.33 mi from I-41 exit 157 (node/230528350)
69908,40.918906,-90.292764,osm_fuel,high,way/1324938624,Love's,0.91,name match 0.21 mi from I-74 exit 51 (node/235160666)
69912,33.461984,-112.144970,osm_exit,high,node/258421232,I-10 exit 140,8.24,I-10 exit 140: 2 node(s) within 0.7 mi; no fuel station with the name within 1.5 mi
69914,33.951177,-80.986269,osm_exit,high,node/114006246,I-77 exit 5,7.69,I-77 exit 5: 2 node(s) within 0.5 mi; no fuel station with the name within 1.5 mi
69915,38.094726,-94.348859,osm_exit,high,node/188880473,I-49/US-71 exit 120,0.80,I-49/US-71 exit 120: 2 node(s) within 0.4 mi; no fuel station with the name within 1.5 mi
69921,39.252998,-88.152125,osm_fuel,high,node/12257901084,Love's,0.55,name match 0.31 mi from I-70 exit 119 (node/234166053)
69922,41.509015,-112.054751,osm_fuel,high,way/942931982,Love's,0.28,name match 0.39 mi from I-84/I-15 exit 363 (node/432855882)
69926,36.692664,-97.345731,osm_exit,high,node/964046457,I-35 exit 214,2.28,I-35 exit 214: 2 node(s) within 0.4 mi; no fuel station with the name within 1.5 mi
69927,39.699875,-77.733242,osm_fuel,high,way/659634611,Love's,4.31,name match 0.25 mi from I-81 exit 10A (node/103023852)
69930,32.983043,-86.690401,osm_exit,high,node/52548764,I-65 exit 219,2.62,I-65 exit 219: 2 node(s) within 0.5 mi; no fuel station with the name within 1.5 mi
69931,34.670486,-86.752826,osm_fuel,high,way/696682437,Shell,2.82,name match 0.65 mi from I-565 exit 7 (node/57175573)
69933,33.466639,-112.103967,osm_fuel,high,way/129620375,Flyers Energy Supply Center (brand Flyers),7.33,name match 0.75 mi from I-17 exit 201 (node/41248943)
69935,43.107886,-88.057927,osm_exit,high,node/196620772,I-41/US-41/US-45 exit 45,0.72,I-41 exit 45: 2 node(s) within 0.5 mi; no fuel station with the name within 1.5 mi
69937,43.496408,-112.083273,osm_fuel,high,way/241373589,Maverik,2.45,name match 1.49 mi from I-15 exit 119 (node/8406857715)
69939,39.976003,-111.768804,osm_fuel,high,way/1207650397,Maverik Truck and RV (brand Maverik),1.42,name match 0.24 mi from I-15 exit 244 (node/84116460)
69940,38.616290,-94.351688,osm_fuel,high,way/1367283607,Sapp Bros.,2.34,name match 0.22 mi from I-49 exit 157 (node/189539775)
69941,32.729808,-97.820297,osm_fuel,high,way/531586855,QuikTrip,3.63,name match 0.37 mi from I-20 exit 406 (node/6664882239)
69944,41.107243,-80.881325,osm_exit,high,node/198481141,I-76 exit 57,1.35,I-76 exit 57: 2 node(s) within 0.6 mi; no fuel station with the name within 1.5 mi
69945,39.733823,-86.062674,osm_fuel,high,node/9612010662,BP,5.32,name match 1.01 mi from I-465 exit 49 (node/180874253)
69946,43.445519,-93.355964,osm_fuel,high,node/9144867111,Kum & Go Diesel (brand Kum & Go),7.02,name match 0.39 mi from I-35 exit 214 (node/161430454)
69947,36.017503,-86.624142,osm_exit,high,node/202476638,I-24 exit 62,3.98,I-24 exit 62: 2 node(s) within 0.5 mi; no fuel station with the name within 1.5 mi
69952,35.312285,-99.613653,osm_exit,high,node/144677772,I-40 exit 25,1.41,I-40 exit 25: 2 node(s) within 0.4 mi; no fuel station with the name within 1.5 mi
69954,40.892306,-74.717612,osm_fuel,high,way/297937921,Exxon,1.64,name match 0.80 mi from I-80 exit 27A (node/104467215)
69955,35.499182,-80.567834,osm_fuel,high,node/12417520979,QuikTrip,4.68,name match 0.36 mi from I-85 exit 63 (node/169622747)
69957,32.717474,-83.732624,osm_fuel,high,node/11691981008,Love's,10.31,name match 0.17 mi from I-75/SR-401 exit 153 (node/1772206667)
69959,35.384099,-96.811092,osm_exit,high,node/148021179,I-40 exit 192,8.25,I-40 exit 192: 2 node(s) within 0.4 mi; no fuel station with the name within 1.5 mi
69960,47.116601,-104.731866,osm_exit,high,node/430021085,I-94 exit 213,1.21,I-94 exit 213: 2 node(s) within 0.5 mi; no fuel station with the name within 1.5 mi
69964,35.768525,-80.854797,osm_fuel,high,way/1550359507,Sheetz,1.39,name match 0.44 mi from I-77/US-70 exit 49A (node/171646396)
69975,38.014355,-97.941266,osm_fuel,high,node/11487080977,Love's (ref 703),0.63,"store number and name match, 0.6 mi from city center (no exit in address)"
69976,43.588190,-89.805970,osm_fuel,high,way/908240717,Kwik Trip (ref 583),3.78,name match 0.19 mi from I-94 exit 89 (node/53984199); OSM has the store number
69979,46.219720,-119.792881,osm_fuel,high,node/11254003235,Loves (brand Love's),1.41,name match 0.43 mi from I-82/US-12 exit 80 (node/313516687)
69987,45.749572,-107.611338,osm_fuel,high,node/7527860521,Love’s (brand Love's),0.53,name match 0.31 mi from I-90 exit 495 (node/39100158)
69988,43.677259,-87.758213,osm_fuel,high,way/1256825583,Love's,4.45,name match 0.17 mi from I-43 exit 120 (node/232401196)
69995,32.084192,-110.803068,osm_fuel,high,way/855741041,"Pilot Express (brand Pilot, ref 1178)",6.19,name match 0.32 mi from I-10 exit 273 (node/175026888); OSM has the store number
69999,40.438997,-78.426862,osm_exit,high,node/474299635,I-99/US-220 exit 28,0.89,I-99 exit 28: 2 node(s) within 0.3 mi; no fuel station with the name within 1.5 mi
70003,40.299147,-79.875468,osm_fuel,high,node/2843335412,Speedway (ref 2926),0.74,"store number and name match, 0.7 mi from city center (no exit in address)"
70004,40.333227,-83.074552,osm_fuel,high,node/7129352060,Speedway (ref 7775),3.23,"store number and name match, 3.2 mi from city center (no exit in address)"
70007,28.363014,-80.796885,osm_exit,high,node/521960586,I-95 exit 201 (old exit 75),2.25,I-95 exit 201: 2 node(s) within 0.5 mi; no fuel station with the name within 1.5 mi
70008,29.696420,-97.113163,osm_exit,high,node/150650525,I-10 exit 661,0.67,I-10 exit 661: 2 node(s) within 1.0 mi; no fuel station with the name within 1.5 mi
70011,44.079035,-92.515355,osm_fuel,medium,node/878232020,Kwik Trip,4.83,name match 0.39 mi from US-63 exit 59 (node/393104714); nearest of 3 matching sites
70012,39.768786,-104.799383,osm_exit,high,node/270365777,I-70 exit 283,5.86,I-70 exit 283: 2 node(s) within 0.8 mi; no fuel station with the name within 1.5 mi
70019,42.867453,-77.717639,osm_exit,high,node/302070147,I-390 exit 9,3.46,I-390 exit 9: 2 node(s) within 0.5 mi; no fuel station with the name within 1.5 mi
70024,44.492243,-88.071691,osm_fuel,medium,way/558123763,Kwik Trip,4.66,name match 0.93 mi from I-41 exit 167 (node/230521398); nearest of 2 matching sites
70025,40.587836,-81.091705,osm_fuel,high,node/9664821532,Speedway (ref 6245),0.63,"store number and name match, 0.6 mi from city center (no exit in address)"
70026,41.367352,-89.153666,osm_fuel,high,node/9457890710,Speedway (ref 8883),0.99,name match 0.26 mi from I-80 exit 73 (node/273150761); OSM has the store number
70027,42.009315,-88.290118,osm_fuel,high,way/1027577271,Speedway (ref 8851),1.81,"store number and name match, 1.8 mi from city center (no exit in address)"
70028,35.633074,-81.295407,osm_exit,high,node/169837636,US-321 exit 37,4.07,US-321 exit 37: 2 node(s) within 0.5 mi; no fuel station with the name within 1.5 mi
70029,29.990317,-94.205545,osm_exit,high,node/225874430,I-10 exit 843,7.46,I-10 exit 843: 2 node(s) within 0.6 mi; no fuel station with the name within 1.5 mi
70030,41.559996,-87.355537,osm_fuel,high,way/1037865750,Speedway (ref 3991),2.17,"store number and name match, 2.2 mi from city center (no exit in address)"
70031,40.833399,-83.244886,osm_fuel,high,way/636132586,Speedway (ref 8020),1.36,"store number and name match, 1.4 mi from city center (no exit in address)"
70032,42.455777,-92.375340,osm_fuel,high,node/11230225678,Kwik Star (ref 569),2.79,"store number and name match, 2.8 mi from city center (no exit in address)"
70034,41.768736,-87.819988,osm_fuel,high,way/1028927027,Speedway (ref 8799),2.45,name match 1.48 mi from I-55 exit 282A (node/348206735); OSM has the store number
70035,40.502016,-86.868097,osm_fuel,high,node/9518189067,Speedway (ref 8064),4.97,"store number and name match, 5.0 mi from city center (I-55 exit 178 not found in OSM within 25 mi)"
70036,41.877543,-88.235715,osm_fuel,high,node/9481264420,Speedway (ref 3994),1.39,"store number and name match, 1.4 mi from city center (no exit in address)"
70037,39.452118,-87.127027,osm_fuel,high,node/9506751884,Speedway (ref 8738),4.86,name match 0.34 mi from I-70 exit 23 (node/179069338); OSM has the store number
70040,30.013149,-97.858936,osm_exit,medium,node/151423673+node/6688312107,I-35 exit 215,1.96,"I-35 exit 215: 2 node(s) within 3.2 mi, midpoint of 2 exit nodes 3.2 mi apart; no fuel station with the name within 1.5 mi"
70041,37.501187,-77.090253,osm_fuel,high,node/5224098300,Love's (operator Love's Travel Stop),4.84,name match 0.28 mi from I-64/SR-33 exit 211 (node/448150229)
70043,46.664211,-92.472206,osm_fuel,high,node/6791926129,Kwik Trip,2.07,name match 0.16 mi from I-35 exit 235 (node/707357600)
70044,41.600522,-87.588883,osm_fuel,high,way/1331500029,Thorntons,0.73,name match 0.27 mi from I-94 exit 73B (node/766963056)
70049,41.949433,-91.671100,osm_exit,medium,node/160286685,I-380/SR-27 exit 17,1.10,I-380 exit 17: 2 node(s) within 0.6 mi; the fuel station with the name there is held by another OPIS station
70053,43.112416,-89.510722,osm_fuel,medium,way/332978974,Kwik Trip,0.44,name match 0.36 mi from US-12 exit 250 (node/244454458); nearest of 2 matching sites
70059,46.604163,-90.855216,osm_fuel,high,way/911659998,Kwik Trip (ref 118),1.74,"store number and name match, 1.7 mi from city center (no exit in address)"
70067,44.305777,-90.844755,osm_fuel,medium,way/1527258575,Kwik Trip,0.56,name match 0.36 mi from I-94 exit 115 (node/471843656); nearest of 2 matching sites
70068,35.277948,-97.603160,osm_exit,high,node/146562650,I-44 exit 107,2.50,I-44 exit 107: 2 node(s) within 0.6 mi; no fuel station with the name within 1.5 mi
70069,38.648603,-94.364221,osm_exit,high,node/189541410,I-49/SR-2/SR-7/US-71 exit 159,0.75,I-49 exit 159: 2 node(s) within 0.3 mi; no fuel station with the name within 1.5 mi
70084,42.427856,-87.877063,osm_fuel,high,way/334789888,Speedway (ref 4440),4.05,"store number and name match, 4.0 mi from city center (no exit in address)"
70090,35.876813,-87.803002,osm_fuel,high,node/9228775799,Speedway (ref 7111),6.62,name match 0.28 mi from I-40 exit 143 (node/471837550); OSM has the store number
70091,39.121178,-88.558341,osm_fuel,high,way/1025725801,Speedway (ref 7503),0.40,name match 0.56 mi from I-70/I-57 exit 159 (node/234330294); OSM has the store number
70098,46.582498,-90.904851,osm_fuel,high,way/911663040,Kwik Trip (ref 110),1.57,"store number and name match, 1.6 mi from city center (no exit in address)"
70099,33.639056,-97.154292,osm_fuel,high,way/865207612,QuikTrip,0.34,name match 0.19 mi from I-35 exit 497 (node/313451789)
70100,32.196388,-86.414535,osm_fuel,high,way/1259755653,Love's,6.08,name match 0.16 mi from I-65 exit 158 (node/56981577)
70104,40.266664,-103.639224,osm_fuel,high,way/695758523,"Love's (Truck) (brand Love's, operator Love's)",0.53,name match 0.24 mi from I-76/US-6 exit 89 (node/177688588)
70105,28.674203,-82.139449,osm_exit,high,node/484801797,I-75 exit 314 (old exit 63),1.72,I-75 exit 314: 2 node(s) within 0.8 mi; no fuel station with the name within 1.5 mi
70106,31.191502,-97.312758,osm_fuel,high,way/1117057024,Love's,0.76,name match 0.37 mi from I-35 exit 308 (node/6631759756)
70107,40.653280,-82.546559,osm_fuel,high,way/1017955890,Love's (Trucks) (brand Love's),3.02,name match 0.29 mi from I-71 exit 165 (node/199740377)
70111,43.250730,-89.369600,osm_fuel,high,way/779793262,Kwik Trip,1.89,name match 0.43 mi from I-39 exit 126 (node/471777566)
70118,35.948011,-86.488131,osm_fuel,high,node/9231453390,Speedway (ref 7118),2.69,"store number and name match, 2.7 mi from city center (no exit in address)"
70125,40.961347,-80.659088,osm_fuel,high,way/1052089324,Speedway (ref 7391),1.00,name match 0.45 mi from I-76 exit 232 (node/198480221); OSM has the store number
70126,40.647692,-82.543516,osm_fuel,high,way/508991369,Speedway,2.61,name match 0.30 mi from I-71 exit 165 (node/199740377)
70127,40.395887,-79.442819,osm_fuel,high,node/9329474796,Speedway (ref 2929),1.33,"store number and name match, 1.3 mi from city center (no exit in address)"
70128,35.682896,-88.741713,osm_fuel,high,way/1336459825,Circle K,5.63,name match 0.16 mi from I-40 exit 87 (node/203028503)
70135,37.680613,-92.640763,osm_exit,high,node/191266083,I-44 exit 130,1.19,I-44 exit 130: 2 node(s) within 0.4 mi; no fuel station with the name within 1.5 mi
70142,41.179016,-77.319397,osm_exit,high,node/106444172,US-220 exit 118,0.49,US-220 exit 118: 2 node(s) within 0.6 mi; no fuel station with the name within 1.5 mi
70143,45.410175,-94.060580,osm_fuel,high,node/8009948687,Kwik Trip,0.78,name match 0.24 mi from I-94/HWY-24 exit 178 (node/188472241)
70144,35.540267,-94.235474,osm_fuel,high,node/12249892106,Love's,3.52,name match 0.31 mi from I-49 exit 24 (node/473890605)
70146,47.674155,-117.224964,osm_exit,medium,node/50956762,I-90 exit 291A,9.71,I-90 exit 291A: 4 node(s) within 1.7 mi; the fuel station with the name there is held by another OPIS station
70150,41.035747,-95.817547,osm_exit,high,node/3151963876,I-29 exit 35 A-B,1.55,I-29 exit 35B: 2 node(s) within 1.4 mi; no fuel station with the name within 1.5 mi
70151,32.287300,-96.544277,osm_fuel,high,way/829869340,Love's,5.84,name match 0.38 mi from I-45 exit 246 (node/82129212)
70155,42.384301,-83.275623,osm_fuel,medium,node/8619205114,Marathon (operator Tele Fuel Mart),1.07,name match 0.39 mi from US-24/I-96 exit 179 (node/62565563); nearest of 3 matching sites
70157,42.462181,-92.403849,osm_fuel,high,way/1073996101,Love's (ref 702),3.37,"store number and name match, 3.4 mi from city center (no exit in address)"
70158,33.084984,-80.213059,osm_exit,high,node/510623398,I-26 exit 194,5.81,I-26 exit 194: 3 node(s) within 0.7 mi; no fuel station with the name within 1.5 mi
70164,41.076717,-75.584055,osm_exit,high,node/148994944,I-80 exit 284,1.19,I-80 exit 284: 2 node(s) within 0.6 mi; no fuel station with the name within 1.5 mi
70174,42.989657,-82.930094,osm_fuel,high,node/11711729189,Love's,1.06,name match 0.30 mi from I-69 exit 176 (node/185947554)
70179,36.258954,-94.150512,osm_exit,high,node/116093263,I-49/US-62/US-71 exit 78,0.27,I-49 exit 78: 2 node(s) within 0.6 mi; no fuel station with the name within 1.5 mi
70190,34.651840,-106.793474,osm_fuel,high,way/759264388,Love's,7.97,name match 0.14 mi from I-25 exit 191 (node/144473805)
70191,34.172645,-98.498669,osm_fuel,high,way/1080391283,Love's,2.01,name match 0.27 mi from I-44 exit 5 (node/145258846)
70192,31.360909,-92.588885,osm_fuel,high,node/11114476149,Love's,5.21,name match 0.40 mi from I-49 exit 94 (node/533888325)
70207,32.693880,-97.512101,osm_exit,medium,node/82389562,I-20 exit 425,11.29,I-20 exit 425: 2 node(s) within 0.7 mi; no fuel station with the name within 1.5 mi; 11 mi from the city
70209,37.336671,-94.292167,osm_exit,high,node/190950125,I-49/US-71 exit 66,0.59,I-49 exit 66: 2 node(s) within 0.6 mi; no fuel station with the name within 1.5 mi
70217,42.721067,-114.542165,osm_exit,high,node/129498869,I-84 exit 165,1.36,I-84 exit 165: 2 node(s) within 0.6 mi; no fuel station with the name within 1.5 mi
70220,35.812373,-80.833328,osm_fuel,high,way/1255392369,Love's,2.94,name match 0.23 mi from I-40 exit 154 (node/171581919)
70223,42.973239,-83.719468,osm_fuel,medium,node/8132985051,Speedway,3.80,name match 0.33 mi from I-75 exit 116 (node/61528715); nearest of 2 matching sites
70224,39.116931,-108.354669,osm_exit,high,node/176186713,I-70 exit 42,0.64,I-70 exit 42: 2 node(s) within 0.6 mi; no fuel station with the name within 1.5 mi
70227,30.002634,-82.597996,osm_fuel,high,way/920174640,Love's,13.12,name match 0.19 mi from I-75 exit 414 (node/447913344)
70229,35.970170,-114.913655,osm_exit,high,node/5638788552,I-11/US-93/US-95 exit 15A,6.87,I-11 exit 15A: 3 node(s) within 0.6 mi; no fuel station with the name within 1.5 mi
70232,39.402839,-78.026357,osm_exit,high,node/694216200,I-81 exit 8,3.72,I-81 exit 8: 2 node(s) within 0.6 mi; no fuel station with the name within 1.5 mi
70233,46.861217,-101.423092,osm_exit,high,node/76998554,I-94 exit 127,1.28,SR-31/I-94 exit 127: 2 node(s) within 0.5 mi; no fuel station with the name within 1.5 mi
70236,35.619715,-105.208157,osm_fuel,high,node/11687464539,Love's,1.14,name match 0.31 mi from I-25 exit 347 (node/497150147)
70238,30.580838,-100.645871,osm_fuel,high,way/998218719,Road Ranger,0.74,name match 0.28 mi from I-10 exit 400 (node/300080091)
70239,38.871679,-104.833837,osm_exit,high,node/55684278,I-25 exit 145,3.94,I-25 exit 145: 2 node(s) within 0.5 mi; no fuel station with the name within 1.5 mi
70240,37.130709,-113.525273,osm_fuel,high,way/1210471651,Maverik Truck and RV (brand Maverik),4.66,name match 0.24 mi from I-15 exit 10 (node/282676844)
70242,31.650672,-97.098938,osm_fuel,high,way/1212935781,Road Ranger,8.34,name match 0.08 mi from I-35 exit 342A (node/307609931)
70247,32.672415,-96.968590,osm_fuel,medium,way/1198802473,Exxon,14.41,name match 0.26 mi from I-20 exit 458 (node/81829366); nearest of 2 matching sites
70267,44.699406,-123.054726,osm_fuel,high,way/953106011,Love's,5.42,name match 0.19 mi from I-5 exit 238 (node/287770877)
70269,42.524127,-96.496930,osm_fuel,high,way/965645865,Casey's General Store (ref 3589),0.82,name match 0.20 mi from I-29 exit 2 (node/380448010); OSM has the store number
70273,38.183589,-85.698583,osm_fuel,high,node/9370401239,Speedway (ref 5457),3.65,name match 0.97 mi from I-264 exit 14 (node/164591997); OSM has the store number
70278,44.291107,-88.311794,osm_fuel,high,way/759457979,Kwik Trip,0.43,name match 0.52 mi from I-41 exit 146 (node/6431597700)
70280,40.305600,-104.984252,osm_fuel,high,way/1217861185,Love's,1.75,name match 0.33 mi from I-25 exit 250 (node/55749865)
70281,41.964779,-83.345020,osm_fuel,high,node/6928859177,Love's,3.89,name match 0.25 mi from I-75 exit 18 (node/185314201)
70282,43.003460,-89.206504,osm_exit,high,node/53633290,I-39/I-90 exit 147,6.13,I-39 exit 147: 2 node(s) within 0.7 mi; no fuel station with the name within 1.5 mi
70283,42.325734,-88.164804,osm_fuel,high,way/1011131090,Speedway (ref 3996),3.42,"store number and name match, 3.4 mi from city center (no exit in address)"
70284,44.784475,-68.776016,osm_exit,medium,node/102140232,I-395/SR-15/SR-9 exit 3,17.76,I-395 exit 3: 2 node(s) within 0.5 mi; no fuel station with the name within 1.5 mi; 18 mi from the city
70291,41.328625,-105.610902,osm_fuel,high,node/10219971318,Love's,1.20,name match 0.40 mi from I-80 exit 310 (node/477797070)
70295,41.634638,-85.044634,osm_fuel,high,node/9573542654,Speedway (ref 8080),1.79,"store number and name match, 1.8 mi from city center (no exit in address)"
70298,32.705238,-80.874958,osm_fuel,high,way/585535320,Love's Travel Stop (brand Love's),0.82,name match 0.23 mi from I-95 exit 38 (node/112967343)
70299,30.398134,-81.562661,osm_exit,high,node/5974556431,I-295 exit 41,7.26,I-295 exit 41: 2 node(s) within 1.4 mi; no fuel station with the name within 1.5 mi
70303,42.527977,-92.336913,osm_fuel,high,node/11228811921,Kwik Star (ref 1004),2.58,"store number and name match, 2.6 mi from city center (no exit in address)"
70304,44.312638,-69.809835,osm_exit,high,node/8132815937,I-95 exit 109A,4.04,I-95 exit 109A: 3 node(s) within 0.5 mi; no fuel station with the name within 1.5 mi
70307,45.684891,-92.982101,osm_fuel,high,relation/18046227,Kwik Trip,0.83,name match 0.45 mi from I-35 exit 159 (node/186550668)
70313,33.427081,-111.978112,osm_exit,medium,node/256195429,SR-143 exit 2,11.92,SR-143 exit 2: 1 node(s) within 0.0 mi; no fuel station with the name within 1.5 mi; 12 mi from the city
70318,33.117533,-95.637338,osm_fuel,high,way/895057545,Love's,2.20,name match 0.34 mi from I-30/US-67 exit 122 (node/401522236)
70319,41.045562,-81.690441,osm_fuel,high,node/9678844102,Speedway (ref 3650),2.51,name match 0.17 mi from I-76 exit 11 (node/198628314); OSM has the store number
70320,35.033391,-85.582897,osm_fuel,high,way/1000310182,Speedway (ref 7177),3.24,name match 0.33 mi from I-24 exit 158 (node/203077042); OSM has the store number
70323,40.130601,-87.776841,osm_fuel,high,way/1212472210,Love's,1.41,name match 0.32 mi from I-74 exit 206 (node/962151367)
70326,31.572681,-102.906746,osm_exit,high,node/317717049,I-20 exit 79,1.71,I-20 exit 79: 2 node(s) within 0.4 mi; no fuel station with the name within 1.5 mi
70331,37.794092,-79.884653,osm_fuel,high,way/1061161519,Love's,5.58,name match 0.13 mi from I-64 exit 21 (node/205663810)
70333,41.664671,-93.472552,osm_exit,medium,node/599042270,I-80/US-6 exit 143,1.04,I-80 exit 143: 2 node(s) within 0.8 mi; the fuel station with the name there is held by another OPIS station
70336,42.456398,-89.000892,osm_fuel,high,node/9457139324,Speedway (ref 3962),2.18,name match 0.45 mi from I-39 exit 3 (node/837270024); OSM has the store number
70337,30.571010,-100.586127,osm_fuel,high,way/997224844,Love's,3.31,name match 0.10 mi from I-10 exit 404 (node/665343549)
70338,40.271836,-84.183461,osm_exit,high,node/454078909,I-75 exit 90,1.51,I-75 exit 90: 2 node(s) within 0.5 mi; no fuel station with the name within 1.5 mi
70342,41.906106,-87.920123,osm_exit,high,node/276560368,I-294 exit 33,2.91,I-294 exit 33: 1 node(s) within 0.0 mi; no fuel station with the name within 1.5 mi
70343,48.187624,-122.196615,osm_fuel,high,node/12142719866,Pilot,2.68,name match 0.23 mi from I-5 exit 208 (node/50804234)
70345,42.783079,-86.023113,osm_fuel,high,node/8238942763,Love's,3.98,name match 0.37 mi from I-196 exit 52 (node/185756637)
70346,42.448974,-93.823260,osm_exit,high,node/389198775,US-20 exit 140,0.96,SR-17/US-20 exit 140: 2 node(s) within 0.8 mi; no fuel station with the name within 1.5 mi
70357,39.916130,-83.035502,osm_fuel,medium,way/1485027295,Certified,5.48,name match 0.98 mi from I-71 exit 104 (node/229601106); nearest of 2 matching sites
70359,36.897172,-113.910917,osm_fuel,high,way/1173865805,Pilot Truck Lanes (brand Pilot),2.57,name match 0.15 mi from I-15 exit 9 (node/281745550)
70360,43.672996,-116.677662,osm_fuel,medium,way/753643401,Maverik,2.09,name match 0.22 mi from I-84 exit 28 (node/637834880); nearest of 2 matching sites
70380,35.255195,-80.980214,osm_fuel,high,node/11711708211,Love's,9.01,name match 0.35 mi from I-85 exit 29 (node/1832048628)
70383,30.655713,-87.760153,osm_fuel,high,node/8949777552,Speedway (ref 4400),2.35,"store number and name match, 2.4 mi from city center (no exit in address)"
70388,31.576421,-102.887131,osm_exit,high,node/317717243,I-20 exit 80,1.28,I-20 exit 80: 2 node(s) within 0.6 mi; no fuel station with the name within 1.5 mi
70391,37.901516,-88.946609,osm_exit,high,node/234436960,I-57 exit 65,0.87,I-57 exit 65: 2 node(s) within 0.5 mi; no fuel station with the name within 1.5 mi
70403,47.701333,-117.022648,osm_fuel,high,way/1327888895,Maverik,4.01,name match 0.13 mi from I-90 exit 1 (node/2934594367)
70404,38.797545,-104.778666,osm_fuel,high,way/1158289175,Maverik,4.91,name match 0.97 mi from I-25 exit 138 (node/1692191267)
70407,40.809072,-73.177683,osm_exit,high,node/213358629,I-495 exit 57,0.38,I-495 exit 57: 2 node(s) within 1.1 mi; no fuel station with the name within 1.5 mi
70408,40.823333,-72.988871,osm_exit,high,node/213379776,I-495 exit 64,0.18,I-495 exit 64: 2 node(s) within 0.9 mi; no fuel station with the name within 1.5 mi
70409,42.739995,-86.068663,osm_fuel,high,node/6530634738,Speedway,2.41,name match 0.44 mi from I-196 exit 49 (node/3690481056)
70415,39.519213,-75.069210,osm_exit,high,node/103569716,SR-55 exit 35,5.37,SR-55 exit 35: 3 node(s) within 0.4 mi; no fuel station with the name within 1.5 mi
70419,27.822361,-99.413142,osm_exit,medium,node/344986243,I-35 exit 24,18.69,I-35 exit 24: 2 node(s) within 1.2 mi; no fuel station with the name within 1.5 mi; 19 mi from the city
70422,33.458388,-112.272081,osm_fuel,medium,way/1226372537,Circle K,1.16,name match 0.21 mi from I-10 exit 134 (node/322888818); nearest of 5 matching sites
70424,43.348613,-83.861624,osm_fuel,high,node/8019952856,Love's,1.84,name match 0.22 mi from I-75 exit 144A (node/7804440749)
70425,41.037055,-80.127489,osm_fuel,high,way/1150067310,Love's,4.26,name match 0.15 mi from I-79 exit 105 (node/200797903)
70437,38.127490,-85.748769,osm_fuel,high,node/9365508456,Thorntons (ref 155),6.73,"store number and name match, 6.7 mi from city center (no exit in address)"
70443,32.514789,-90.102946,osm_exit,high,node/125819550,I-55 exit 112,3.26,I-55 exit 112: 2 node(s) within 0.5 mi; no fuel station with the name within 1.5 mi
70448,43.232947,-76.132809,osm_fuel,high,way/1057441031,Circle K,0.61,name match 0.19 mi from I-81 exit 31 (node/212746716)
70453,33.937047,-97.134751,osm_exit,high,node/146584759,I-35 exit 15,0.58,I-35 exit 15: 2 node(s) within 0.5 mi; no fuel station with the name within 1.5 mi
70467,41.148277,-96.161412,osm_fuel,high,way/767760275,QuikTrip,9.69,name match 0.43 mi from I-80 exit 439 (node/135777619)
70474,32.770620,-96.873546,osm_fuel,medium,way/738278200,Exxon,6.41,name match 0.24 mi from I-30 exit 42A (node/310535662); nearest of 3 matching sites
70478,38.930008,-111.853318,osm_fuel,high,way/1176514632,TA Express Trucks (brand TA),0.88,name match 0.40 mi from I-70 exit 56 (node/292057382)
70481,43.705863,-89.472451,osm_exit,high,node/53956510,I-39/SR-23/US-51 exit 100,0.61,I-39 exit 100: 2 node(s) within 0.6 mi; no fuel station with the name within 1.5 mi
70492,44.953158,-89.654606,osm_fuel,medium,relation/20018383,Kwik Trip,0.71,name match 0.67 mi from US-51 exit 191B (node/976966496); nearest of 3 matching sites
70496,44.342509,-87.842964,osm_exit,high,node/230518453,I-43 exit 171,0.75,I-43 exit 171: 2 node(s) within 0.6 mi; no fuel station with the name within 1.5 mi
70498,44.959209,-90.936809,osm_fuel,high,way/1208641145,Kwik Trip,0.34,name match 0.55 mi from SR-29 exit 101 (node/443159220)
70516,32.411037,-100.850013,osm_exit,high,node/227234496,I-20/SR-208 exit 217,0.93,I-20 exit 217: 2 node(s) within 0.7 mi; no fuel station with the name within 1.5 mi
70527,38.488231,-85.770054,osm_fuel,medium,way/821947010,Thorntons,0.48,name match 0.10 mi from I-65 exit 16 (node/178995515); nearest of 2 matching sites
70538,38.151868,-85.071328,osm_fuel,high,node/9362717255,Speedway (ref 9329),1.04,name match 0.26 mi from I-64 exit 43 (node/168226421); OSM has the store number
70539,39.418929,-87.695089,osm_fuel,high,way/1311869094,Pilot,1.36,name match 0.28 mi from I-70/SR-1 exit 147 (node/234078605)
70555,36.082816,-87.101941,osm_exit,high,node/471852056,I-40 exit 188,0.40,I-40 exit 188: 2 node(s) within 0.4 mi; no fuel station with the name within 1.5 mi
70557,36.561172,-95.217881,osm_exit,high,node/602949924,I-44 exit 283,1.75,I-44 exit 283: 2 node(s) within 0.5 mi; no fuel station with the name within 1.5 mi
70558,42.652691,-88.543288,osm_fuel,high,way/1076995595,Love's,1.35,name match 0.18 mi from I-43 exit 25 (node/345358476)
70560,32.691088,-113.954157,osm_fuel,high,way/1454020193,Pilot,0.78,name match 0.27 mi from I-8 exit 42 (node/414245502)
70562,36.627818,-86.566778,osm_fuel,high,node/9230313879,Speedway (ref 7161),3.06,"store number and name match, 3.1 mi from city center (no exit in address)"
70564,41.463938,-82.058128,osm_fuel,high,node/9696492109,Speedway (ref 7236),3.04,name match 0.20 mi from I-90/SR-2 exit 151 (node/198297679); OSM has the store number
70574,39.962069,-89.561966,osm_fuel,high,node/8807029268,Speedway (ref 3961),1.05,name match 0.61 mi from I-55 exit 109 (node/932331240); OSM has the store number
70575,40.472843,-80.060219,osm_fuel,high,way/904181138,Speedway (ref 6721),0.31,"store number and name match, 0.3 mi from city center (no exit in address)"
70576,44.904398,-91.933802,osm_fuel,high,way/1420487105,Kwik Trip,1.58,name match 0.28 mi from I-94 exit 41 (node/230838654)
70577,41.573040,-88.121064,osm_fuel,high,node/9494202880,Speedway (ref 3715),0.41,"store number and name match, 0.4 mi from city center (no exit in address)"
70578,44.099454,-103.158064,osm_exit,high,node/629552214,I-90/SR-79/US-14 exit 61,3.56,I-90/US-14 exit 61: 2 node(s) within 0.6 mi; no fuel station with the name within 1.5 mi
70580,46.947020,-114.133624,osm_fuel,high,node/7798799746,Love's,7.14,name match 0.32 mi from I-90 exit 96 (node/517519891)
70581,32.870551,-87.921597,osm_exit,high,node/55882944,I-20/I-59 exit 40,2.08,SR-14/I-59 exit 40: 2 node(s) within 0.4 mi; no fuel station with the name within 1.5 mi
70582,41.592233,-90.459970,osm_fuel,high,way/1544368914,Kwik Star,1.96,name match 0.53 mi from I-80 exit 301 (node/161012578)
70584,31.971077,-102.079053,osm_exit,high,node/227125423,I-20/SR-158/SR-349 exit 136,4.21,I-20 exit 136: 2 node(s) within 0.5 mi; no fuel station with the name within 1.5 mi
70588,40.171316,-79.733881,osm_fuel,high,node/9329615666,Speedway (ref 7217),1.28,name match 0.22 mi from I-70 exit 49 (node/109326374); OSM has the store number
70591,40.751183,-81.400853,osm_fuel,high,node/9281966854,Speedway (ref 6465),4.28,name match 0.34 mi from I-77 exit 101 (node/1863761503); OSM has the store number
70592,34.139698,-80.748917,osm_fuel,high,node/10228325504,Love's,3.29,name match 0.32 mi from I-20 exit 87 (node/113176308)
70595,40.122632,-87.777989,osm_fuel,high,way/1025728320,Speedway (ref 6509),0.87,name match 0.39 mi from I-74 exit 206 (node/962151367); OSM has the store number
70596,34.151290,-83.640582,osm_fuel,high,node/8986940150,Speedway (ref 7208),2.43,name match 0.32 mi from I-85 exit 137 (node/457717837); OSM has the store number
70597,38.075829,-84.506845,osm_fuel,high,node/8358347297,Speedway (ref 9394),6.23,"store number and name match, 6.2 mi from city center (no exit in address)"
70601,38.939362,-97.217444,osm_exit,high,node/119847774,I-70/US-40 exit 275,1.17,I-70 exit 275: 2 node(s) within 0.4 mi; no fuel station with the name within 1.5 mi
70603,33.477216,-94.410972,osm_fuel,high,way/1328096863,Road Ranger,1.21,name match 0.24 mi from I-30 exit 201 (node/222250053)
70604,43.270728,-93.634494,osm_fuel,high,node/2451240681,KWIK STAR #940 (brand Kwik Star),0.95,"store number and name match, 0.9 mi from city center (no exit in address)"
70605,41.834170,-87.744134,osm_fuel,high,way/1019581844,Speedway (ref 1042),1.06,name match 1.10 mi from I-55/SR-50 exit 286 (node/2993316086); OSM has the store number
70606,37.044140,-86.209287,osm_fuel,high,node/9333333932,Speedway (ref 7179),0.42,name match 0.33 mi from I-65/SR-101 exit 38 (node/168601339); OSM has the store number
70607,41.457276,-88.193234,osm_fuel,high,way/144058666,Speedway (ref 8544),4.33,"store number and name match, 4.3 mi from city center (I-55/US-6 exit 24B not found in OSM within 25 mi)"
70608,45.207212,-93.379078,osm_fuel,high,node/9947960712,Kwik Trip (ref 1017),0.79,"store number and name match, 0.8 mi from city center (no exit in address)"
70609,33.256754,-84.091972,osm_exit,high,node/339926152,I-75 exit 205,7.58,I-75 exit 205: 2 node(s) within 0.8 mi; no fuel station with the name within 1.5 mi
70612,47.053751,-120.661984,osm_fuel,high,node/4297407543,Shree's,0.91,name match 0.05 mi from I-90 exit 101 (node/369953221)
70615,41.623059,-87.675836,osm_fuel,high,way/1255773034,Thorntons,0.66,name match 0.41 mi from I-57 exit 350 (node/9567705759)
70617,39.129359,-94.504762,osm_fuel,high,way/1300384676,QuikTrip,2.46,name match 0.39 mi from I-435 exit 57 (node/190945831)
70618,39.871239,-82.937745,osm_exit,high,node/12347447295,I-270 exit 49,5.05,I-270 exit 49: 2 node(s) within 0.6 mi; no fuel station with the name within 1.5 mi
70620,34.387330,-92.846589,osm_fuel,high,node/12166267719,Love's,1.73,name match 0.28 mi from I-30 exit 97 (node/454232627)
70622,40.263554,-75.741122,osm_fuel,high,way/878780830,Speedway (ref 6781),0.93,"store number and name match, 0.9 mi from city center (no exit in address)"
70623,41.680870,-88.068186,osm_fuel,high,way/770782380,Speedway (ref 1127),2.01,name match 0.25 mi from I-55 exit 267 (node/339946216); OSM has the store number
70624,41.555674,-90.518914,osm_fuel,high,way/1562653845,Kwik Star,2.31,name match 0.39 mi from I-74 exit 2 (node/160992792)
70626,39.544567,-107.658598,osm_fuel,high,way/1483889148,Golden Gate Gas,0.39,name match 0.05 mi from I-70 exit 97 (node/176965182)
70628,47.005524,-120.587937,osm_fuel,high,way/1250249428,Pilot,1.85,name match 0.22 mi from I-90 exit 106 (node/369957234)
70629,45.509106,-92.998342,osm_fuel,medium,way/1199247805,Kwik Trip,2.07,name match 0.31 mi from I-35 exit 147 (node/186538321); nearest of 2 matching sites
70630,41.105708,-81.347549,osm_fuel,high,node/9676077472,Speedway (ref 3632),2.99,name match 0.25 mi from I-76 exit 33 (node/199494945); OSM has the store number
70638,39.081911,-95.725907,osm_fuel,high,node/11390050274,Love's (ref 769),3.63,name match 1.01 mi from I-70 exit 358A (node/122250582); OSM has the store number
70641,38.021905,-79.143177,osm_fuel,high,way/1021489859,Love's,10.39,name match 0.08 mi from I-81/I-64 exit 213 (node/207859795)
70642,32.362306,-90.666852,osm_fuel,high,node/11691931797,Love's,12.84,name match 0.23 mi from I-20 exit 15 (node/341514632)
70644,44.997175,-93.454546,osm_fuel,high,way/778968817,Kwik Trip,16.78,name match 0.68 mi from I-494 exit 20 (node/541202026)
70645,29.497320,-98.399524,osm_fuel,medium,way/1159553145,QuikTrip,7.89,name match 0.14 mi from I-410 exit 164B (node/149522933); nearest of 2 matching sites
70647,31.527832,-103.119774,osm_fuel,high,way/1318368319,Pilot,0.73,name match 0.29 mi from I-20 exit 66 (node/229108005)
70650,41.104032,-112.006112,osm_fuel,medium,node/9930557417,Maverik,0.78,name match 0.26 mi from I-15 exit 334 (node/82969587); nearest of 4 matching sites
70651,30.694766,-97.654919,osm_exit,medium,node/1317473840+node/1317484799,I-35 exit 266,3.19,"I-35 exit 266: 2 node(s) within 2.2 mi, midpoint of 2 exit nodes 2.2 mi apart; no fuel station with the name within 1.5 mi"
70652,38.304955,-88.948791,osm_exit,high,node/234915410,I-57/I-64 exit 94,1.81,I-57 exit 94: 2 node(s) within 0.8 mi; no fuel station with the name within 1.5 mi
70653,40.104834,-87.642639,osm_exit,high,node/962151577,I-74 exit 215A-B,0.68,I-74 exit 215A: 2 node(s) within 0.7 mi; no fuel station with the name within 1.5 mi
70654,32.269567,-109.244331,osm_exit,high,node/731530500,I-10 exit 378,0.83,I-10 exit 378: 2 node(s) within 0.8 mi; no fuel station with the name within 1.5 mi
70656,42.076446,-83.667521,osm_fuel,high,node/7836942385,Love's (operator Love's Travel Stops & Country Stores),0.95,name match 0.26 mi from US-23 exit 25 (node/185317278)
70661,44.145319,-92.532631,osm_fuel,high,node/3066197898,Casey's General Store,0.96,name match 0.30 mi from US-52 exit 64 (node/187680184)
70662,42.110958,-80.118676,osm_fuel,high,node/4116423207,GetGo,2.35,name match 0.22 mi from I-79 exit 183A (node/106884021)
70665,30.058150,-97.834351,osm_exit,medium,node/3253790171+node/4595015321,I-35 exit 219,1.52,"I-35 exit 219: 2 node(s) within 2.8 mi, midpoint of 2 exit nodes 2.8 mi apart; no fuel station with the name within 1.5 mi"
70666,41.830650,-87.695376,osm_fuel,high,way/1046381381,Thorntons,0.70,name match 0.11 mi from I-55 exit 288 (node/347274753)
70667,45.673138,-120.830528,osm_exit,high,node/430620930,I-84/US-30 exit 104,8.55,I-84 exit 104: 2 node(s) within 0.5 mi; no fuel station with the name within 1.5 mi
70669,45.673138,-120.830528,osm_exit,high,node/430620930,I-84/US-30 exit 104,8.55,I-84 exit 104: 2 node(s) within 0.5 mi; no fuel station with the name within 1.5 mi
70670,40.842472,-111.930230,osm_fuel,high,way/771688241,Maverik,0.68,name match 0.57 mi from I-215 exit 27 (node/82968529)
70676,33.462636,-112.195876,osm_exit,high,node/7076788867,I-10 exit 138,9.71,I-10 exit 138: 4 node(s) within 1.4 mi; no fuel station with the name within 1.5 mi
70679,33.415167,-112.015128,osm_exit,medium,node/42405886,I-10/US-60 exit 151,11.68,I-10 exit 151: 2 node(s) within 0.7 mi; no fuel station with the name within 1.5 mi; 12 mi from the city
70680,33.688543,-112.112855,osm_exit,medium,node/41302748,I-17 exit 215B (old exit 217B),8.15,I-17 exit 215B: 4 node(s) within 1.9 mi; no fuel station with the name within 1.5 mi
70682,38.569576,-90.125219,osm_exit,high,node/4682318699,I-255/US-50 exit 15,3.25,I-255/US-50 exit 15: 2 node(s) within 0.7 mi; no fuel station with the name within 1.5 mi
70687,40.876617,-77.776657,osm_fuel,high,way/1100866694,Rutter's,2.63,name match 0.20 mi from I-99 exit 78B (node/410791744); OSM has the store number
70691,29.447140,-98.359594,osm_fuel,high,way/916891566,QuikTrip,9.99,name match 0.86 mi from I-10/US-90 exit 583 (node/150031060)
70696,31.951016,-102.139211,osm_exit,high,node/227135532,I-20/SR-158/SR-349 exit 131,5.31,I-20 exit 131: 1 node(s) within 0.0 mi; no fuel station with the name within 1.5 mi
70704,37.038911,-94.511149,osm_exit,high,node/191953094,I-44 exit 6,2.57,I-44 exit 6: 2 node(s) within 0.5 mi; no fuel station with the name within 1.5 mi
70707,32.880263,-85.148426,osm_exit,high,node/72985561,I-85 exit 2,1.32,I-85/SR-403 exit 2: 2 node(s) within 0.5 mi; no fuel station with the name within 1.5 mi
70708,42.785521,-84.667468,osm_fuel,high,node/11787814590,Love's,4.53,name match 0.32 mi from I-96 exit 90 (node/184075307)
70717,39.878240,-83.013766,osm_exit,high,node/230339441,I-270 exit 52,7.56,I-270 exit 52: 2 node(s) within 0.9 mi; no fuel station with the name within 1.5 mi
70718,34.913202,-91.194873,osm_fuel,high,node/12649843751,Road Ranger,1.64,name match 0.33 mi from I-40 exit 216 (node/117870337)
70719,38.857641,-91.301362,osm_exit,high,node/191859547,I-70/US-40 exit 183,0.13,I-70 exit 183: 2 node(s) within 0.4 mi; no fuel station with the name within 1.5 mi
70722,43.088617,-76.092438,osm_fuel,high,node/9440667790,Speedway (ref 9935),4.18,name match 0.26 mi from I-90 exit 35 (node/212764806); OSM has the store number
70723,42.110213,-77.155569,osm_fuel,high,node/6781698620,Speedway (ref 9932),4.92,name match 0.25 mi from I-99 exit 8 (node/120105364); OSM has the store number
70724,33.591907,-80.355005,osm_fuel,high,node/8792673039,Love's,0.68,name match 0.22 mi from I-95 exit 108 (node/1835185059)
70732,40.698811,-111.906250,osm_fuel,medium,way/1057889540,Maverik,5.55,name match 0.42 mi from I-15 exit 303 (node/358206454); nearest of 4 matching sites
70736,41.705357,-93.581969,osm_fuel,medium,way/34071696,Casey's General Store,2.04,name match 0.33 mi from I-35 exit 90 (node/160737298); nearest of 4 matching sites
70737,41.693442,-93.240912,osm_exit,high,node/160003465,I-80/US-6 exit 155,0.97,I-80/US-6 exit 155: 2 node(s) within 0.7 mi; no fuel station with the name within 1.5 mi
70738,37.054081,-94.426641,osm_exit,high,node/191965608,I-49/US-71 exit 39A,4.37,I-49 exit 39A: 3 node(s) within 0.3 mi; no fuel station with the name within 1.5 mi
70740,39.046164,-88.748895,osm_fuel,high,node/9875857594,Jack Flash,0.70,name match 0.16 mi from I-70 exit 82 (node/234332684)
70744,41.367514,-89.016516,osm_exit,high,node/860307701,I-80 exit 81,1.89,I-80 exit 81: 2 node(s) within 0.7 mi; no fuel station with the name within 1.5 mi
70750,36.810799,-97.336797,osm_fuel,high,way/754444015,Casey's General Store,2.09,name match 0.42 mi from I-35 exit 222 (node/445343676)
70751,43.382181,-87.946421,osm_fuel,high,node/8999031017,Casey’s (brand Casey's General Store),0.48,name match 0.97 mi from I-43 exit 96 (node/231849271)
70754,37.519193,-97.004267,osm_fuel,high,node/11415814105,Casey's General Store (ref 3758),0.37,"store number and name match, 0.4 mi from city center (no exit in address)"
70761,42.586514,-90.605210,osm_fuel,high,node/813698800,Casey's General Store,0.29,name match 0.45 mi from US-61 exit 5 (node/355035838)
70763,42.468204,-91.482014,osm_fuel,high,way/1329493074,Casey's General Store,1.77,name match 0.40 mi from US-20 exit 275 (node/1772806629)
70772,38.915542,-89.264464,osm_exit,high,node/233786424,I-70 exit 52,0.69,I-70 exit 52: 2 node(s) within 0.6 mi; no fuel station with the name within 1.5 mi
70774,42.467026,-95.148812,osm_fuel,high,way/1096469864,Casey's General Store,0.45,name match 0.44 mi from US-20 exit 71 (node/1300400848)
70778,39.987284,-84.199790,osm_fuel,high,way/1082607761,Casey's General Store,1.73,name match 0.20 mi from I-75 exit 69 (node/430022449)
70779,41.495802,-95.546686,osm_fuel,high,node/8861602189,Casey's General Store,1.83,name match 0.35 mi from I-80 exit 29 (node/160733517)
70782,40.703735,-98.840681,osm_exit,high,node/133199549,I-80 exit 285,2.93,I-80 exit 285: 2 node(s) within 0.7 mi; no fuel station with the name within 1.5 mi
70783,32.189209,-81.193220,osm_fuel,high,node/10091448432,Enmarket,0.76,name match 0.37 mi from I-95/SR-405 exit 109 (node/1687908086)
70784,34.935130,-78.921909,osm_fuel,medium,way/1200619086,Circle K,3.19,name match 0.34 mi from I-95 exit 41 (node/170222605); nearest of 2 matching sites
70786,27.831393,-97.542134,osm_exit,high,node/227472826,I-37 exit 9,9.16,I-37 exit 9: 2 node(s) within 0.6 mi; no fuel station with the name within 1.5 mi
70787,32.183851,-81.455730,osm_fuel,high,node/13665409842,Love's,4.52,name match 0.33 mi from I-16 exit 143 (node/66495015)
70788,41.423887,-81.503940,osm_fuel,high,node/9672824049,Speedway (ref 1031),2.71,name match 0.71 mi from I-480/I-271 exit 26 (node/105526989); OSM has the store number
70789,44.196732,-88.486722,osm_exit,high,node/233066176,I-41/US-41 exit 133,2.23,I-41/US-41 exit 133: 2 node(s) within 0.5 mi; no fuel station with the name within 1.5 mi
70790,38.896955,-91.454137,osm_fuel,high,node/9951429321,Love's,0.80,name match 0.14 mi from I-70 exit 175 (node/191832924)
70791,35.839270,-88.084823,osm_fuel,high,node/9860692275,Love's,4.05,name match 0.21 mi from I-40 exit 126 (node/202179514)
70793,38.995163,-110.184656,osm_fuel,high,way/325139238,Love's Travel Stop (brand Love's),0.61,name match 0.30 mi from I-70 exit 160 (node/83141708)
70796,32.836535,-97.313551,osm_exit,medium,node/5412246682,I-35W/US-287 exit 56,4.28,I-35W exit 56: 3 node(s) within 1.8 mi; no fuel station with the name within 1.5 mi
70797,32.943118,-96.904494,osm_exit,high,node/81610932,I-35E exit 442,3.21,I-35E exit 442: 2 node(s) within 1.3 mi; no fuel station with the name within 1.5 mi
70798,42.720191,-88.991806,osm_exit,medium,node/259745504+node/454407718,I-39/I-90 exit 171,2.68,"I-90 exit 171B: 2 node(s) within 1.6 mi, midpoint of 2 exit nodes 1.6 mi apart, exit letter differs; no fuel station with the name within 1.5 mi"
70831,39.528784,-119.756868,osm_fuel,high,node/12309053652,Flyers,3.85,name match 0.86 mi from I-80 exit 19 (node/382879083)
70845,39.528784,-119.756868,osm_fuel,high,node/12309053652,Flyers,3.85,name match 0.86 mi from I-80 exit 19 (node/382879083)
70855,39.174886,-119.767179,osm_fuel,high,node/7217451021,Flyers,0.77,name match 1.32 mi from I-580 exit 5 (node/845501826)
70858,32.195644,-86.420170,osm_fuel,high,node/8949405727,Speedway (ref 1012),6.31,name match 0.21 mi from I-65 exit 158 (node/56981577); OSM has the store number
70860,40.854227,-115.747057,osm_fuel,high,way/914886340,Flyers,1.55,name match 0.25 mi from I-80 exit 303 (node/138051508)
70864,39.452150,-119.779866,osm_exit,high,node/140032191,I-580/US-395 exit 29 (old exit 61),7.67,I-580/US-395 exit 29: 2 node(s) within 0.6 mi; no fuel station with the name within 1.5 mi
70871,41.290782,-72.574756,osm_exit,high,node/254248171,I-95 exit 62,1.45,I-95 exit 62: 2 node(s) within 0.5 mi; no fuel station with the name within 1.5 mi
70873,29.994822,-82.596615,osm_fuel,high,way/918335015,TA Travel Center,13.67,name match 0.32 mi from I-75 exit 414 (node/447913344)
70877,42.489238,-87.953510,osm_fuel,high,node/11711832126,Love's,3.03,name match 0.30 mi from US-41 exit 1A (node/235444454)
70878,42.184077,-112.237761,osm_fuel,high,relation/15428644,Maverik,0.73,name match 0.38 mi from I-15 exit 13 (node/130744561)
70879,35.086467,-106.726383,osm_fuel,medium,way/888809684,Maverik (ref Albuquerque #611),4.67,name match 0.67 mi from I-40 exit 154 (node/140780534); nearest of 2 matching sites
70881,40.438997,-78.426862,osm_exit,high,node/474299635,I-99/US-220 exit 28,0.89,I-99/US-220 exit 28: 2 node(s) within 0.3 mi; no fuel station with the name within 1.5 mi
70885,44.256384,-88.293577,osm_fuel,high,way/914732076,Kwik Trip (ref 1061),0.69,"store number and name match, 0.7 mi from city center (no exit in address)"
70887,33.562390,-83.497061,osm_fuel,high,way/1071762769,Love's,1.67,name match 0.23 mi from I-20 exit 113 (node/71566154)
70889,41.913760,-80.567351,osm_fuel,high,way/867059146,Truck World,0.94,name match 0.47 mi from I-90 exit 241 (node/196225961)
70891,36.768172,-76.361943,osm_exit,high,node/220715445,I-64 exit 297,6.98,I-64 exit 297: 2 node(s) within 0.8 mi; no fuel station with the name within 1.5 mi
70893,38.295030,-77.506308,osm_exit,high,node/457043876,I-95/US-17 exit 130A,1.10,I-95 exit 130A: 4 node(s) within 0.4 mi; no fuel station with the name within 1.5 mi
70895,38.133001,-77.512299,osm_fuel,high,node/5302659522,Shell,5.79,name match 0.28 mi from I-95 exit 118 (node/219586484)
70898,38.402517,-78.910337,osm_fuel,high,node/7656785633,Quarles Fleet Fueling,3.08,name match 0.26 mi from I-81 exit 243 (node/220990321)
70899,38.048662,-78.909475,osm_exit,high,node/221304425,I-64 exit 96,1.35,I-64 exit 96: 2 node(s) within 0.5 mi; no fuel station with the name within 1.5 mi
70900,37.386071,-79.905550,osm_exit,high,node/207594840,I-81/US-220 exit 150A,7.98,I-81 exit 150A: 4 node(s) within 0.5 mi; no fuel station with the name within 1.5 mi
70901,37.293446,-80.100343,osm_exit,high,node/221169303,I-81 exit 137 (Salem),2.54,I-81 exit 137: 2 node(s) within 0.2 mi; no fuel station with the name within 1.5 mi
70902,37.378651,-79.153880,osm_fuel,high,node/8486225731,Quarles (ref 4309),2.68,"store number and name match, 2.7 mi from city center (no exit in address)"
70904,38.736489,-77.192519,osm_exit,high,node/646765565,I-95 exit 166A,2.92,I-95 exit 166A: 4 node(s) within 0.7 mi; no fuel station with the name within 1.5 mi
70906,39.044225,-76.933673,osm_exit,high,node/50624385,I-95 exit 29A-B,0.77,I-95 exit 29A: 3 node(s) within 0.8 mi; no fuel station with the name within 1.5 mi
70907,39.197772,-76.766047,osm_exit,medium,node/37132142,I-95 exit 43A,1.35,I-95 exit 43A: 4 node(s) within 0.5 mi; the fuel station with the name there is held by another OPIS station
70908,38.839358,-76.867275,osm_exit,high,node/50375523,I-495/I-95 exit 11A,6.32,I-495 exit 11A: 4 node(s) within 0.3 mi; no fuel station with the name within 1.5 mi
70910,39.270915,-76.655757,osm_exit,high,node/268102608,I-95 exit 50 B-A,3.15,I-95 exit 50B: 2 node(s) within 1.2 mi; no fuel station with the name within 1.5 mi
70912,39.205019,-76.566196,osm_exit,high,node/49381219,I-695 exit 1,1.90,I-695 exit 1: 2 node(s) within 0.7 mi; no fuel station with the name within 1.5 mi
70913,39.106877,-77.186351,osm_exit,medium,node/1934205774+node/290052559+node/290052566+node/49142102,I-270 exit 8,2.30,"I-270 exit 8: 4 node(s) within 2.7 mi, midpoint of 4 exit nodes 2.7 mi apart; no fuel station with the name within 1.5 mi"
70914,38.891765,-76.847149,osm_exit,high,node/50226151,I-495/I-95 exit 15A,3.41,I-495 exit 15A: 3 node(s) within 0.3 mi; no fuel station with the name within 1.5 mi
70915,39.300375,-76.520157,osm_fuel,high,way/796587794,Quarles,4.83,name match 0.58 mi from I-95 exit 60 (node/322701019)
70918,39.241092,-76.590552,osm_exit,high,node/632729185,I-895 exit 8B,1.00,I-895 exit 8B: 2 node(s) within 0.1 mi; no fuel station with the name within 1.5 mi
70920,39.159527,-76.669594,osm_fuel,high,node/3813328001,Quarles Fuel Network,3.36,name match 0.74 mi from SR-100 exit 11 (node/335764238)
70922,38.939251,-76.884521,osm_exit,high,node/50581378,US-50 exit 5,4.08,US-50 exit 5: 2 node(s) within 0.5 mi; no fuel station with the name within 1.5 mi
70924,40.131240,-74.967393,osm_exit,high,node/493827960,I-276 exit 351 (Bensalem),6.25,I-276 exit 351: 2 node(s) within 0.5 mi; no fuel station with the name within 1.5 mi
70928,39.172694,-76.798098,osm_exit,medium,node/720723548,I-95 exit 41B;41A,2.00,"I-95 exit 41: 2 node(s) within 1.1 mi, exit letter differs; the fuel station with the name there is held by another OPIS station"
70930,39.162101,-78.157836,osm_exit,high,node/211232754,I-81 exit 313A,1.28,I-81 exit 313A: 3 node(s) within 0.3 mi; no fuel station with the name within 1.5 mi
70934,39.384301,-77.412089,osm_exit,high,node/890718760,I-270 exit 31B,3.63,I-270 exit 31B: 3 node(s) within 0.4 mi; no fuel station with the name within 1.5 mi
70935,39.404051,-77.392693,osm_exit,high,node/65807202,I-70/US-40 exit 55,2.49,I-70 exit 55: 2 node(s) within 0.3 mi; no fuel station with the name within 1.5 mi
70947,38.295030,-77.506308,osm_exit,high,node/457043876,I-95/US-17 exit 130A,1.10,I-95 exit 130A: 4 node(s) within 0.4 mi; no fuel station with the name within 1.5 mi
70948,36.073289,-79.936519,osm_exit,high,node/171085671,I-40/US-421 exit 211,6.48,I-40 exit 211: 2 node(s) within 0.7 mi; no fuel station with the name within 1.5 mi
70949,35.712095,-78.842466,osm_exit,high,node/195392137,US-1 exit 95,2.30,US-1 exit 95: 2 node(s) within 0.5 mi; no fuel station with the name within 1.5 mi
70950,36.084323,-80.069470,osm_exit,high,node/170671867,I-40 exit 203,1.66,I-40 exit 203: 2 node(s) within 0.7 mi; no fuel station with the name within 1.5 mi
70952,35.905031,-78.772455,osm_exit,high,node/195399285,I-540 exit 4A,8.93,I-540 exit 4A: 4 node(s) within 0.3 mi; no fuel station with the name within 1.5 mi
70953,38.259492,-77.496237,osm_fuel,high,way/628556749,Quarles Fleet Fueling,2.80,name match 1.24 mi from I-95 exit 126 (node/445766967)
70955,38.369708,-77.465789,osm_exit,high,node/316294208,I-95 exit 136,5.00,I-95 exit 136: 2 node(s) within 0.6 mi; no fuel station with the name within 1.5 mi
70957,38.259492,-77.496237,osm_fuel,high,way/628556749,Quarles Fleet Fueling,2.80,name match 1.24 mi from I-95 exit 126A (node/457050052)
70960,38.130972,-79.033165,osm_exit,high,node/221195440,I-81 exit 222,2.43,I-81 exit 222: 2 node(s) within 0.2 mi; no fuel station with the name within 1.5 mi
70961,34.285266,-77.972107,osm_exit,high,node/5506840762,I-140 exit 14,7.21,I-140 exit 14: 2 node(s) within 0.4 mi; no fuel station with the name within 1.5 mi
70963,35.552141,-78.299011,osm_fuel,high,node/8379904443,Quarles Fleet Fueling,0.95,name match 0.83 mi from US-70 exit 333 (node/149380289)
70964,38.295030,-77.506308,osm_exit,medium,node/457043876,I-95/US-17 exit 130A,17.50,I-95 exit 130A: 4 node(s) within 0.4 mi; no fuel station with the name within 1.5 mi; 17 mi from the city
70968,37.688970,-77.451880,osm_exit,high,node/396812,I-95 exit 86A,5.06,I-95 exit 86A: 3 node(s) within 0.7 mi; no fuel station with the name within 1.5 mi
70969,36.079169,-79.954644,osm_exit,high,node/171085000,I-40/US-421 exit 210,7.40,I-40 exit 210: 2 node(s) within 0.6 mi; no fuel station with the name within 1.5 mi
70971,37.697173,-77.660976,osm_fuel,high,node/7098796086,Quarles,2.20,name match 1.06 mi from I-64 exit 173 (node/214158548)
70975,37.403312,-77.425140,osm_exit,high,node/209774747,I-95 exit 64,9.28,I-95 exit 64: 2 node(s) within 0.3 mi; no fuel station with the name within 1.5 mi
70976,36.084323,-80.069470,osm_exit,high,node/170671867,I-40 exit 203,1.66,I-40 exit 203: 2 node(s) within 0.7 mi; no fuel station with the name within 1.5 mi
70977,35.794126,-78.582354,osm_exit,high,node/195389218,I-440 exit 13B,4.20,I-440 exit 13B: 4 node(s) within 0.3 mi; no fuel station with the name within 1.5 mi
70978,35.753943,-78.653298,osm_exit,high,node/195403961,I-40/US-64 exit 298A,5.43,I-40 exit 298A: 4 node(s) within 0.5 mi; no fuel station with the name within 1.5 mi
70979,35.898205,-78.785580,osm_exit,high,node/195415318,I-540 exit 3,9.30,I-540 exit 3: 2 node(s) within 0.3 mi; no fuel station with the name within 1.5 mi
70980,37.784190,-77.892354,osm_exit,high,node/215718349,I-64 exit 159,0.63,I-64 exit 159: 2 node(s) within 0.6 mi; no fuel station with the name within 1.5 mi
70982,37.519073,-77.187129,osm_fuel,high,node/7112856406,Exxon,3.76,name match 0.30 mi from I-64 exit 205 (node/400423)
70985,36.066566,-80.308218,osm_exit,high,node/170706046,I-40 exit 189,3.65,I-40 exit 189: 2 node(s) within 0.2 mi; no fuel station with the name within 1.5 mi
70988,37.007551,-76.399751,osm_exit,high,node/291086101,I-664 exit 3,6.30,I-664 exit 3: 2 node(s) within 0.6 mi; no fuel station with the name within 1.5 mi
70989,36.836484,-76.061762,osm_exit,high,node/221732175,I-264 exit 19B,4.33,I-264 exit 19B: 5 node(s) within 0.5 mi; no fuel station with the name within 1.5 mi
70990,37.018293,-76.384011,osm_exit,high,node/291086037,I-664 exit 2,5.20,I-664 exit 2: 2 node(s) within 0.5 mi; no fuel station with the name within 1.5 mi
70991,37.119645,-76.512402,osm_exit,medium,node/221033338,I-64 exit 255A-B,3.05,"I-64 exit 255: 2 node(s) within 1.1 mi, exit letter differs; no fuel station with the name within 1.5 mi"
70992,37.529997,-77.320619,osm_exit,medium,node/215132711,I-64 exit 197,1.24,"I-64 exit 197B: 2 node(s) within 0.8 mi, exit letter differs; no fuel station with the name within 1.5 mi"
70993,37.723958,-77.449821,osm_exit,high,node/443067062,I-95 exit 89,2.81,I-95 exit 89: 2 node(s) within 0.6 mi; no fuel station with the name within 1.5 mi
70994,37.523738,-77.428053,osm_exit,high,node/29933574,I-95 exit 73,2.68,I-95 exit 73: 2 node(s) within 0.4 mi; no fuel station with the name within 1.5 mi
70995,37.355167,-77.404459,osm_exit,high,node/209733315,I-95 exit 61B,1.62,I-95 exit 61B: 4 node(s) within 0.4 mi; no fuel station with the name within 1.5 mi
70996,37.966740,-78.214599,osm_fuel,high,node/13646596570,Quarles Fleet Fueling,2.05,name match 0.66 mi from I-64 exit 136 (node/215760563)
71001,37.636298,-77.451662,osm_exit,high,node/214824497,I-95 exit 83B,7.37,I-95 exit 83B: 4 node(s) within 0.3 mi; no fuel station with the name within 1.5 mi
71003,37.523738,-77.428053,osm_exit,high,node/29933574,I-95 exit 73,2.68,I-95 exit 73: 2 node(s) within 0.4 mi; no fuel station with the name within 1.5 mi
71005,37.573744,-77.459411,osm_exit,high,node/49609644,I-64/I-95 exit 78,3.06,I-95 exit 78: 2 node(s) within 0.5 mi; no fuel station with the name within 1.5 mi
71006,37.581468,-77.469358,osm_exit,high,node/49625532,I-64/I-95 exit 79,3.48,I-95 exit 79: 2 node(s) within 0.6 mi; no fuel station with the name within 1.5 mi
71007,33.844265,-86.825907,osm_exit,high,node/52144886,I-65 exit 284,2.12,I-65 exit 284: 2 node(s) within 0.3 mi; no fuel station with the name within 1.5 mi
71009,35.951243,-83.204888,osm_exit,high,node/1692232113,I-40 exit 435,0.82,I-40 exit 435: 2 node(s) within 0.5 mi; no fuel station with the name within 1.5 mi
71010,38.223572,-85.548813,osm_exit,medium,node/164586970,I-64 exit 17,10.41,I-64 exit 17: 2 node(s) within 0.9 mi; no fuel station with the name within 1.5 mi; 10 mi from the city
71011,41.392681,-73.528427,osm_exit,high,node/94174451,I-84 exit 2,2.64,I-84 exit 2: 1 node(s) within 0.0 mi; no fuel station with the name within 1.5 mi
71012,41.074593,-73.467565,osm_exit,high,node/68823812,I-95 exit 12,0.30,I-95 exit 12: 1 node(s) within 0.0 mi; no fuel station with the name within 1.5 mi
71013,41.938263,-70.665641,osm_exit,medium,node/72406284,SR-3 exit 13 (old exit 5),1.39,"SR-3 exit 5: 2 node(s) within 0.7 mi, matched on the old exit number (old_ref); no fuel station with the name within 1.5 mi"
71014,39.184024,-76.764315,osm_fuel,high,way/195031290,Global,1.47,name match 0.68 mi from I-95 exit 43 (node/266582164)
71021,41.290588,-89.082346,osm_exit,high,node/528519418,I-39/US-51 exit 54,0.61,I-39/HWY-23 exit 54: 2 node(s) within 0.6 mi; no fuel station with the name within 1.5 mi
71022,29.650944,-97.654627,osm_exit,high,node/151149092,I-10 exit 628,2.18,I-10 exit 628: 2 node(s) within 0.7 mi; no fuel station with the name within 1.5 mi
71029,41.897015,-88.037652,osm_exit,high,node/864678590,I-355 exit 27,1.97,I-355 exit 27: 2 node(s) within 0.8 mi; no fuel station with the name within 1.5 mi
71030,32.338684,-111.071839,osm_fuel,medium,way/1166028439,QuikTrip,9.54,name match 0.22 mi from I-10 exit 248 (node/343139386); nearest of 2 matching sites
71032,39.475335,-118.787459,osm_fuel,high,way/899374119,Maverik (ref 416),0.52,"store number and name match, 0.5 mi from city center (no exit in address)"
71034,37.653284,-113.080938,osm_fuel,high,way/1082786126,Maverik Truck and RV (brand Maverik),2.26,name match 0.19 mi from I-15 exit 57 (node/83320682)
71037,41.130170,-77.435839,osm_fuel,high,way/637896324,Sunoco,1.02,name match 0.12 mi from US-220 exit 111 (node/106509276)
71042,39.190829,-119.756919,osm_fuel,medium,way/1219581686,Sinclair,1.95,name match 0.23 mi from I-580/US-395 exit 6 (node/263539357); nearest of 2 matching sites
71046,39.262037,-84.603261,osm_fuel,high,way/1010882153,Speedway (ref 9336),9.90,"store number and name match, 9.9 mi from city center (no exit in address)"
71047,34.334510,-112.117555,osm_fuel,high,way/1086560669,Love's,9.33,name match 1.13 mi from I-17 exit 262 (node/3227803398)
71053,37.620099,-88.985729,osm_fuel,high,way/1005760533,Road Ranger,8.27,name match 0.14 mi from I-57 exit 45 (node/237417698)
71055,36.067687,-86.428357,osm_fuel,high,way/1323940616,Love's,10.15,name match 0.31 mi from I-840 exit 67 (node/977551839)
71056,34.619338,-87.052654,osm_fuel,high,node/8946643765,Speedway (ref 1044),4.80,"store number and name match, 4.8 mi from city center (no exit in address)"
71060,36.485426,-80.745150,osm_fuel,high,way/650020574,Circle K,7.43,name match 0.35 mi from I-77 exit 100 (node/173428022)
71062,38.935170,-111.856137,osm_fuel,high,way/1305573694,Maverik,0.55,name match 0.37 mi from I-70 exit 56 (node/292057382)
71063,35.079494,-106.743368,osm_fuel,medium,way/888809632,Maverik (ref Albuquerque #639),5.73,name match 0.59 mi from I-40 exit 153 (node/140753158); nearest of 2 matching sites
71064,39.793775,-88.265727,osm_fuel,high,way/1084498996,Love's,0.54,name match 0.14 mi from I-57 exit 212 (node/295680311)
71066,32.743525,-83.726383,osm_fuel,high,node/12361085782,Circle K,8.65,name match 0.43 mi from I-75 exit 155 (node/1024720286)
71067,34.556088,-82.007064,osm_fuel,high,way/1050513745,7-Eleven,3.78,name match 0.26 mi from I-385 exit 9 (node/1628594630)
71072,31.976503,-83.758115,osm_fuel,high,way/1037320855,Love's,1.58,name match 0.35 mi from I-75 exit 102 (node/1863924483)
71073,37.745277,-88.949179,osm_fuel,high,node/9249608667,Love's,0.87,name match 0.56 mi from I-57 exit 54B (node/3877482469)
71075,30.851895,-97.591554,osm_exit,medium,node/1372603981+node/153120229,I-35 exit 277,3.20,"I-35 exit 277: 2 node(s) within 3.2 mi, midpoint of 2 exit nodes 3.2 mi apart; no fuel station with the name within 1.5 mi"
71087,47.100686,-119.310579,osm_exit,high,node/48139569,I-90 exit 176,2.47,I-90 exit 176: 2 node(s) within 0.6 mi; no fuel station with the name within 1.5 mi
71097,41.668598,-88.063652,osm_fuel,high,way/767709769,Thorntons,3.41,name match 1.07 mi from I-55 exit 267 (node/339946216)
71099,41.427886,-87.764858,osm_fuel,high,way/1364771266,Thorntons,1.04,name match 0.41 mi from I-57 exit 335 (node/237434092)
71101,41.389721,-88.192722,osm_exit,high,node/29411359,I-55 exit 244,4.38,I-55 exit 244: 1 node(s) within 0.0 mi; no fuel station with the name within 1.5 mi
71102,32.791185,-97.321659,osm_exit,high,node/82721490,I-35W/US-287 exit 54A,1.69,I-35W/US-287 exit 54A: 2 node(s) within 1.1 mi; no fuel station with the name within 1.5 mi
71103,41.109990,-100.754426,osm_exit,high,node/134990689,I-80 exit 177,1.06,I-80 exit 177: 2 node(s) within 1.2 mi; no fuel station with the name within 1.5 mi
71104,33.084226,-80.205670,osm_fuel,high,node/10104563143,Spinx,5.63,name match 0.17 mi from I-26 exit 194 (node/510623398)
71106,37.739453,-97.318754,osm_exit,high,node/122163469,I-135/SR-15/US-81 exit 10B,3.68,I-135 exit 10B: 3 node(s) within 0.9 mi; no fuel station with the name within 1.5 mi
71107,42.452119,-94.671388,osm_fuel,high,node/3086262203,Sparky's One Stop (brand Sinclair),4.31,name match 0.29 mi from US-20 exit 96 (node/1030199673)
71108,29.835023,-94.547404,osm_exit,high,node/304967118,I-10 exit 819,9.22,I-10 exit 819: 2 node(s) within 0.8 mi; no fuel station with the name within 1.5 mi
71110,43.082541,-88.764415,osm_fuel,medium,node/11787426310,Kwik Trip,7.60,name match 0.49 mi from I-94/SR-26 exit 267 (node/231191849); nearest of 2 matching sites
71112,41.322793,-72.884518,osm_exit,high,node/252535286,I-91 exit 8,2.26,I-91 exit 8: 2 node(s) within 0.4 mi; no fuel station with the name within 1.5 mi
71117,33.402808,-81.998899,osm_exit,high,node/72225340,I-520 exit 9,4.91,I-520/SR-415 exit 9: 2 node(s) within 1.0 mi; no fuel station with the name within 1.5 mi
71118,42.457257,-88.998486,osm_fuel,high,node/7967633266,Thorntons,2.26,name match 0.33 mi from I-35/US-51 exit 3 (node/837270024)
71119,32.107105,-81.237317,osm_exit,high,node/67028785,I-95 exit 102,1.10,I-95/SR-405 exit 102: 2 node(s) within 0.7 mi; no fuel station with the name within 1.5 mi
71121,32.271106,-107.753984,osm_exit,high,node/447140964,I-10 exit 82A,0.56,I-10/US-70 exit 82A: 4 node(s) within 0.7 mi; no fuel station with the name within 1.5 mi
71123,32.774490,-111.614707,osm_exit,high,node/343159765,I-10 exit 203,2.59,I-10 exit 203: 2 node(s) within 0.8 mi; no fuel station with the name within 1.5 mi
71124,30.291130,-81.985837,osm_fuel,high,way/1058592380,Love's,19.60,name match 0.33 mi from I-10 exit 343 (node/7516020725)
71127,29.600210,-97.964190,osm_fuel,high,way/1073629399,QuikTrip,0.74,name match 0.28 mi from I-10 exit 609 (node/151114919)
71129,35.277919,-80.796433,osm_exit,high,node/172152917,I-85 exit 41,5.14,I-85 exit 41: 2 node(s) within 0.3 mi; no fuel station with the name within 1.5 mi
71131,34.936928,-82.067689,osm_fuel,medium,way/880316662,7-Eleven,8.05,name match 0.50 mi from I-85 exit 66 (node/440929902); nearest of 2 matching sites
71133,28.676633,-99.182905,osm_exit,high,node/224310646,I-35 exit 85,0.74,I-35 exit 85: 2 node(s) within 0.7 mi; no fuel station with the name within 1.5 mi
71138,48.813721,-122.544575,osm_exit,high,node/37034368,I-5 exit 260,5.37,I-5 exit 260: 2 node(s) within 0.6 mi; no fuel station with the name within 1.5 mi
71140,43.090188,-88.760153,osm_fuel,high,node/2950245642,BP,6.44,name match 0.31 mi from SR-26 exit 30 (node/1360473808)
71141,40.645205,-88.803903,osm_fuel,high,way/1365637650,Casey's General Store,1.04,name match 0.31 mi from I-55 exit 178 (node/261231870)
71145,39.549463,-85.771944,osm_exit,high,node/4100721353,I-74/SR-9/US-421 exit 113,0.33,I-74/US-421 exit 113: 2 node(s) within 0.4 mi; no fuel station with the name within 1.5 mi
71150,42.925193,-114.940749,osm_fuel,high,node/9953834470,Love's,0.35,name match 0.14 mi from I-84 exit 141 (node/129318227)
71152,41.413129,-84.111040,osm_exit,high,node/63105977,US-24/US-6 exit 41,1.27,US-24 exit 41: 2 node(s) within 0.6 mi; no fuel station with the name within 1.5 mi
71155,43.102521,-88.306258,osm_exit,high,node/232828448,SR-16 exit 184,4.62,SR-16 exit 184: 2 node(s) within 0.7 mi; no fuel station with the name within 1.5 mi
71158,27.997539,-82.017557,osm_fuel,high,way/1075658373,Circle K,5.54,name match 0.74 mi from SR-570 exit 3 (node/100046233)
71160,42.839979,-85.531209,osm_fuel,high,node/9464490331,Circle K,3.21,name match 0.87 mi from SR-6 exit 15 (node/184732951)
71161,35.598623,-78.131393,osm_exit,high,node/149387868,I-95 exit 107,0.24,I-95 exit 107: 2 node(s) within 0.6 mi; no fuel station with the name within 1.5 mi
71163,42.158383,-76.863788,osm_fuel,high,way/823031369,Dandy,5.28,name match 0.14 mi from I-86/SR-17 exit 51A (node/486848799)
71165,33.811053,-81.007393,osm_exit,high,node/413289921,I-26 exit 125,5.32,I-26 exit 125: 2 node(s) within 0.2 mi; no fuel station with the name within 1.5 mi
71166,38.488618,-107.887821,osm_fuel,high,relation/17464721,Maverik (ref 616),2.08,"store number and name match, 2.1 mi from city center (no exit in address)"
71167,41.430848,-88.194744,osm_exit,high,node/481256841,I-55 exit 247,3.58,I-55 exit 247: 2 node(s) within 0.5 mi; no fuel station with the name within 1.5 mi
71168,40.950393,-117.757963,osm_fuel,high,way/1019258336,Love's,1.99,name match 0.12 mi from I-80 exit 176 (node/138361059)
71170,46.909621,-98.006358,osm_fuel,high,node/11162107479,Love's Travel Stop (brand Love's),0.90,name match 0.18 mi from I-94 exit 292 (node/74318353)
71171,31.103152,-97.359336,osm_exit,high,node/7667711426,I-35 exit 302,1.73,I-35 exit 302: 2 node(s) within 1.3 mi; no fuel station with the name within 1.5 mi
71173,32.111120,-81.235525,osm_fuel,high,way/347780127,EnMarket,1.26,name match 0.30 mi from I-95/SR-405 exit 102 (node/67028785)
71177,34.513188,-89.923564,osm_exit,high,node/282395559,I-55 exit 257,0.93,I-55 exit 257: 2 node(s) within 0.4 mi; no fuel station with the name within 1.5 mi
71179,34.295924,-81.549995,osm_exit,high,node/403387899,I-26 exit 76,3.08,I-26 exit 76: 2 node(s) within 0.6 mi; no fuel station with the name within 1.5 mi
71181,34.996969,-81.989317,osm_fuel,high,way/1487325023,7-Eleven,5.05,name match 0.30 mi from I-85 exit 72 (node/114170384)
71185,40.582139,-75.708636,osm_fuel,high,relation/13805106,Sheetz,5.54,name match 0.22 mi from I-78/US-22 exit 45 (node/724268700)
71188,32.716491,-83.724285,osm_fuel,high,node/8613992866,QuikTrip (ref 1722),10.11,name match 0.34 mi from I-75 exit 153 (node/1772206667); OSM has the store number
71189,33.960541,-81.230094,osm_fuel,high,node/9380573280,QuikTrip,2.28,name match 0.17 mi from I-20 exit 55 (node/113404247)
71190,41.560958,-109.536401,osm_exit,high,node/158366617,I-80/US-30 exit 85,4.75,I-80/US-30 exit 85: 2 node(s) within 0.6 mi; no fuel station with the name within 1.5 mi
71194,35.536229,-98.662972,osm_exit,high,node/145300834,I-40 exit 84,1.20,I-40 exit 84: 2 node(s) within 0.5 mi; no fuel station with the name within 1.5 mi
71195,35.534022,-98.241957,osm_exit,high,node/458756957,I-40 exit 108,8.28,I-40 exit 108: 2 node(s) within 0.5 mi; no fuel station with the name within 1.5 mi
71198,43.953931,-92.063989,osm_fuel,high,node/8497500704,Love's,1.05,name match 0.23 mi from I-90 exit 233 (node/188434546)
71199,34.093373,-88.005214,osm_fuel,high,way/1323594922,Love's,3.70,name match 0.36 mi from I-22 exit 14 (node/57447020)
71200,41.157716,-96.137677,osm_fuel,medium,node/9318631667,Love's,8.47,name match 0.44 mi from I-80 exit 440 (node/135825351); nearest of 2 matching sites
71201,41.783799,-72.660245,osm_exit,high,node/178318511,I-91 exit 33,1.65,I-91 exit 33: 2 node(s) within 0.5 mi; no fuel station with the name within 1.5 mi
71202,33.458048,-80.730027,osm_exit,high,node/1913646709,I-26 exit 154B,8.26,I-26 exit 154B: 4 node(s) within 0.2 mi; no fuel station with the name within 1.5 mi
71207,41.536921,-87.791129,osm_fuel,high,way/791095402,Gas n Wash,2.29,name match 0.97 mi from I-80 exit 148B (node/385085650)
71209,28.323562,-82.332159,osm_fuel,high,way/1190419938,RaceTrac,3.45,name match 0.52 mi from I-75 exit 285 (node/5273002277)
71214,39.971796,-104.748695,osm_fuel,high,way/708363961,Maverik,2.44,name match 0.24 mi from I-76 exit 22 (node/175863997)
71216,41.884246,-93.571523,osm_exit,high,node/161073529,I-35 exit 102,1.35,I-35 exit 102: 2 node(s) within 0.8 mi; no fuel station with the name within 1.5 mi
71219,37.807094,-92.222239,osm_fuel,high,way/772005893,Kum & Go,0.87,name match 0.21 mi from I-44 exit 156 (node/192597043)
71221,39.156778,-94.497927,osm_exit,high,node/189861374,I-435 exit 55 (old exit 55B),3.56,I-435 exit 55: 2 node(s) within 0.3 mi; no fuel station with the name within 1.5 mi
71228,40.688321,-98.946710,osm_exit,high,node/1658632754,I-80 exit 279,6.61,I-80 exit 279: 2 node(s) within 0.5 mi; no fuel station with the name within 1.5 mi
71229,42.062855,-88.070251,osm_exit,high,node/856809360,I-90 exit 65,3.94,I-90 exit 65: 2 node(s) within 0.8 mi; no fuel station with the name within 1.5 mi
71233,27.958537,-99.379778,osm_exit,high,node/297812610,I-35 exit 32,5.87,I-35 exit 32: 2 node(s) within 0.8 mi; no fuel station with the name within 1.5 mi
71239,40.135181,-95.239037,osm_exit,high,node/190743662,I-29 exit 84,0.29,I-29 exit 84: 2 node(s) within 0.4 mi; no fuel station with the name within 1.5 mi
71240,35.419872,-86.015291,osm_fuel,high,node/11235481596,Love's,3.61,name match 0.24 mi from I-24 exit 117 (node/202102410)
71241,35.870321,-84.440787,osm_exit,high,node/203402630,I-40 exit 356A,3.57,I-40 exit 356A: 3 node(s) within 0.5 mi; no fuel station with the name within 1.5 mi
71244,41.238150,-112.014381,osm_exit,medium,node/303688520,I-15/I-84 exit 344,2.50,I-84/I-15 exit 344: 2 node(s) within 0.9 mi; the fuel station with the name there is held by another OPIS station
71245,42.842641,-112.413545,osm_fuel,high,way/1329656723,Maverik,3.15,name match 0.13 mi from I-15 exit 67 (node/126446130)
71246,35.192649,-101.749410,osm_exit,high,node/9738665954,I-40/US-287 exit 75,4.59,I-40 exit 75: 2 node(s) within 1.3 mi; no fuel station with the name within 1.5 mi
71247,31.782828,-89.057326,osm_fuel,high,way/1325280421,Love's,1.03,name match 0.11 mi from I-59 exit 104 (node/1868057966)
71248,28.224132,-81.645561,osm_fuel,medium,node/2631895425,RaceTrac,4.84,name match 0.61 mi from I-4 exit 55 (node/600578966); nearest of 2 matching sites
71249,33.605051,-85.835538,osm_exit,high,node/52348395,I-20 exit 185,1.97,I-20 exit 185: 2 node(s) within 0.5 mi; no fuel station with the name within 1.5 mi
71250,35.161840,-111.276869,osm_exit,medium,node/1837046425,I-40/US-180 exit 219,19.49,I-40 exit 219: 2 node(s) within 0.6 mi; no fuel station with the name within 1.5 mi; 19 mi from the city
71252,34.495450,-81.846682,osm_fuel,high,way/1051888609,QuikTrip,1.70,name match 0.23 mi from I-26 exit 54 (node/403496698)
71253,29.137949,-98.887903,osm_exit,high,node/227215961,I-35 exit 122,1.17,I-35 exit 122: 2 node(s) within 1.2 mi; no fuel station with the name within 1.5 mi
71255,38.953739,-93.087165,osm_fuel,high,way/688527331,Fuel n Treat,4.13,name match 0.14 mi from I-70/US-40 exit 84 (node/192983461)
71259,30.531917,-88.238601,osm_fuel,high,node/11711684938,Love's,1.75,name match 0.52 mi from I-10 exit 10 (node/298153743)
71261,42.485637,-82.917587,osm_exit,high,node/61973774,I-94 exit 228,1.80,I-94 exit 228: 2 node(s) within 0.6 mi; no fuel station with the name within 1.5 mi
71262,39.944695,-82.678543,osm_fuel,high,way/1236321435,Love's (ref 892),0.83,name match 0.28 mi from I-70 exit 118 (node/198332486); OSM has the store number
71263,37.616670,-104.756196,osm_fuel,high,way/1259749989,Love's,1.70,name match 0.14 mi from I-25 exit 49 (node/1150252167)
71264,35.024021,-106.643682,osm_fuel,high,way/1148461992,Maverik,5.58,name match 0.51 mi from I-25/US-85 exit 220 (node/140772477)
71266,36.271211,-82.927973,osm_exit,high,node/1700713351,I-81 exit 30,5.63,I-81 exit 30: 2 node(s) within 0.7 mi; no fuel station with the name within 1.5 mi
71267,42.375281,-85.659471,osm_fuel,high,node/11050087528,Love's,7.81,name match 0.33 mi from US-131/SR-43 exit 44 (node/184691259)
71270,32.489245,-99.745883,osm_fuel,high,way/1087081050,QuikTrip,2.44,name match 0.14 mi from I-20 exit 285 (node/57661672)
71276,28.054591,-82.011752,osm_exit,high,node/359226285,I-4 exit 28,3.48,I-4 exit 28: 2 node(s) within 0.6 mi; no fuel station with the name within 1.5 mi
71277,29.186022,-82.179518,osm_fuel,medium,way/1066530923,Circle K,1.82,name match 1.13 mi from I-75 exit 354 (node/1601841865); nearest of 2 matching sites
71281,34.861016,-114.146732,osm_exit,high,node/1698847783,I-40 exit 25,0.14,I-40 exit 25: 2 node(s) within 0.5 mi; no fuel station with the name within 1.5 mi
71284,34.744723,-89.453067,osm_fuel,high,way/1323593375,Love's,2.34,name match 0.13 mi from I-22 exit 30 (node/277347218)
71286,26.502092,-81.793890,osm_exit,medium,node/4725971094+node/98283677,I-75 exit 128,8.33,"I-75 exit 128: 2 node(s) within 3.0 mi, midpoint of 2 exit nodes 3.0 mi apart; no fuel station with the name within 1.5 mi"
71287,29.970336,-90.325924,osm_exit,high,node/123693608,I-310 exit 2B-A,1.18,I-310 exit 2A: 2 node(s) within 1.0 mi; no fuel station with the name within 1.5 mi
71288,39.852974,-82.937831,osm_fuel,medium,way/978608335,Sheetz,2.48,name match 1.26 mi from I-270 exit 49 (node/229630538); a site of another store set aside
71289,26.653117,-81.812430,osm_fuel,medium,way/1103703854,7-Eleven,2.71,name match 0.82 mi from I-75 exit 139 (node/98025545); nearest of 2 matching sites
71290,31.580553,-84.107118,osm_fuel,high,node/8813073085,Love's,4.07,name match 0.28 mi from US-19/SR-3 exit 3 (node/68298474)
71291,38.625205,-88.967988,osm_fuel,high,way/847396552,Hucks (brand Huck's Food & Fuel),0.49,name match 0.22 mi from I-57 exit 116 (node/236427034)
71298,32.076194,-96.447217,osm_fuel,high,node/12061537740,QuikTrip,1.22,name match 0.24 mi from I-45 exit 229 (node/235614668)
71299,31.510200,-97.144915,osm_fuel,high,way/1106952467,QuikTrip,4.23,name match 0.43 mi from I-35 exit 331 (node/312443142)
71300,42.279241,-84.308849,osm_exit,high,node/1823667444,I-94 exit 145,5.50,I-94 exit 145: 2 node(s) within 0.3 mi; no fuel station with the name within 1.5 mi
71301,40.256776,-89.222801,osm_exit,high,node/235417833,I-55 exit 140,0.63,I-55 exit 140: 2 node(s) within 0.5 mi; no fuel station with the name within 1.5 mi
71302,41.960785,-91.670919,osm_exit,medium,node/160298479,I-380/SR-27 exit 18,0.48,I-380 exit 18: 2 node(s) within 0.6 mi; the fuel station with the name there is held by another OPIS station
71305,29.137949,-98.887903,osm_exit,high,node/227215961,I-35 exit 122,1.17,I-35 exit 122: 2 node(s) within 1.2 mi; no fuel station with the name within 1.5 mi
71307,37.002190,-88.320364,osm_fuel,high,node/11591243650,Speedway,5.15,name match 0.30 mi from I-24 exit 27 (node/166706459)
71308,36.187731,-86.270725,osm_exit,high,node/1837177439,I-40 exit 239A,4.20,I-40 exit 239A: 3 node(s) within 0.2 mi; no fuel station with the name within 1.5 mi
71311,32.669915,-85.333825,osm_exit,high,node/56867092,I-85/US-29 exit 64,2.70,I-85 exit 64: 2 node(s) within 0.5 mi; no fuel station with the name within 1.5 mi
71314,32.493090,-91.991985,osm_fuel,high,node/10967879439,Love's,5.28,name match 0.36 mi from I-20 exit 124 (node/470542390)
71319,28.666733,-80.873423,osm_fuel,high,way/1086560745,Love's,2.46,name match 0.29 mi from I-95 exit 223 (node/486970648)
71320,38.762385,-94.958720,osm_exit,high,node/2409225699,I-35/US-50 exit 205,0.59,I-35 exit 205: 2 node(s) within 0.8 mi; no fuel station with the name within 1.5 mi
71322,45.222717,-87.996140,osm_fuel,high,way/1102793915,Kwik Trip (ref 1101),0.90,"store number and name match, 0.9 mi from city center (no exit in address)"
71324,34.773162,-82.461468,osm_fuel,high,way/1105941168,7-Eleven,4.68,name match 0.34 mi from I-185 exit 12 (node/112666412)
71325,32.529916,-93.669691,osm_exit,high,node/1068760093,I-20 exit 23,0.94,I-20 exit 23: 2 node(s) within 0.5 mi; no fuel station with the name within 1.5 mi
71326,41.314517,-81.454525,osm_exit,high,node/229947213,I-480/SR-14 exit 36,0.81,I-480/SR-82 exit 36: 2 node(s) within 0.5 mi; no fuel station with the name within 1.5 mi
71327,41.301177,-105.593897,osm_fuel,high,node/9222665168,Maverik,0.98,name match 0.27 mi from I-80 exit 313 (node/477691472)
71329,33.280675,-87.098904,osm_fuel,high,node/12175742600,Speedway,4.45,name match 0.30 mi from I-20 exit 100 (node/64211234)
71333,32.374480,-98.975788,osm_exit,high,node/223989591,I-20 exit 332,0.96,I-20 exit 332: 2 node(s) within 0.6 mi; no fuel station with the name within 1.5 mi
71335,34.187499,-101.750837,osm_fuel,medium,way/678783936,AllSup's,1.58,name match 0.40 mi from I-27/US-87 exit 49B (node/344257178); nearest of 2 matching sites
71339,41.678584,-93.573309,osm_fuel,medium,way/1167636780,Casey's General Store,3.91,name match 0.40 mi from I-35 exit 89 (node/160858465); nearest of 4 matching sites
71341,36.015382,-87.332394,osm_fuel,high,node/11222976254,QuikTrip,3.89,name match 0.33 mi from I-40 exit 172 (node/53659513)
71347,32.412606,-99.493969,osm_exit,high,node/222779650,I-20 exit 301,0.76,I-20 exit 301: 2 node(s) within 0.5 mi; no fuel station with the name within 1.5 mi
71359,32.490602,-99.744178,osm_exit,high,node/57661672,I-20 exit 285,2.52,I-20 exit 285: 2 node(s) within 0.5 mi; no fuel station with the name within 1.5 mi
71367,31.572681,-102.906746,osm_exit,high,node/317717049,I-20 exit 79,1.71,I-20 exit 79: 2 node(s) within 0.4 mi; no fuel station with the name within 1.5 mi
71369,43.515662,-116.147387,osm_exit,high,node/126177509,I-84/US-20/US-26/US-30 exit 59A,7.32,I-84 exit 59A: 3 node(s) within 1.1 mi; no fuel station with the name within 1.5 mi
71370,35.508486,-108.828280,osm_exit,high,node/610488018,I-40 exit 16,4.77,I-40 exit 16: 2 node(s) within 0.6 mi; no fuel station with the name within 1.5 mi
71377,40.000014,-104.721208,osm_fuel,high,way/1041332731,7-Eleven,4.53,name match 0.18 mi from I-76 exit 25 (node/175863432)
71378,33.464836,-112.237422,osm_fuel,medium,way/702792805,QuikTrip,11.27,name match 0.55 mi from I-10 exit 136B (node/338469675); nearest of 3 matching sites
71379,34.655001,-92.412952,osm_fuel,high,way/1164685656,QuikTrip,5.76,name match 0.20 mi from I-30/US-67/US-70 exit 128 (node/118906784)
71387,41.682774,-93.007728,osm_exit,high,node/160063593,I-80 exit 168,1.93,I-80 exit 168: 2 node(s) within 0.8 mi; no fuel station with the name within 1.5 mi
71389,34.440177,-79.377236,osm_exit,high,node/407871304,I-95 exit 193,1.13,I-95 exit 193: 2 node(s) within 0.6 mi; no fuel station with the name within 1.5 mi
71390,38.761765,-90.067087,osm_fuel,high,node/11240281290,Speedway,3.86,name match 0.28 mi from I-270 exit 6B (node/236356437)
71391,34.887090,-92.375382,osm_fuel,high,way/1415327416,QuikTrip,10.78,name match 0.31 mi from I-40 exit 142 (node/118469965)
71394,32.415591,-97.228479,osm_fuel,high,way/706100805,QuikTrip,1.12,name match 0.11 mi from I-35W exit 26A (node/82277374)
71399,39.012786,-94.066163,osm_fuel,high,way/1323785574,Love's,0.63,name match 0.13 mi from I-70 exit 31 (node/191363432)
71401,45.025678,-92.959753,osm_exit,high,node/9432197423,I-694 exit 52B,8.82,I-694 exit 52B: 4 node(s) within 0.6 mi; no fuel station with the name within 1.5 mi
71404,33.688543,-112.112855,osm_exit,medium,node/41302748,I-17 exit 215B (old exit 217B),8.15,I-17 exit 215B: 4 node(s) within 1.9 mi; no fuel station with the name within 1.5 mi
71405,33.513377,-112.156257,osm_exit,high,node/331125120,US-60 exit 157,5.57,US-60 exit 157: 2 node(s) within 0.7 mi; no fuel station with the name within 1.5 mi
71406,33.459011,-112.172589,osm_fuel,high,way/1226784992,Flyers,9.15,name match 0.66 mi from I-10 exit 139 (node/258430029)
71408,33.428261,-112.068656,osm_exit,medium,node/256755310,I-17/US-60 exit 195B,10.02,I-17 exit 195B: 3 node(s) within 0.9 mi; no fuel station with the name within 1.5 mi; 10 mi from the city
71410,33.386331,-111.798198,osm_exit,high,node/41476023,US-60 exit 181,4.83,US-60 exit 181: 2 node(s) within 0.8 mi; no fuel station with the name within 1.5 mi
71411,33.304556,-111.972334,osm_exit,high,node/255720091,I-10 exit 161C,7.12,I-10 exit 161C: 3 node(s) within 1.0 mi; no fuel station with the name within 1.5 mi
71413,33.386500,-111.586746,osm_exit,high,node/256323318,US-60 exit 194,2.68,US-60 exit 194: 1 node(s) within 0.0 mi; no fuel station with the name within 1.5 mi
71416,32.255655,-110.996869,osm_exit,medium,node/1214430058,I-10 exit 255,10.23,I-10 exit 255: 2 node(s) within 0.8 mi; no fuel station with the name within 1.5 mi; 10 mi from the city
71417,32.180970,-110.951346,osm_exit,high,node/6393735390,I-10 exit 263A,5.09,I-10 exit 263A: 3 node(s) within 0.9 mi; no fuel station with the name within 1.5 mi
71418,32.159127,-110.911893,osm_exit,high,node/339104919,I-10 exit 264,2.44,I-10 exit 264: 3 node(s) within 0.6 mi; no fuel station with the name within 1.5 mi
71434,43.186771,-95.839641,osm_fuel,high,way/1451205455,Kwik Star,0.53,name match 1.38 mi from SR-18/SR-60 exit 34 (node/441509853)
71435,35.278385,-80.809099,osm_fuel,high,relation/19390038,QuikTrip,4.95,name match 0.12 mi from I-85 exit 40 (node/172130330)
71436,44.359349,-106.661917,osm_exit,high,node/157469448,I-90 exit 58,3.01,I-90 exit 58: 2 node(s) within 0.5 mi; no fuel station with the name within 1.5 mi
71437,43.441475,-112.117819,osm_exit,high,node/127203509,I-15/US-26 exit 113,5.31,I-15 exit 113: 2 node(s) within 0.5 mi; no fuel station with the name within 1.5 mi
71439,30.573382,-87.027137,osm_exit,high,node/100470706,I-10 exit 26 (old exit 8),4.15,I-10 exit 26: 2 node(s) within 0.7 mi; no fuel station with the name within 1.5 mi
71440,47.673831,-117.247768,osm_exit,medium,node/50876878,I-90 exit 289,8.65,I-90 exit 289: 2 node(s) within 0.7 mi; the fuel station with the name there is held by another OPIS station
71442,37.680851,-85.844584,osm_exit,medium,node/164130188,I-65 exit 91C-A,2.49,"I-65 exit 91: 2 node(s) within 1.2 mi, exit letter differs; no fuel station with the name within 1.5 mi"
71444,37.273506,-93.111075,osm_fuel,high,node/12287874902,ONE9,0.50,name match 0.09 mi from I-44 exit 88 (node/190574426)
71445,43.800627,-90.060577,osm_exit,high,node/231251213,I-90/I-94 exit 69,0.95,I-90/I-94 exit 69: 2 node(s) within 0.6 mi; no fuel station with the name within 1.5 mi
71446,41.599982,-90.610992,osm_exit,high,node/160941168,I-80/US-61 exit 292,3.00,I-80 exit 292: 2 node(s) within 0.7 mi; no fuel station with the name within 1.5 mi
71447,44.111470,-88.697079,osm_fuel,high,node/13890227551,Kwik Trip (ref 612),0.74,"store number and name match, 0.7 mi from city center (no exit in address)"
71450,34.817969,-106.770514,osm_fuel,high,way/1055212738,Maverik,1.57,name match 0.61 mi from I-25 exit 203 (node/144431531)
71456,35.151596,-103.719079,osm_exit,high,node/143018830,I-40 exit 332,1.52,I-40 exit 332: 2 node(s) within 0.7 mi; no fuel station with the name within 1.5 mi
71470,31.402397,-103.480295,osm_exit,high,node/317700339,I-20 exit 42,1.61,I-20 exit 42: 2 node(s) within 0.4 mi; no fuel station with the name within 1.5 mi
71481,48.566635,-97.186390,osm_exit,high,node/77306080,I-29 exit 187,0.45,I-29 exit 187: 2 node(s) within 0.6 mi; no fuel station with the name within 1.5 mi
71482,47.475054,-111.361143,osm_fuel,high,node/11209326297,Love's (ref 789),3.43,name match 0.21 mi from I-15 exit 277 (node/314363329); OSM has the store number
71484,31.960751,-83.753764,osm_fuel,high,way/872771055,Circle K,1.01,name match 0.28 mi from I-75/SR-401 exit 101 (node/68026843)
71487,38.948904,-112.352733,osm_fuel,high,way/1038853917,Love's,1.30,name match 0.38 mi from I-15 exit 163 (node/419741751)
71488,43.736566,-98.956538,osm_fuel,high,way/1255422749,Love's,0.72,name match 0.24 mi from I-90 exit 284 (node/78773165)
71490,33.647918,-85.505750,osm_fuel,high,node/13770704758,Love's,3.66,name match 0.27 mi from I-20 exit 205 (node/52878670)
71491,36.759681,-89.534862,osm_fuel,high,node/9434761797,Speedway,1.82,name match 0.25 mi from I-55 exit 58 (node/191915482)
71492,38.244612,-86.357068,osm_fuel,high,way/1323938371,Love's,3.10,name match 0.25 mi from I-64 exit 92 (node/179091946)
71493,32.540130,-92.622214,osm_exit,high,node/115711369,I-20 exit 86,0.91,I-20 exit 86: 2 node(s) within 0.5 mi; no fuel station with the name within 1.5 mi
71495,39.609337,-86.071954,osm_exit,high,node/459665700,I-65 exit 99,1.82,I-65 exit 99: 2 node(s) within 0.7 mi; no fuel station with the name within 1.5 mi
71502,32.374480,-98.975788,osm_exit,high,node/223989591,I-20 exit 332,0.96,I-20 exit 332: 2 node(s) within 0.6 mi; no fuel station with the name within 1.5 mi
71504,41.245160,-112.012307,osm_fuel,medium,way/1126416683,Maverik,2.57,name match 1.48 mi from I-84/I-15 exit 346 (node/358265338); a site held by another OPIS station set aside
71510,38.170438,-84.810704,osm_fuel,high,way/1276720534,RaceTrac,3.44,name match 0.33 mi from I-64 exit 58 (node/163598780)
71515,38.274081,-88.901192,osm_exit,high,node/391305859,I-64 exit 80,2.91,I-64/SR-37 exit 80: 2 node(s) within 0.4 mi; no fuel station with the name within 1.5 mi
71516,42.259094,-79.744182,osm_fuel,high,node/10926790757,Love's,1.69,name match 0.23 mi from I-90 exit 61 (node/211612188)
71523,33.171053,-87.445820,osm_fuel,high,way/1117870113,QuikTrip (ref 7170),1.61,name match 0.25 mi from I-59 exit 77 (node/64244574); OSM has the store number
71524,40.893305,-81.431263,osm_exit,high,node/200039056,I-77 exit 112,2.22,I-77 exit 112: 2 node(s) within 0.5 mi; no fuel station with the name within 1.5 mi
71525,35.968610,-83.250484,osm_exit,high,node/1692232319,I-40 exit 432B,2.99,I-40 exit 432B: 3 node(s) within 0.7 mi; no fuel station with the name within 1.5 mi
71526,42.964407,-76.847364,osm_fuel,high,node/11343370864,Love's,4.17,name match 0.24 mi from I-90 exit 41 (node/213274129)
71528,44.777034,-106.936861,osm_exit,high,node/461323947,I-90/US-14/US-87 exit 25,1.88,I-90 exit 25: 2 node(s) within 0.6 mi; no fuel station with the name within 1.5 mi
71535,40.623868,-116.918379,osm_exit,high,node/562505633,I-80 exit 233,1.61,I-80 exit 233: 2 node(s) within 0.5 mi; no fuel station with the name within 1.5 mi
71536,34.960692,-106.660131,osm_fuel,high,way/1124744229,Pilot,9.98,name match 0.12 mi from I-25/US-85 exit 215 (node/440449406)
71556,44.952980,-90.799623,osm_fuel,high,way/660086089,Kwik Trip,0.37,name match 0.24 mi from HWY-29 exit 108 (node/147027423)
71560,32.683645,-107.157931,osm_exit,high,node/453406787,I-25 exit 41,0.76,I-25 exit 41: 2 node(s) within 0.4 mi; no fuel station with the name within 1.5 mi
71561,31.897745,-97.089397,osm_exit,medium,node/6695834373+node/6695865247,I-35/US-77 exit 359,1.25,"I-35 exit 359: 2 node(s) within 1.8 mi, midpoint of 2 exit nodes 1.8 mi apart; no fuel station with the name within 1.5 mi"
71562,42.947307,-74.355837,osm_fuel,high,node/12128697874,Pilot,0.71,name match 0.22 mi from I-90 exit 28 (node/1892616414)
71580,41.682901,-112.142520,osm_fuel,high,relation/15845354,Maverik,3.37,name match 0.19 mi from I-15/I-84 exit 376 (node/429235163)
71590,36.445744,-104.595260,osm_exit,high,node/141619188,I-25 exit 419,5.56,I-25 exit 419: 2 node(s) within 0.4 mi; no fuel station with the name within 1.5 mi
71600,31.725353,-96.176955,osm_fuel,high,node/11179682221,TA Express (brand TA),0.67,name match 0.44 mi from I-45 exit 198 (node/473330753)
71601,35.688540,-78.571421,osm_exit,high,node/195396427,I-40 exit 306B,2.42,I-40 exit 306B: 3 node(s) within 1.0 mi; no fuel station with the name within 1.5 mi
71604,40.775845,-112.025688,osm_fuel,medium,way/1234596545,Maverik,4.96,name match 0.53 mi from I-80 exit 113 (node/372126872); nearest of 2 matching sites
71607,47.104040,-119.340885,osm_exit,high,node/48121803,I-90 exit 174,3.45,I-90 exit 174: 2 node(s) within 0.2 mi; no fuel station with the name within 1.5 mi
71612,30.621100,-81.645705,osm_fuel,high,way/634172088,Raceway,4.63,name match 0.38 mi from I-95 exit 373 (node/599355716)
71614,35.161382,-81.453147,osm_fuel,high,node/10915417132,7-Eleven,4.57,name match 0.31 mi from I-85 exit 106 (node/1831592948)
71618,39.733099,-94.218663,osm_fuel,high,way/1136346039,Love's,1.05,name match 0.17 mi from I-35 exit 52 (node/189874548)
71619,36.089408,-79.700966,osm_fuel,high,way/1135276299,7-Eleven,6.86,name match 0.19 mi from I-840/I-785 exit 18 (node/4388125326)
71621,34.193197,-101.750191,osm_exit,medium,node/344257178,I-27/US-87 exit 579B (old exit 49B),1.53,"I-27 exit 49B: 3 node(s) within 0.8 mi, matched on the old exit number (old_ref); no fuel station with the name within 1.5 mi"
71624,40.740581,-114.056074,osm_fuel,high,way/1200921538,Maverik,1.18,name match 0.20 mi from I-80 exit 410 (node/137724182)
71627,33.030592,-83.914474,osm_exit,high,node/484081352,I-75 exit 185,1.31,I-75 exit 185: 2 node(s) within 0.6 mi; no fuel station with the name within 1.5 mi
71628,33.139580,-86.751557,osm_fuel,high,way/1154360284,QuikTrip,1.24,name match 0.24 mi from I-65 exit 231 (node/61219057)
71638,29.601954,-98.274406,osm_exit,high,node/151137035,I-35 exit 176,3.02,I-35 exit 176: 2 node(s) within 1.0 mi; no fuel station with the name within 1.5 mi
71643,32.463520,-97.263039,osm_fuel,high,way/1365847076,Pilot,4.82,name match 0.20 mi from I-35 exit 30 (node/82271242)
71644,32.387655,-100.954521,osm_exit,high,node/386575540,I-20 exit 210,5.67,I-20 exit 210: 2 node(s) within 0.6 mi; no fuel station with the name within 1.5 mi
71646,30.485745,-84.424058,osm_fuel,high,way/1456109771,Speedway,2.47,name match 0.30 mi from I-10 exit 192 (node/298586016)
71647,37.980794,-91.721542,osm_fuel,high,way/1347882963,QuikTrip,3.24,name match 0.18 mi from I-44 exit 189 (node/192197522)
71648,36.555445,-87.252725,osm_fuel,high,node/11229823867,QuikTrip,5.19,name match 0.31 mi from I-24 exit 8 (node/203147348)
71651,30.060608,-97.835442,osm_fuel,high,way/1324181510,QuikTrip,1.35,name match 0.13 mi from I-35 exit 220 (node/3114020892)
71654,42.100972,-89.022653,osm_exit,high,node/236760694,I-39/US-51 exit 111,1.45,I-39/US-51 exit 111: 2 node(s) within 0.4 mi; no fuel station with the name within 1.5 mi
71659,41.926608,-72.259686,osm_fuel,high,node/10857848281,Love's,2.56,name match 0.16 mi from I-84 exit 71 (node/290061691)
71661,35.459476,-93.480303,osm_fuel,high,way/1255415807,Love's,0.39,name match 0.19 mi from I-40 exit 57 (node/117401856)
71667,28.523920,-82.238869,osm_fuel,high,way/1126186360,7 Eleven Gas Station,10.08,name match 0.62 mi from I-75 exit 301 (node/5274457377)
71673,34.630641,-82.604704,osm_exit,high,node/109515619,I-85 exit 27,7.86,I-85 exit 27: 2 node(s) within 0.6 mi; no fuel station with the name within 1.5 mi
71686,32.477192,-100.007559,osm_exit,high,node/6599991371,I-20/US-84 exit 269,0.56,I-20 exit 269: 2 node(s) within 0.5 mi; no fuel station with the name within 1.5 mi
71687,32.410719,-100.866613,osm_exit,high,node/227241643,I-20 exit 216,0.91,I-20 exit 216: 2 node(s) within 0.6 mi; no fuel station with the name within 1.5 mi
71688,42.555771,-88.975078,osm_exit,high,node/258486785,I-39/I-90 exit 183,3.11,I-90 exit 183: 2 node(s) within 0.6 mi; no fuel station with the name within 1.5 mi
71689,43.195770,-88.126898,osm_exit,high,node/213266800,I-41/US-41/US-45 exit 52,4.03,I-41/US-45 exit 52: 2 node(s) within 0.6 mi; no fuel station with the name within 1.5 mi
71692,34.184275,-83.596754,osm_exit,high,node/70494008,I-85 exit 140,3.33,I-85/SR-403 exit 140: 2 node(s) within 0.5 mi; no fuel station with the name within 1.5 mi
71694,43.052983,-85.910535,osm_exit,high,node/185741047,I-96 exit 19,1.46,I-96 exit 19: 2 node(s) within 0.4 mi; no fuel station with the name within 1.5 mi
71696,32.476117,-93.835308,osm_exit,high,node/114921068,I-220 exit 1A,2.59,I-220 exit 1A: 4 node(s) within 1.5 mi; no fuel station with the name within 1.5 mi
71697,41.171360,-79.046011,osm_fuel,high,node/11902579169,Love's Travel Stop (operator Love's Travel Shop),2.02,name match 0.28 mi from I-80 exit 81 (node/107085899)
71699,42.569030,-87.955280,osm_fuel,high,way/776356382,Kwik Trip,4.04,name match 0.43 mi from I-94 exit 344 (node/3798581355)
71704,32.851022,-96.568130,osm_exit,medium,node/81648792,I-30/US-67 exit 61A,5.43,I-30 exit 61A: 4 node(s) within 1.6 mi; no fuel station with the name within 1.5 mi
71705,27.845779,-97.571909,osm_fuel,high,way/1086731224,"Stripes (brand 7-Eleven, operator 7-Eleven)",11.17,name match 0.17 mi from I-37 exit 11A (node/305612893)
71706,33.929466,-81.048524,osm_exit,high,node/113397056,I-77 exit 2,5.10,I-77 exit 2: 2 node(s) within 0.7 mi; no fuel station with the name within 1.5 mi
71708,37.468662,-77.427943,osm_exit,high,node/29933604,I-95 exit 69,5.07,I-95 exit 69: 2 node(s) within 0.3 mi; no fuel station with the name within 1.5 mi
71709,35.053297,-85.187416,osm_fuel,high,node/10916468105,MAPCO,3.56,name match 0.23 mi from SR-153 exit 2 (node/202581417)
71712,38.994658,-110.180940,osm_fuel,high,way/1305812977,Maverik,0.41,name match 0.20 mi from I-70 exit 160 (node/83141708)
71713,35.805146,-90.625498,osm_fuel,high,node/11155412689,Pilot,3.16,name match 0.18 mi from I-555 exit 39 (node/116762796)
71719,45.248424,-93.023060,osm_fuel,high,way/1257994748,Love's,2.74,name match 0.17 mi from I-35 exit 129 (node/1448585944)
71737,30.367400,-81.760886,osm_exit,high,node/96564613,I-295 exit 25 (old exit 10),6.28,I-295 exit 25: 2 node(s) within 0.6 mi; no fuel station with the name within 1.5 mi
71738,42.732550,-90.438373,osm_fuel,high,node/4426108087,Kwik Trip (ref 1196),1.54,name match 0.30 mi from US-151 exit 21 (node/244093171); OSM has the store number
71739,32.308875,-81.880451,osm_exit,high,node/66638335,I-16 exit 116,3.85,I-16/SR-404 exit 116: 2 node(s) within 0.8 mi; no fuel station with the name within 1.5 mi
71741,33.482064,-82.315051,osm_fuel,high,way/1078645817,Sprint,3.23,name match 1.02 mi from I-20 exit 183 (node/471983974)
71770,41.085798,-75.963407,osm_exit,high,node/155220102,I-81 exit 155,4.60,I-81 exit 155: 2 node(s) within 0.5 mi; no fuel station with the name within 1.5 mi
71773,41.985925,-92.582295,osm_fuel,high,way/1167657317,Kwik Star,0.31,name match 0.26 mi from US-30 exit 202 (node/1008097813)
71776,32.619348,-85.396672,osm_exit,high,node/56848712,I-85/US-280/US-29 exit 58,3.04,I-85/US-29 exit 58: 2 node(s) within 0.7 mi; no fuel station with the name within 1.5 mi
71779,33.462636,-112.195876,osm_exit,high,node/7076788867,I-10 exit 138,9.71,I-10 exit 138: 4 node(s) within 1.4 mi; no fuel station with the name within 1.5 mi
71786,40.109775,-79.382265,osm_exit,high,node/444312134,I-70/I-76 exit 91 (Donegal),0.17,I-76 exit 91: 2 node(s) within 0.2 mi; no fuel station with the name within 1.5 mi
71793,38.984230,-77.454302,osm_exit,high,node/63422091,SR-267 exit 8B,2.99,SR-267 exit 8B: 4 node(s) within 0.9 mi; no fuel station with the name within 1.5 mi
71795,32.994785,-85.029892,osm_fuel,high,way/1502345535,Circle K,2.28,name match 0.33 mi from I-85 exit 13 (node/72996648)
71797,41.661943,-93.483715,osm_exit,medium,node/1804543738,I-80/US-6 exit 142,0.80,I-80/US-6 exit 142: 2 node(s) within 1.1 mi; the fuel station with the name there is held by another OPIS station
71798,46.321953,-122.912075,osm_fuel,high,way/1280702748,Space Age,3.48,name match 0.17 mi from I-5 exit 52 (node/47681898)
71800,37.945043,-91.888182,osm_exit,high,node/192230818,I-44 exit 179,2.14,I-44 exit 179: 2 node(s) within 0.6 mi; no fuel station with the name within 1.5 mi
71802,30.906930,-102.889306,osm_exit,high,node/299507437,I-10/US-67 exit 259,1.04,I-10 exit 259: 3 node(s) within 1.2 mi; no fuel station with the name within 1.5 mi
71803,32.029939,-101.987931,osm_fuel,high,node/10749295501,Kent Kwik #321 (brand Chevron),7.36,name match 0.64 mi from I-20 exit 143 (node/3878647417); OSM has the store number
71804,41.795138,-88.367950,osm_exit,high,node/235072787,I-88/SR-110/SR-56 exit 114,5.15,I-88 exit 114: 2 node(s) within 0.3 mi; no fuel station with the name within 1.5 mi
71812,43.623586,-87.776184,osm_fuel,high,node/12432317629,Kwik Trip (ref 1198),0.60,"store number and name match, 0.6 mi from city center (no exit in address)"
71816,39.685721,-111.838108,osm_fuel,high,way/1176009495,Maverik,1.34,name match 0.40 mi from I-15 exit 222 (node/83279656)
71818,39.837366,-89.526803,osm_exit,high,node/930503771,I-72/US-36 exit 108,0.79,I-72 exit 108: 2 node(s) within 0.7 mi; no fuel station with the name within 1.5 mi
71828,44.850448,-87.356153,osm_fuel,high,node/7022091219,Kwik Trip (ref 1209),2.03,"store number and name match, 2.0 mi from city center (no exit in address)"
71830,34.912711,-91.196584,osm_fuel,high,way/1130257136,One9 Fuel Stop (brand ONE9),1.63,name match 0.36 mi from I-40/US-63 exit 216 (node/117870337)
71831,36.291284,-97.325302,osm_fuel,high,way/1217664684,Love's,1.22,name match 0.16 mi from I-35 exit 186 (node/147283742)
71837,39.438227,-77.377444,osm_fuel,high,way/1417444759,Rutter's,1.84,name match 1.44 mi from US-15 exit 17 (node/103073909)
71840,41.762873,-71.095408,osm_fuel,high,way/1207722792,Cumberland Farms (brand Neon Marketplace),2.59,name match 0.39 mi from SR-79 exit 10 (node/67186318)
71848,32.374229,-82.059967,osm_exit,high,node/66737662,I-16 exit 104,1.41,I-16 exit 104: 2 node(s) within 0.8 mi; no fuel station with the name within 1.5 mi
71849,35.191248,-102.057286,osm_exit,medium,node/227807504,I-40/US-66 exit 57,12.84,I-40 exit 57: 2 node(s) within 0.8 mi; no fuel station with the name within 1.5 mi; 13 mi from the city
71850,43.567299,-87.799490,osm_exit,high,node/232407360,I-43/SR-32 exit 113,1.18,I-43 exit 113: 2 node(s) within 0.6 mi; no fuel station with the name within 1.5 mi
71853,32.412606,-99.493969,osm_exit,high,node/222779650,I-20 exit 301,0.76,I-20 exit 301: 2 node(s) within 0.5 mi; no fuel station with the name within 1.5 mi
71854,33.793684,-96.555192,osm_fuel,high,way/1239511578,Exxon,2.36,name match 0.36 mi from US-75 exit 72 (node/224639512)
71855,43.104965,-76.186682,osm_fuel,medium,way/1190445869,Byrne Dairy,1.16,name match 0.10 mi from I-90 exit 37 (node/212732174); nearest of 2 matching sites
71856,36.976541,-84.106226,osm_fuel,high,node/11398160943,Go Time,3.12,name match 0.37 mi from I-75 exit 29 (node/165554680)
71857,33.602762,-81.842681,osm_fuel,high,node/12649955526,QuikTrip,3.26,name match 0.40 mi from I-20 exit 11 (node/109361627)
71858,32.513399,-92.191463,osm_fuel,high,node/10968172719,QuikTrip,2.35,name match 0.25 mi from I-20 exit 112 (node/1108525761)
71860,30.373493,-89.741973,osm_exit,high,node/124080558,I-59/US-11 exit 5A,0.52,I-59 exit 5A: 4 node(s) within 1.4 mi; no fuel station with the name within 1.5 mi
71864,38.006345,-91.616659,osm_exit,high,node/192332137,I-44 exit 195,0.33,I-44 exit 195: 2 node(s) within 0.3 mi; no fuel station with the name within 1.5 mi
71865,32.906403,-96.447589,osm_fuel,high,way/890896901,RaceTrac,0.98,name match 0.44 mi from I-30 exit 68 (node/4880483602)
71866,38.133726,-85.719364,osm_fuel,high,way/1365093428,RaceTrac,6.39,name match 0.72 mi from I-65 exit 128 (node/164586218)
71869,32.089274,-81.127342,osm_exit,high,node/801680961,I-516/SR-21/SR-25 exit 7B,8.45,I-516 exit 7B: 3 node(s) within 0.2 mi; no fuel station with the name within 1.5 mi
71872,41.541026,-94.006360,osm_exit,high,node/31535474,I-80 exit 110,0.29,I-80 exit 110: 2 node(s) within 0.6 mi; no fuel station with the name within 1.5 mi
71873,45.164792,-93.037452,osm_fuel,high,way/1245949860,"Kwik Trip #1182 (brand Kwik Trip, operator Kwik Trip, Inc.)",3.77,name match 0.31 mi from I-35E exit 123B (node/1264089068); OSM has the store number
71876,35.733178,-84.399933,osm_fuel,high,node/11808068375,Love's,2.14,name match 0.36 mi from I-75 exit 72 (node/202879679)
71877,41.417750,-88.370530,osm_exit,high,node/1899021415,I-80 exit 116,3.81,I-80 exit 116: 2 node(s) within 0.7 mi; no fuel station with the name within 1.5 mi
71890,35.188875,-111.625993,osm_exit,high,node/174599096,I-40 exit 198,0.39,I-40 exit 198: 2 node(s) within 0.6 mi; no fuel station with the name within 1.5 mi
71897,31.038069,-104.821759,osm_exit,high,node/299419847,I-10 exit 140B,0.76,I-10 exit 140B: 4 node(s) within 0.9 mi; no fuel station with the name within 1.5 mi
71898,40.541595,-88.998590,osm_fuel,high,node/11889678419,Love's Travel Stop (brand Love's),1.52,name match 0.22 mi from I-55 exit 165 (node/261226251)
71904,41.761698,-81.047907,osm_fuel,high,node/11741942620,Sheetz,0.78,name match 0.31 mi from I-90 exit 212 (node/63631755)
71906,41.147677,-87.266021,osm_exit,high,node/180025185,I-65 exit 230,5.12,I-65 exit 230: 2 node(s) within 0.5 mi; no fuel station with the name within 1.5 mi
71910,44.312058,-93.272053,osm_fuel,high,node/11932109763,Kwik Trip,0.92,name match 1.49 mi from I-35 exit 59 (node/187962896)
71914,36.846212,-87.463742,osm_fuel,high,way/1246870663,Huck's Food & Fuel,0.72,name match 0.20 mi from I-169 exit 8 (node/162930812)
71919,33.388591,-97.176840,osm_exit,high,node/81679656,I-35 exit 480,0.80,I-35 exit 480: 2 node(s) within 0.7 mi; no fuel station with the name within 1.5 mi
71924,41.192433,-79.425708,osm_exit,high,node/106196661,I-80 exit 60,4.48,I-80 exit 60: 2 node(s) within 0.2 mi; no fuel station with the name within 1.5 mi
71925,35.029682,-85.361305,osm_fuel,high,way/1447035242,QuikTrip,6.86,name match 0.11 mi from I-24 exit 175 (node/451068434)
71935,42.629193,-73.776032,osm_fuel,high,way/1185407902,Speedway,2.77,name match 0.20 mi from I-87 exit 23 (node/41286418)
71936,33.927324,-98.512890,osm_fuel,high,way/1273854077,QuikTrip,1.61,name match 0.12 mi from I-44 exit 1D (node/402512844)
71941,32.643074,-85.349565,osm_fuel,high,node/12512222340,RaceTrac,2.10,name match 0.22 mi from I-85 exit 62 (node/56855352)
71945,34.981988,-90.908592,osm_exit,high,node/118551517,I-40 exit 233,0.81,I-40 exit 233: 2 node(s) within 0.5 mi; no fuel station with the name within 1.5 mi
71947,41.033261,-81.867913,osm_exit,high,node/198629504,I-76/US-224 exit 2,0.87,I-76 exit 2: 2 node(s) within 0.4 mi; no fuel station with the name within 1.5 mi
71970,34.973734,-89.862166,osm_exit,high,node/124891573,US-78 exit 1 (Craft Road),1.72,US-78 exit 1: 2 node(s) within 0.5 mi; no fuel station with the name within 1.5 mi
71971,40.568049,-74.556612,osm_exit,high,node/105318927,I-287 exit 13B,1.02,I-287 exit 13B: 3 node(s) within 0.3 mi; no fuel station with the name within 1.5 mi
71976,30.462371,-81.674800,osm_fuel,high,way/1259760539,Love's,8.71,name match 0.15 mi from I-295 exit 33 (node/96563606)
71983,41.116056,-102.949856,osm_fuel,high,way/191655452,Maverik,1.59,name match 0.36 mi from I-80 exit 59 (node/133434871)
71995,35.009072,-105.668885,osm_fuel,high,way/340494077,Chevron,0.03,name match 0.04 mi from I-40 exit 218 (node/470278683)
71996,44.281584,-87.782749,osm_exit,high,node/231476713,I-43 exit 164,0.98,I-43 exit 164: 2 node(s) within 0.7 mi; no fuel station with the name within 1.5 mi
71999,34.891034,-82.157671,osm_fuel,high,way/1299353259,7-Eleven,2.85,name match 0.37 mi from I-85 exit 60 (node/114446889)
72001,36.345325,-86.715496,osm_exit,high,node/304907062,I-65 exit 98,1.06,I-65 exit 98: 2 node(s) within 0.3 mi; no fuel station with the name within 1.5 mi
72003,34.165639,-80.972185,osm_fuel,high,way/1271307282,7-Eleven,3.29,name match 0.29 mi from I-77 exit 24 (node/113931816)
72026,46.874659,-102.308133,osm_fuel,high,way/949416617,Cenex,1.62,name match 0.25 mi from I-94 exit 84 (node/77934027)
72031,46.976947,-96.881063,osm_fuel,high,way/286659882,Cenex,0.00,name match 0.19 mi from I-29/US-81 exit 72 (node/75123940)
72044,35.256169,-112.198454,osm_exit,high,node/1698541676,I-40 exit 163,1.08,I-40 exit 163: 2 node(s) within 0.8 mi; no fuel station with the name within 1.5 mi
72075,41.737374,-72.659425,osm_fuel,medium,way/916736454,Citgo,2.28,name match 0.21 mi from US-5 exit 87 (node/252665713); nearest of 4 matching sites
72078,26.322917,-98.147009,osm_exit,high,node/1201225700,I-69C/US-281 exit 9,0.51,I-69C exit 9: 2 node(s) within 1.3 mi; no fuel station with the name within 1.5 mi
72100,34.898666,-89.741963,osm_fuel,high,node/11047694341,Exxon,3.58,name match 0.25 mi from I-22/US-78 exit 10 (node/124883846)
72104,35.718688,-96.886476,osm_exit,high,node/454628444,I-44 exit 166,2.85,I-44 exit 166: 2 node(s) within 0.3 mi; no fuel station with the name within 1.5 mi
72111,35.206686,-101.658585,osm_exit,high,node/227790613,I-40 exit 81,9.70,I-40 exit 81: 2 node(s) within 0.6 mi; no fuel station with the name within 1.5 mi
72114,35.778336,-80.863853,osm_exit,high,node/171578241,I-77 exit 49B,0.56,I-77 exit 49B: 4 node(s) within 0.7 mi; no fuel station with the name within 1.5 mi
72132,38.009979,-84.204541,osm_exit,high,node/162987239,I-64 exit 94,0.92,I-64 exit 94: 2 node(s) within 0.5 mi; no fuel station with the name within 1.5 mi
72136,33.160306,-95.108142,osm_exit,high,node/228834288,I-30 exit 153,0.40,I-30 exit 153: 2 node(s) within 0.5 mi; no fuel station with the name within 1.5 mi
72142,41.725221,-85.890249,osm_fuel,high,way/1556773336,Casey's General Store,4.38,name match 0.34 mi from I-90E exit 96 (node/1412469305)
72148,32.469743,-99.991068,osm_exit,high,node/57654436,I-20/US-84 exit 270,1.17,I-20 exit 270: 2 node(s) within 0.7 mi; no fuel station with the name within 1.5 mi
72170,26.165697,-97.824832,osm_exit,high,node/1344365395,I-2/US-83 exit 168,0.72,I-2 exit 168: 1 node(s) within 0.0 mi; no fuel station with the name within 1.5 mi
72175,32.003414,-97.095945,osm_exit,medium,node/225331673,I-35/US-77 exit 368,13.58,I-35/US-77 exit 368: 3 node(s) within 1.7 mi; no fuel station with the name within 1.5 mi; 14 mi from the city
72180,35.393302,-94.595008,osm_exit,high,node/147764496,I-40 exit 321,0.71,I-40 exit 321: 2 node(s) within 0.3 mi; no fuel station with the name within 1.5 mi
72182,29.650944,-97.654627,osm_exit,high,node/151149092,I-10 exit 628,2.18,I-10 exit 628: 2 node(s) within 0.7 mi; no fuel station with the name within 1.5 mi
72192,41.174886,-73.163458,osm_exit,high,node/317693118,I-95 exit 30,1.89,I-95 exit 30: 2 node(s) within 0.7 mi; no fuel station with the name within 1.5 mi
72199,38.767377,-90.412125,osm_exit,high,node/193125568,I-270 exit 22B;22A,2.08,I-270 exit 22B: 2 node(s) within 0.7 mi; no fuel station with the name within 1.5 mi
72240,39.489039,-76.656676,osm_fuel,high,relation/13234445,Royal Farms,1.12,name match 0.51 mi from I-83 exit 20A (node/670419931)
72241,39.996262,-75.082790,osm_exit,high,node/109768772,I-95 exit 27,2.83,I-95 exit 27: 2 node(s) within 1.4 mi; no fuel station with the name within 1.5 mi
72243,37.978200,-85.691933,osm_fuel,high,way/1365093046,RaceTrac,0.59,name match 0.34 mi from I-65 exit 116 (node/162338779)
72262,37.307465,-77.401194,osm_fuel,high,node/6766714320,7-Eleven,3.17,name match 0.30 mi from I-95 exit 58 (node/209488940)
72266,35.193227,-86.868749,osm_fuel,high,node/2503437257,Shell,9.31,name match 0.29 mi from I-65 exit 14 (node/1762517227)
72267,42.091214,-88.335915,osm_fuel,high,node/9398464822,Shell,3.65,name match 0.64 mi from I-90 exit 52 (node/475134202)
72278,34.685669,-79.278406,osm_exit,high,node/620141638,I-74/US-74 exit 197,5.49,I-74 exit 197: 2 node(s) within 0.6 mi; no fuel station with the name within 1.5 mi
72281,39.452770,-76.304920,osm_fuel,high,way/257715862,Sunoco,2.29,name match 0.57 mi from I-95 exit 77B (node/1356134528)
72282,40.809096,-73.905615,osm_exit,medium,node/471244587+node/588113931,I-278 exit 48,3.48,"I-278 exit 48: 2 node(s) within 1.5 mi, midpoint of 2 exit nodes 1.5 mi apart; no fuel station with the name within 1.5 mi"
72288,41.671310,-83.693480,osm_exit,high,node/5500055222,I-475/US-23 exit 13,5.78,I-475 exit 13: 2 node(s) within 1.0 mi; no fuel station with the name within 1.5 mi
72303,31.585210,-89.241114,osm_fuel,high,way/903595186,Texaco,2.00,name match 0.11 mi from I-59 exit 85 (node/1868044514)
72309,33.996737,-86.087877,osm_exit,high,node/55473965,I-59 exit 181,4.17,I-59 exit 181: 2 node(s) within 0.4 mi; no fuel station with the name within 1.5 mi
72321,35.992710,-86.592442,osm_exit,high,node/203434375,I-24 exit 64,2.75,I-24 exit 64: 2 node(s) within 0.2 mi; no fuel station with the name within 1.5 mi
72326,38.958412,-85.849058,osm_fuel,high,node/9499760653,Circle K (ref 4700101),2.30,name match 0.30 mi from I-65 exit 50 (node/180028542); OSM has the store number
72347,42.262845,-84.756033,osm_fuel,high,node/8329355266,Marathon,1.05,name match 0.11 mi from I-94 exit 121 (node/183794307)
72351,40.452154,-86.849950,osm_fuel,high,way/1365688114,Love's,3.71,name match 0.21 mi from I-65 exit 175 (node/37990484)
72352,32.068465,-93.566579,osm_exit,high,node/115230183,I-49 exit 172,8.12,I-49 exit 172: 2 node(s) within 0.8 mi; no fuel station with the name within 1.5 mi
72361,41.106090,-100.731390,osm_exit,high,node/135022969,I-80 exit 179,1.64,I-80 exit 179: 2 node(s) within 0.6 mi; no fuel station with the name within 1.5 mi
72368,32.634892,-116.166139,osm_fuel,high,way/329357480,Chevron,1.43,name match 0.22 mi from I-8 exit 73 (node/49757318)
72372,32.378055,-98.825848,osm_exit,high,node/390917639,I-20 exit 340,1.73,I-20 exit 340: 2 node(s) within 0.6 mi; no fuel station with the name within 1.5 mi
72394,34.674665,-82.540028,osm_fuel,high,way/1259603796,Love's,4.68,name match 0.14 mi from I-85 exit 32 (node/109512811)
72410,42.272748,-88.964674,osm_exit,high,node/864584787,I-39/I-90/US-51 exit 15 (East State Street),5.14,I-90 exit 15: 2 node(s) within 0.5 mi; no fuel station with the name within 1.5 mi
72419,39.774408,-104.852079,osm_exit,high,node/176068068,I-70 exit 281,1.77,I-70/US-36 exit 281: 1 node(s) within 0.0 mi; no fuel station with the name within 1.5 mi
72435,37.680380,-113.079970,osm_exit,high,node/1878832922,I-15 exit 59,0.89,I-15 exit 59: 2 node(s) within 0.1 mi; no fuel station with the name within 1.5 mi
72438,41.873086,-87.864276,osm_fuel,high,way/1353225691,QuikTrip,0.91,name match 0.14 mi from I-290 exit 18A (node/345104451)
72442,40.218727,-79.609957,osm_fuel,high,node/11146335357,Sheetz (ref 00239),0.26,name match 0.12 mi from I-70 exit 57 (node/4966857950); OSM has the store number
72443,39.759775,-77.727791,osm_fuel,high,way/883982854,Sheetz,2.14,name match 0.16 mi from I-81 exit 3 (node/694537547)
72444,35.706660,-81.295288,osm_fuel,high,way/1348037573,Sheetz,2.63,name match 0.30 mi from I-40 exit 126 (node/169823427)
72445,41.126835,-80.767927,osm_fuel,high,way/1551432470,Sheetz,6.64,name match 0.20 mi from I-80 exit 223 (node/198479281)
72446,41.709638,-78.693679,osm_fuel,high,node/6865170142,Sheetz (ref 656),6.77,"store number and name match, 6.8 mi from city center (no exit in address)"
72456,34.896160,-82.163241,osm_fuel,high,way/1104397057,Spinx,4.47,name match 0.42 mi from I-85 exit 60 (node/114445536)
72459,26.493636,-81.788478,osm_fuel,medium,node/4969331822,7-Eleven,8.99,name match 0.97 mi from I-75 exit 128 (node/98283677); nearest of 2 matching sites
72462,45.776260,-111.198931,osm_exit,high,node/40668064,I-90 exit 298,1.09,I-90 exit 298: 2 node(s) within 1.1 mi; no fuel station with the name within 1.5 mi
72466,34.908316,-110.180203,osm_exit,high,node/175172075,I-40 exit 285,0.78,I-40 exit 285: 2 node(s) within 0.7 mi; no fuel station with the name within 1.5 mi
72467,40.188298,-77.239627,osm_fuel,high,node/8401234628,Sunoco,2.04,name match 0.31 mi from I-81 exit 44 (node/111267954)
72471,41.658221,-88.119467,osm_exit,high,node/339945713,I-55 exit 263,2.13,I-55 exit 263: 2 node(s) within 0.7 mi; no fuel station with the name within 1.5 mi
72476,46.838308,-100.878028,osm_exit,high,node/77094198,I-94 exit 153,0.74,I-94 exit 153: 2 node(s) within 0.4 mi; no fuel station with the name within 1.5 mi
72483,38.741594,-85.813830,osm_fuel,high,way/823985901,Circle K,0.21,name match 0.26 mi from I-65 exit 34A (node/181574942)
72486,39.740979,-104.432415,osm_fuel,high,node/11942273769,QuikTrip,0.20,name match 0.27 mi from I-70/SR-79 exit 304 (node/175854006)
72487,26.157048,-97.940914,osm_exit,medium,node/151246236+node/287940744,I-2/US-83 exit 161,1.75,"I-2 exit 161: 2 node(s) within 2.1 mi, midpoint of 2 exit nodes 2.1 mi apart; no fuel station with the name within 1.5 mi"
72488,37.130709,-113.525273,osm_fuel,high,way/1210471651,Maverik Truck and RV (brand Maverik),2.09,name match 0.24 mi from I-15 exit 10 (node/84255802)
72493,32.239328,-107.422590,osm_exit,medium,node/142771306,I-10 exit 102 (Akela),19.35,I-10 exit 102: 2 node(s) within 0.8 mi; no fuel station with the name within 1.5 mi; 19 mi from the city
72494,29.226457,-98.790953,osm_exit,medium,node/222085529+node/298017155,I-35 exit 131,0.52,"I-35 exit 131: 2 node(s) within 1.6 mi, midpoint of 2 exit nodes 1.6 mi apart; no fuel station with the name within 1.5 mi"
72496,31.601447,-96.155589,osm_exit,high,node/473331082,I-45 exit 189,7.62,I-45 exit 189: 2 node(s) within 0.6 mi; no fuel station with the name within 1.5 mi
72497,37.068086,-94.406907,osm_exit,high,node/5514521619,I-44/I-49/US-71 exit 13,5.22,I-44 exit 13: 2 node(s) within 0.4 mi; no fuel station with the name within 1.5 mi
72498,40.378309,-82.826022,osm_exit,high,node/198980959,I-71 exit 140,1.74,I-71 exit 140: 2 node(s) within 0.7 mi; no fuel station with the name within 1.5 mi
72501,41.365130,-89.130715,osm_exit,high,node/273152559,I-80 exit 75,0.67,I-80 exit 75: 2 node(s) within 0.5 mi; no fuel station with the name within 1.5 mi
72502,34.421618,-79.409892,osm_exit,high,node/1835823830,I-95 exit 190,2.33,I-95 exit 190: 2 node(s) within 0.5 mi; no fuel station with the name within 1.5 mi
72503,35.166158,-90.178971,osm_exit,high,node/445095717,I-40/I-55/US-78 exit 278,1.62,I-55 exit 278: 2 node(s) within 1.1 mi; no fuel station with the name within 1.5 mi
72550,36.664332,-114.567388,osm_exit,high,node/137148368,I-15 exit 91,3.07,I-15 exit 91: 2 node(s) within 0.3 mi; no fuel station with the name within 1.5 mi
72552,42.790846,-112.831360,osm_exit,high,node/131064300,I-86/US-30 exit 40,1.28,I-86 exit 40: 2 node(s) within 0.5 mi; no fuel station with the name within 1.5 mi
72553,40.853824,-82.261174,osm_exit,high,node/196136973,I-71 exit 186,2.97,I-71 exit 186: 2 node(s) within 0.3 mi; no fuel station with the name within 1.5 mi
72557,32.098587,-81.319867,osm_exit,high,node/384682341,I-16 exit 152,1.94,I-16 exit 152: 2 node(s) within 0.4 mi; no fuel station with the name within 1.5 mi
72559,32.547157,-90.091145,osm_exit,medium,node/282632569,I-55 exit 114,4.93,"I-55 exit 114A: 2 node(s) within 0.9 mi, exit letter differs; no fuel station with the name within 1.5 mi"
72561,40.086617,-104.990257,osm_fuel,high,way/795133036,7-Eleven,4.09,name match 0.60 mi from I-25 exit 235 (node/55722562)
72563,30.897708,-88.039347,osm_fuel,high,node/12013132245,RaceWay,2.40,name match 1.47 mi from I-65 exit 19 (node/57869316)
72566,39.455165,-108.043763,osm_fuel,high,way/1324454487,Love's,0.84,name match 0.29 mi from I-70 exit 75 (node/365526645)
72571,46.607056,-120.467684,osm_fuel,high,node/13128861903,Maverik,4.04,name match 0.81 mi from I-82 exit 33 (node/316134623)
72572,39.953492,-104.774409,osm_exit,high,node/175875853,I-76 exit 21,1.34,I-76 exit 21: 2 node(s) within 0.7 mi; no fuel station with the name within 1.5 mi
72574,32.266403,-109.847258,osm_fuel,high,node/12008950151,Love's,1.21,name match 0.29 mi from I-10 exit 340 (node/732767163)
72577,41.580499,-87.557644,osm_fuel,high,way/1329496126,QuikTrip,1.23,name match 0.34 mi from I-80 exit 161 (node/348225495)
72578,32.183408,-90.252982,osm_fuel,high,way/1414724287,QuikTrip,2.08,name match 0.32 mi from I-55 exit 85 (node/1285642777)
72581,43.297723,-73.682575,osm_fuel,high,node/7552732199,Fastrac,6.51,name match 0.26 mi from I-87 exit 18 (node/221338680)
72582,43.110078,-75.251384,osm_fuel,high,way/1424011915,Fastrac (ref 500242),1.59,"store number and name match, 1.6 mi from city center (no exit in address)"
72583,41.007233,-76.490697,osm_fuel,high,way/1268677224,Sheetz Semi Truck Fueling (brand Sheetz),1.81,name match 0.45 mi from I-80 exit 232 (node/60672812)
72585,42.280490,-87.911362,osm_exit,high,node/386503846,I-94 exit 16,2.83,I-94 exit 16: 1 node(s) within 0.0 mi; no fuel station with the name within 1.5 mi
72586,30.481896,-92.075918,osm_exit,high,node/123751743,I-49/US-167 exit 15,2.99,I-49 exit 15: 2 node(s) within 0.6 mi; no fuel station with the name within 1.5 mi
72587,32.449182,-100.402700,osm_exit,high,node/387561496,I-20/US-84 exit 244,1.44,I-20 exit 244: 2 node(s) within 0.7 mi; no fuel station with the name within 1.5 mi
72591,33.601136,-86.317173,osm_exit,high,node/61389027,I-20 exit 156,4.18,I-20 exit 156: 2 node(s) within 0.5 mi; no fuel station with the name within 1.5 mi
72603,39.772114,-86.036693,osm_fuel,high,way/359904423,Thornton's (brand Thorntons),5.81,name match 0.35 mi from I-465 exit 46 (node/180369786)
72610,35.701535,-90.047996,osm_exit,high,node/117819660,I-55/US-78 exit 48,3.44,I-55 exit 48: 2 node(s) within 0.6 mi; no fuel station with the name within 1.5 mi
72637,36.002723,-83.780188,osm_exit,high,node/202783664,I-40 exit 398 (Strawberry Plains Pike),9.71,I-40 exit 398: 2 node(s) within 0.5 mi; no fuel station with the name within 1.5 mi
72644,40.480693,-104.993333,osm_fuel,high,node/11408622653,Maverik (ref 642),5.99,name match 0.29 mi from I-25 exit 262 (node/50948722); OSM has the store number
72645,32.425113,-111.160227,osm_fuel,high,way/1461366621,Maverik,3.17,name match 0.31 mi from I-10 exit 240 (node/175150023)
72650,28.423434,-99.251102,osm_exit,high,node/1110039539,I-35 exit 65,1.25,I-35 exit 65: 2 node(s) within 0.8 mi; no fuel station with the name within 1.5 mi
72651,32.098587,-81.319867,osm_exit,high,node/384682341,I-16 exit 152,1.94,I-16 exit 152: 2 node(s) within 0.4 mi; no fuel station with the name within 1.5 mi
72653,34.947515,-89.833784,osm_exit,high,node/124883390,US-78 exit 4,0.71,US-78 exit 4: 2 node(s) within 0.4 mi; no fuel station with the name within 1.5 mi
72664,32.761558,-96.995669,osm_fuel,high,way/495771947,RaceTrac,5.89,name match 1.42 mi from I-30 exit 32B (node/81610159)
72666,31.138175,-83.442101,osm_fuel,high,node/13907912057,Circle K,1.35,name match 0.28 mi from I-75/SR-401 exit 39 (node/1448238601)
72667,33.828827,-93.395215,osm_fuel,high,way/224315972,Love's,1.71,name match 0.21 mi from I-30 exit 46 (node/117936932)
72668,31.426040,-110.964054,osm_exit,high,node/340079598,I-19 exit 12,4.75,I-19 exit 12: 2 node(s) within 0.5 mi; no fuel station with the name within 1.5 mi
72674,38.304955,-88.948791,osm_exit,high,node/234915410,I-57/I-64 exit 94,1.81,I-64 exit 94: 2 node(s) within 0.8 mi; no fuel station with the name within 1.5 mi
72675,41.050623,-102.065335,osm_exit,high,node/133858717,I-80 exit 107,0.85,I-80 exit 107: 2 node(s) within 0.7 mi; no fuel station with the name within 1.5 mi
72676,43.636514,-95.595838,osm_fuel,high,way/1365597061,Kwik Trip,0.57,name match 0.14 mi from I-90 exit 43 (node/187593279)
72681,39.797812,-105.024322,osm_fuel,high,node/13996775001,Maverik,8.00,name match 0.36 mi from I-76 exit 3 (node/175877822)
72682,40.356855,-111.786361,osm_fuel,medium,way/1315622828,Maverik,1.52,name match 0.28 mi from I-15 exit 276 (node/84235312); nearest of 2 matching sites
72685,29.178252,-98.849160,osm_exit,high,node/227091738,I-35 exit 127,0.53,I-35 exit 127: 2 node(s) within 0.9 mi; no fuel station with the name within 1.5 mi
72688,39.895369,-83.720046,osm_fuel,high,way/1347238799,Sheetz (ref 772),4.56,name match 0.30 mi from I-70 exit 59 (node/196789112); OSM has the store number
72689,29.571339,-98.011317,osm_fuel,high,way/1333272883,Road Ranger,2.88,name match 0.62 mi from I-10 exit 605 (node/151169615)
72690,41.368392,-72.203207,osm_exit,high,node/314145988,I-95 exit 75,1.72,I-95 exit 75: 2 node(s) within 0.4 mi; no fuel station with the name within 1.5 mi
72694,34.678498,-82.207188,osm_fuel,high,way/1182215332,7-Eleven,1.29,name match 0.29 mi from I-385 exit 23 (node/112655707)
72695,32.491470,-94.352901,osm_exit,high,node/225073617,I-20 exit 617,3.30,I-20 exit 617: 2 node(s) within 0.6 mi; no fuel station with the name within 1.5 mi
72696,32.830236,-83.732101,osm_exit,high,node/66309306,I-475 exit 5,5.83,I-475/SR-408 exit 5: 2 node(s) within 0.5 mi; no fuel station with the name within 1.5 mi
72698,30.424351,-89.132351,osm_exit,high,node/125108098,I-10 exit 31,3.79,I-10 exit 31: 2 node(s) within 0.8 mi; no fuel station with the name within 1.5 mi
72699,41.933292,-88.041192,osm_fuel,high,way/1415410944,QuikTrip,1.66,name match 0.34 mi from I-355 exit 29 (node/237607533)
72701,38.258209,-90.402698,osm_exit,high,node/457557459,I-55 exit 178,0.52,I-55 exit 178: 2 node(s) within 0.4 mi; no fuel station with the name within 1.5 mi
72702,32.596410,-93.829123,osm_fuel,high,way/1355059988,Love's (operator Love's Travel Stops & Country Stores),9.20,name match 0.41 mi from I-49 exit 215 (node/3938739121)
72706,36.483342,-80.755635,osm_fuel,high,node/11741161838,Sheetz,8.03,name match 0.26 mi from I-77 exit 100 (node/173428022)
72707,39.059749,-104.853472,osm_exit,high,node/55710502,I-25 exit 158,1.13,I-25 exit 158: 2 node(s) within 0.6 mi; no fuel station with the name within 1.5 mi
72710,43.581079,-96.710212,osm_fuel,high,way/1462732065,Kwik Star,2.99,name match 0.85 mi from I-229 exit 9 (node/80641222)
72715,34.909889,-114.153230,osm_exit,high,node/283117182,I-40 exit 28,3.27,I-40 exit 28: 2 node(s) within 0.6 mi; no fuel station with the name within 1.5 mi
72719,36.886410,-113.937247,osm_exit,high,node/174935709,I-15 exit 8,1.42,I-15 exit 8: 2 node(s) within 0.8 mi; no fuel station with the name within 1.5 mi
72723,35.039282,-110.704022,osm_exit,high,node/1740917355,I-40/US-180 exit 253,1.08,I-40 exit 253: 2 node(s) within 0.7 mi; no fuel station with the name within 1.5 mi
72724,35.219450,-112.480130,osm_exit,high,node/1832066724,I-40 exit 146,0.65,I-40 exit 146: 2 node(s) within 0.9 mi; no fuel station with the name within 1.5 mi
72732,41.686364,-93.575986,osm_exit,high,node/160858465,I-35 exit 89,3.36,I-35 exit 89: 2 node(s) within 0.9 mi; no fuel station with the name within 1.5 mi
72735,33.459769,-80.722720,osm_fuel,high,node/11683399359,7-Eleven,8.63,name match 0.38 mi from I-26 exit 154B (node/1913646709)
72736,32.496434,-82.974895,osm_exit,high,node/70840234,I-16 exit 49,3.81,I-16 exit 49: 2 node(s) within 0.5 mi; no fuel station with the name within 1.5 mi
72737,33.511541,-82.450884,osm_exit,high,node/71188448,I-20 exit 175,3.88,I-20 exit 175: 2 node(s) within 0.6 mi; no fuel station with the name within 1.5 mi
72740,40.692445,-99.378486,osm_fuel,high,node/14040153523,Casey's,1.92,name match 0.27 mi from I-80 exit 257 (node/133029127)
72741,41.116053,-88.420292,osm_exit,high,node/481303348,I-55 exit 220,1.20,I-55 exit 220: 2 node(s) within 0.6 mi; no fuel station with the name within 1.5 mi
72742,33.630248,-84.300706,osm_exit,high,node/67424178,I-675 exit 7,1.57,I-675 exit 7: 2 node(s) within 0.6 mi; no fuel station with the name within 1.5 mi
72746,33.000895,-80.092121,osm_fuel,high,node/11997627756,Parker's Kitchen,1.09,name match 1.45 mi from I-26 exit 205A (node/318623336)
72747,35.505835,-108.826545,osm_fuel,high,node/13826033394,One 9 Fuel Stop,4.69,name match 0.21 mi from I-40 exit 16 (node/610488018)
72750,32.008887,-97.097932,osm_fuel,high,node/12396353402,QuikTrip,1.04,name match 0.40 mi from I-35 exit 368 (node/225331673)
72752,30.801198,-88.108268,osm_fuel,high,way/1314641404,QuikTrip,3.68,name match 0.45 mi from I-65 exit 13 (node/57898444)
72753,35.193371,-101.779128,osm_fuel,high,way/1464022385,QuikTrip,2.92,name match 0.26 mi from I-40 exit 73 (node/227805525)
72755,39.827385,-86.032845,osm_exit,high,node/180359418,I-465/I-69 exit 42,6.95,I-465 exit 42: 2 node(s) within 0.6 mi; no fuel station with the name within 1.5 mi
72756,41.658346,-86.894268,osm_exit,high,node/410649716,I-94 exit 34A,3.76,I-94 exit 34A: 4 node(s) within 0.4 mi; no fuel station with the name within 1.5 mi
72757,30.467321,-89.688453,osm_fuel,high,node/13759161246,Love's,4.51,name match 0.08 mi from I-59 exit 1 (node/126079813)
72758,32.491470,-94.352901,osm_exit,high,node/225073617,I-20 exit 617,3.30,I-20 exit 617: 2 node(s) within 0.6 mi; no fuel station with the name within 1.5 mi
72767,40.203543,-104.987114,osm_fuel,high,way/1446116238,QuikTrip,1.62,name match 0.49 mi from I-25 exit 243 (node/55740184)
72768,41.205192,-87.870430,osm_fuel,high,node/12287573106,Road Ranger,1.63,name match 0.33 mi from I-57 exit 318 (node/6069326585)
72770,33.195554,-80.605095,osm_exit,high,node/112067772,I-95 exit 77,1.62,I-95 exit 77: 2 node(s) within 0.2 mi; no fuel station with the name within 1.5 mi
72771,34.794703,-82.420086,osm_fuel,high,way/1303256522,RaceTrac,4.36,name match 0.36 mi from I-85 exit 44A (node/113025401)
72773,32.656310,-96.744781,osm_exit,high,node/4959211088,I-20 exit 472,9.55,I-20 exit 472: 2 node(s) within 0.7 mi; no fuel station with the name within 1.5 mi
72775,32.475995,-99.699473,osm_exit,medium,node/57686294+node/57687084,I-20 exit 288,2.70,"I-20 exit 288: 2 node(s) within 3.0 mi, midpoint of 2 exit nodes 3.0 mi apart; no fuel station with the name within 1.5 mi"
72779,42.491677,-88.988411,osm_fuel,high,node/12681233049,Kwik Star,2.04,name match 0.37 mi from I-90/I-39 exit 1 (node/258486761)
72781,39.982154,-81.733137,osm_fuel,high,way/1234978226,Sheetz (ref 774),0.84,"store number and name match, 0.8 mi from city center (no exit in address)"
72782,41.109980,-80.886716,osm_fuel,high,way/1479362293,Sheetz,1.68,name match 0.34 mi from I-76 exit 57 (node/198481141)
72783,39.960853,-83.370080,osm_fuel,high,node/12073249408,Sheetz (ref 770),5.95,"store number and name match, 5.9 mi from city center (no exit in address)"
72784,41.771647,-107.088753,osm_exit,high,node/483415362,I-80/US-287/US-30 exit 221,7.06,I-80/US-30 exit 221: 2 node(s) within 0.8 mi; no fuel station with the name within 1.5 mi
72786,38.041503,-97.320701,osm_fuel,high,way/1495324716,QuikTrip,1.35,name match 0.28 mi from I-135 exit 31 (node/120527781)
72787,35.362673,-97.495656,osm_fuel,high,way/1377935596,QuikTrip,7.28,name match 0.08 mi from I-35 exit 118 (node/145150972)
72788,39.799233,-104.985761,osm_exit,high,node/175847236,I-25 exit 215,6.13,I-25 exit 215: 2 node(s) within 0.4 mi; no fuel station with the name within 1.5 mi
72792,43.109612,-78.994878,osm_exit,high,node/281667543,I-190 exit 23,1.53,I-190 exit 23: 2 node(s) within 0.5 mi; no fuel station with the name within 1.5 mi
72793,48.984554,-122.733184,osm_exit,high,node/37011528,I-5 exit 275,0.73,I-5 exit 275: 1 node(s) within 0.0 mi; no fuel station with the name within 1.5 mi
72797,45.667582,-94.816839,osm_exit,high,node/527843360,I-94 exit 135,0.66,I-94 exit 135: 2 node(s) within 0.5 mi; no fuel station with the name within 1.5 mi
72799,41.823911,-89.475422,osm_fuel,high,node/13352461977,Casey's (brand Casey's General Store),1.34,name match 0.39 mi from I-88/SR-26 exit 54 (node/459409980)
72801,35.081225,-91.903412,osm_fuel,high,node/13273258365,Casey's General Store,0.62,name match 0.31 mi from US-64 exit 29 (node/474763323)
72802,42.037051,-71.306026,osm_exit,medium,node/1930556664,I-495 exit 36A (old exit 14A),2.35,I-495 exit 36A: 4 node(s) within 0.3 mi; MA renumbered its exits; no fuel station with the name within 1.5 mi
72803,30.505358,-99.770770,osm_exit,high,node/151643504,I-10/US-83 exit 456,1.02,I-10/US-83 exit 456: 2 node(s) within 0.6 mi; no fuel station with the name within 1.5 mi
72804,36.153987,-86.757316,osm_exit,high,node/202441740,I-24/I-40 exit 211,1.72,I-24 exit 211: 1 node(s) within 0.0 mi; no fuel station with the name within 1.5 mi
72806,32.894954,-93.866420,osm_fuel,high,way/1372919676,TA,1.13,name match 0.50 mi from I-49 exit 237 (node/2184712115)
72809,29.751939,-81.348302,osm_exit,medium,node/100127362,I-95 exit 305 (old exit 93),10.21,I-95 exit 305: 2 node(s) within 0.6 mi; no fuel station with the name within 1.5 mi; 10 mi from the city
72810,36.160198,-95.921852,osm_fuel,medium,relation/9786128,QuikTrip,2.48,name match 0.24 mi from I-244/US-412 exit 10 (node/148507884); nearest of 4 matching sites
72814,33.791953,-97.134813,osm_exit,high,node/146560289,I-35 exit 5,0.40,I-35 exit 5: 2 node(s) within 0.4 mi; no fuel station with the name within 1.5 mi
72815,40.132022,-88.244531,osm_fuel,high,relation/19973992,QuikTrip,2.02,name match 0.29 mi from I-74 exit 182 (node/37952425)
72816,35.130794,-101.902345,osm_fuel,high,node/13132068836,QuikTrip,6.28,name match 0.37 mi from I-27 exit 117 (node/227897914)
72817,30.965219,-97.528615,osm_fuel,high,node/13643950895,QuikTrip,1.16,name match 0.13 mi from I-35 exit 285 (node/149230923)
72818,32.329823,-86.334024,osm_exit,high,node/58893245,I-65/US-82 exit 168,4.10,I-65 exit 168: 2 node(s) within 0.4 mi; no fuel station with the name within 1.5 mi
72830,31.406217,-103.550221,osm_exit,high,node/317529027,I-20 exit 37,3.55,I-20 exit 37: 2 node(s) within 0.4 mi; no fuel station with the name within 1.5 mi
72861,33.184671,-87.268614,osm_fuel,high,node/13818717846,Sprint Mart,2.54,name match 0.26 mi from I-20 exit 89 (node/64189648)
72867,46.574431,-111.977311,osm_fuel,high,node/13900340502,Maverik,2.45,name match 0.31 mi from I-15 exit 190 (node/1108665183)
72868,43.469272,-112.057163,osm_fuel,high,way/1028124410,Maverik,1.78,name match 1.29 mi from I-15 exit 116 (node/1450995093)
72869,44.293197,-105.449206,osm_fuel,high,way/1312140617,Maverik,2.84,name match 0.35 mi from I-90 exit 129 (node/498182847)
72871,32.687862,-114.584279,osm_fuel,high,node/13371112933,Maverik,3.48,name match 0.21 mi from I-8 exit 3 (node/320728806)
72873,42.272942,-88.959249,osm_fuel,high,way/1390820521,QuikTrip,5.41,name match 0.28 mi from I-39 exit 15 (node/864584787)
72874,29.731120,-98.073839,osm_exit,medium,node/150152576+node/9485748365,I-35 exit 191,3.31,"I-35 exit 191: 2 node(s) within 2.5 mi, midpoint of 2 exit nodes 2.5 mi apart; no fuel station with the name within 1.5 mi"
72876,34.682492,-82.199610,osm_fuel,high,way/1275885756,QuikTrip,0.99,name match 0.30 mi from I-385 exit 23 (node/112655707)
72877,30.578947,-88.174230,osm_exit,high,node/57919124,I-10 exit 15A,2.89,I-10 exit 15A: 4 node(s) within 0.5 mi; no fuel station with the name within 1.5 mi
72882,35.420988,-96.298370,osm_fuel,high,way/1319258092,Casey's General Store,0.58,name match 0.18 mi from I-40 exit 221 (node/147433554)
72884,30.652081,-87.761117,osm_exit,high,node/51901849,I-10 exit 44,2.60,I-10 exit 44: 2 node(s) within 0.3 mi; no fuel station with the name within 1.5 mi
72891,41.673072,-87.661813,osm_exit,high,node/938138777,I-57 exit 354,3.89,I-57 exit 354: 2 node(s) within 0.8 mi; no fuel station with the name within 1.5 mi
72905,28.990841,-98.431023,osm_exit,high,node/311547872,I-37 exit 109,4.34,I-37 exit 109: 2 node(s) within 0.6 mi; no fuel station with the name within 1.5 mi
72906,38.219631,-104.618035,osm_exit,high,node/177886179,I-25 exit 94,3.45,I-25 exit 94: 2 node(s) within 0.5 mi; no fuel station with the name within 1.5 mi
72908,35.290845,-81.188440,osm_fuel,medium,way/1170409892,QuikTrip,2.90,name match 0.45 mi from I-85 exit 17B (node/170752756); nearest of 2 matching sites
72909,40.843733,-96.737920,osm_fuel,high,node/2080816975,Fat Dogs (brand Gulf),4.03,name match 0.19 mi from I-80 exit 399 (node/134942604)
72910,41.224322,-112.011249,osm_exit,high,node/303688541,I-15/I-84 exit 343,2.26,I-15 exit 343: 2 node(s) within 0.7 mi; no fuel station with the name within 1.5 mi
72912,38.932358,-111.861987,osm_exit,high,node/292057382,I-70/US-89 exit 56,0.48,I-70 exit 56: 2 node(s) within 0.8 mi; no fuel station with the name within 1.5 mi
72918,31.955762,-83.750759,osm_exit,high,node/68026843,I-75 exit 101,1.13,I-75 exit 101: 2 node(s) within 0.6 mi; no fuel station with the name within 1.5 mi
72919,39.736733,-84.204899,osm_exit,high,node/410404095,I-75 exit 51,3.33,I-75 exit 51: 2 node(s) within 0.4 mi; no fuel station with the name within 1.5 mi
72920,38.789883,-90.606424,osm_fuel,high,way/587928823,Circle K,0.59,name match 0.75 mi from I-70 exit 224 (node/418777281)
72921,38.222772,-91.158072,osm_exit,high,node/958192178,I-44 exit 226,0.75,I-44 exit 226: 2 node(s) within 0.4 mi; no fuel station with the name within 1.5 mi
72939,33.803876,-84.409857,osm_exit,high,node/69108107,I-75 exit 252B,2.92,I-75 exit 252B: 3 node(s) within 0.5 mi; no fuel station with the name within 1.5 mi
72963,38.876981,-104.836827,osm_fuel,medium,way/425752927,Maverik,4.15,name match 0.14 mi from I-25 exit 145 (node/55684278); nearest of 2 matching sites
72970,43.015180,-85.761596,osm_fuel,high,node/8196720592,Pacific Pride,6.53,name match 0.33 mi from I-96 exit 26 (node/184740092)
72972,37.078287,-94.111092,osm_exit,high,node/190950360,I-44 exit 29,1.10,I-44 exit 29: 2 node(s) within 0.5 mi; no fuel station with the name within 1.5 mi
72975,34.940672,-78.926366,osm_fuel,high,node/12073249369,Sheetz (ref 804),2.74,name match 0.33 mi from I-95 exit 41 (node/170222605); OSM has the store number
72976,30.231806,-92.526810,osm_exit,high,node/1920392274,I-10 exit 72,1.31,I-10 exit 72: 2 node(s) within 0.5 mi; no fuel station with the name within 1.5 mi
72979,41.113915,-87.835367,osm_exit,high,node/235091514,I-57 exit 312,1.70,I-57 exit 312: 2 node(s) within 0.6 mi; no fuel station with the name within 1.5 mi
72990,35.804249,-90.628578,osm_exit,high,node/116762796,I-555/US-78 exit 39,3.02,I-555 exit 39: 2 node(s) within 0.6 mi; no fuel station with the name within 1.5 mi
72993,38.075160,-84.502623,osm_exit,high,node/163417109,SR-4 exit 8,6.13,SR-4 exit 8: 2 node(s) within 0.4 mi; no fuel station with the name within 1.5 mi
72995,44.784665,-117.807814,osm_fuel,high,node/13208831054,Love's,1.35,name match 0.24 mi from I-84 exit 304 (node/765378912)
72996,40.963406,-80.658420,osm_fuel,high,way/1380115090,Love's,1.15,name match 0.36 mi from I-76 exit 232 (node/198480221)
73007,33.155434,-84.871366,osm_exit,high,node/73000752,I-85 exit 28,1.99,I-85 exit 28: 2 node(s) within 0.7 mi; no fuel station with the name within 1.5 mi
73013,35.053047,-90.694659,osm_exit,high,node/118536184,I-40 exit 247,2.16,I-40 exit 247: 2 node(s) within 0.7 mi; no fuel station with the name within 1.5 mi
73021,44.829181,-93.292575,osm_exit,high,node/414987895,I-35W exit 6,9.34,I-35W exit 6: 2 node(s) within 0.4 mi; no fuel station with the name within 1.5 mi
73028,35.970170,-114.913655,osm_exit,high,node/5638788552,I-11/US-93/US-95 exit 15A,6.87,I-11 exit 15A: 3 node(s) within 0.6 mi; no fuel station with the name within 1.5 mi
73029,31.394486,-97.208558,osm_exit,medium,node/236159625+node/5110240617,I-35 exit 323,0.79,"I-35 exit 323: 2 node(s) within 1.5 mi, midpoint of 2 exit nodes 1.5 mi apart; no fuel station with the name within 1.5 mi"
73030,42.233648,-88.815982,osm_exit,high,node/233811665,I-90 exit 25,4.28,I-90 exit 25: 2 node(s) within 0.4 mi; no fuel station with the name within 1.5 mi
73037,32.541609,-92.712242,osm_exit,high,node/115700780,I-20 exit 81,4.52,I-20 exit 81: 2 node(s) within 0.4 mi; no fuel station with the name within 1.5 mi
73039,35.078740,-82.059622,osm_exit,high,node/114159975,I-26 exit 10,2.83,I-26 exit 10: 2 node(s) within 0.4 mi; no fuel station with the name within 1.5 mi
73043,35.621211,-105.205223,osm_fuel,high,node/13769097683,Maverik,1.31,name match 0.12 mi from I-25 exit 347 (node/497150147)
73044,43.528762,-112.024234,osm_fuel,high,node/13819603120,Maverik,2.76,name match 0.25 mi from US-20 exit 310 (node/127284465)
73047,39.752917,-86.220449,osm_exit,high,node/180385563,I-70 exit 77,4.28,I-70 exit 77: 2 node(s) within 0.6 mi; no fuel station with the name within 1.5 mi
73053,45.752065,-108.541568,osm_exit,high,node/418889489,I-90/US-212 exit 447,2.57,I-90/US-212 exit 447: 2 node(s) within 0.6 mi; no fuel station with the name within 1.5 mi
73056,35.112807,-78.968451,osm_exit,medium,node/2238138065+node/4249550743,I-295 exit 21A-B-C,2.10,"I-295 exit 21A: 2 node(s) within 2.0 mi, midpoint of 2 exit nodes 2.0 mi apart; no fuel station with the name within 1.5 mi"
73059,40.795383,-81.389763,osm_exit,high,node/200038793,I-77/US-62 exit 105,1.45,I-77/US-62 exit 105: 2 node(s) within 0.7 mi; no fuel station with the name within 1.5 mi
73063,45.336057,-93.007593,osm_fuel,high,node/886678428,Holiday,17.04,name match 0.26 mi from I-35 exit 135 (node/186541216)
73064,35.775256,-80.309669,osm_exit,high,node/170342528,I-85 exit 88,2.50,I-85 exit 88: 2 node(s) within 0.5 mi; no fuel station with the name within 1.5 mi
73065,34.141403,-84.744237,osm_fuel,high,node/11931651369,Racetrac (brand RaceTrac),0.71,name match 0.36 mi from I-75 exit 285 (node/330753839)
73066,32.135297,-110.882659,osm_fuel,high,way/1415388536,QuikTrip,1.41,name match 0.34 mi from I-10 exit 267 (node/175136913)
73067,46.055514,-96.835773,osm_exit,high,node/77519827,I-29/US-81 exit 8,2.94,I-29 exit 8: 2 node(s) within 0.5 mi; no fuel station with the name within 1.5 mi
73072,41.455241,-87.747033,osm_fuel,high,way/1450087651,QuikTrip,1.86,name match 0.66 mi from I-57 exit 337 (node/5218001009)
73073,32.488362,-82.939636,osm_exit,high,node/70825813,I-16 exit 51,3.32,I-16/SR-404 exit 51: 2 node(s) within 0.5 mi; no fuel station with the name within 1.5 mi
73078,33.710886,-116.178582,osm_fuel,high,node/12585535107,Shelee's travel center,2.48,name match 0.29 mi from I-10 exit 146 (node/54243618)
73079,33.295563,-111.971889,osm_exit,high,node/255717437,I-10 exit 160,6.99,I-10 exit 160: 2 node(s) within 1.0 mi; no fuel station with the name within 1.5 mi
73080,31.450253,-83.532774,osm_fuel,high,way/316471352,Circle K,1.09,name match 1.39 mi from I-75 exit 60 (node/4374914941)
73081,35.387432,-99.405648,osm_exit,high,node/144678246,I-40/SR-34 exit 38,1.31,I-40 exit 38: 2 node(s) within 0.5 mi; no fuel station with the name within 1.5 mi
73083,41.728862,-91.642390,osm_exit,high,node/160073042,I-380/SR-27/US-218 exit 2,1.91,I-380 exit 2: 2 node(s) within 0.8 mi; no fuel station with the name within 1.5 mi
73085,30.783671,-83.298732,osm_exit,high,node/71014890,I-75 exit 13,4.74,I-75 exit 13: 2 node(s) within 0.8 mi; no fuel station with the name within 1.5 mi
73088,32.179198,-81.457294,osm_exit,high,node/66495015,I-16 exit 143,4.19,I-16 exit 143: 2 node(s) within 0.5 mi; no fuel station with the name within 1.5 mi
73090,35.297857,-82.403142,osm_fuel,high,node/13841955926,QuikTrip,3.47,name match 0.23 mi from I-26 exit 53 (node/455864547)
73093,41.621341,-88.011860,osm_exit,high,node/374063048,I-355 exit 7,2.29,I-355 exit 7: 2 node(s) within 1.3 mi; no fuel station with the name within 1.5 mi
73100,40.741343,-111.947127,osm_fuel,medium,way/726174448,Maverik,2.60,name match 0.30 mi from I-215 exit 21 (node/5793152138); nearest of 4 matching sites; a site of another store set aside
73101,40.111926,-104.526491,osm_exit,high,node/55758514,I-76 exit 39,3.57,I-76 exit 39: 2 node(s) within 0.6 mi; no fuel station with the name within 1.5 mi
73103,33.546206,-83.199659,osm_exit,high,node/69661141,I-20 exit 130,1.35,I-20 exit 130: 2 node(s) within 0.7 mi; no fuel station with the name within 1.5 mi
73112,35.398249,-82.504716,osm_exit,high,node/171704029,I-26/US-25/US-74 exit 44 (old exit 13),5.79,I-26 exit 44: 2 node(s) within 0.4 mi; no fuel station with the name within 1.5 mi
73114,32.131456,-96.959893,osm_exit,high,node/82147172,I-35E exit 381,0.90,I-35E exit 381: 2 node(s) within 0.7 mi; no fuel station with the name within 1.5 mi
73119,43.599262,-116.558347,osm_exit,high,node/127773831,I-84/SR-55/US-30 exit 36,0.93,I-84 exit 36: 2 node(s) within 0.6 mi; no fuel station with the name within 1.5 mi
73127,41.801555,-87.762310,osm_fuel,medium,way/1525324934,Gas N Wash Trucks,4.68,name match 0.62 mi from I-55 exit 285 (node/347276200); nearest of 2 matching sites
73130,32.288925,-96.550546,osm_exit,high,node/82129212,I-45/US-287 exit 246,5.47,I-45 exit 246: 2 node(s) within 0.8 mi; no fuel station with the name within 1.5 mi
73131,35.608122,-80.516295,osm_fuel,high,node/12372335623,Sheetz,4.22,name match 0.32 mi from I-85 exit 71 (node/173086223)
